2026-09-01T16:47:31.723051+00:00	5b4f42435d20524541445920626f6172643d4e55434c454f2d46343131524520726f6c653d434f4e54524f4c4c455220626175643d3131353230300d0a	[OBC] READY board=NUCLEO-F411RE role=CONTROLLER baud=115200\r\n
2026-09-01T16:47:31.736823+00:00	5b4f42435d205041594c4f41445f4c494e4b5f535441525420626175643d3131353230300d0a	[OBC] PAYLOAD_LINK_START baud=115200\r\n
2026-09-01T16:47:31.743103+00:00	5b4f42435d205041594c4f41445f4143434550544544207365713d30206d6f64653d300d0a	[OBC] PAYLOAD_ACCEPTED seq=0 mode=0\r\n
2026-09-01T16:47:31.807640+00:00	5b4f42435d205041594c4f41445f4f4e4c494e45207365713d302073616d706c653d312073656e736f723d3234373735206d6f64653d300d0a	[OBC] PAYLOAD_ONLINE seq=0 sample=1 sensor=24775 mode=0\r\n
2026-09-01T16:47:32.243252+00:00	5b4f42435d205041594c4f41445f4143434550544544207365713d31206d6f64653d300d0a	[OBC] PAYLOAD_ACCEPTED seq=1 mode=0\r\n
2026-09-01T16:47:32.740176+00:00	5b4f42435d205041594c4f41445f4143434550544544207365713d32206d6f64653d300d0a	[OBC] PAYLOAD_ACCEPTED seq=2 mode=0\r\n
2026-09-01T16:47:33.239416+00:00	5b4f42435d205041594c4f41445f4143434550544544207365713d33206d6f64653d300d0a	[OBC] PAYLOAD_ACCEPTED seq=3 mode=0\r\n
2026-09-01T16:47:33.731840+00:00	5b4f42435d205041594c4f41445f4143434550544544207365713d34206d6f64653d300d0a	[OBC] PAYLOAD_ACCEPTED seq=4 mode=0\r\n
2026-09-01T16:47:34.228858+00:00	5b4f42435d205041594c4f41445f4143434550544544207365713d35206d6f64653d300d0a	[OBC] PAYLOAD_ACCEPTED seq=5 mode=0\r\n
2026-09-01T16:47:34.724148+00:00	5b4f42435d205041594c4f41445f4143434550544544207365713d36206d6f64653d300d0a	[OBC] PAYLOAD_ACCEPTED seq=6 mode=0\r\n
2026-09-01T16:47:35.222014+00:00	5b4f42435d205041594c4f41445f4143434550544544207365713d37206d6f64653d300d0a	[OBC] PAYLOAD_ACCEPTED seq=7 mode=0\r\n
2026-09-01T16:47:35.717614+00:00	5b4f42435d205041594c4f41445f4143434550544544207365713d38206d6f64653d300d0a	[OBC] PAYLOAD_ACCEPTED seq=8 mode=0\r\n
2026-09-01T16:47:36.213010+00:00	5b4f42435d205041594c4f41445f4143434550544544207365713d39206d6f64653d300d0a	[OBC] PAYLOAD_ACCEPTED seq=9 mode=0\r\n
2026-09-01T16:47:36.710172+00:00	5b4f42435d205041594c4f41445f5354415455532073746174653d4f4e4c494e4520706f6c6c733d3130206f6b3d31302074696d656f75743d30206372633d30207365713d30207265636f766572793d30206865617274626561743d4f4b207761746368646f673d4f4b0d0a	[OBC] PAYLOAD_STATUS state=ONLINE polls=10 ok=10 timeout=0 crc=0 seq=0 recovery=0 heartbeat=OK watchdog=OK\r\n
2026-09-01T16:47:36.710172+00:00	5b4f42435d205041594c4f41445f4143434550544544207365713d3130206d6f64653d300d0a	[OBC] PAYLOAD_ACCEPTED seq=10 mode=0\r\n
2026-09-01T16:47:37.209133+00:00	5b4f42435d205041594c4f41445f4143434550544544207365713d3131206d6f64653d300d0a	[OBC] PAYLOAD_ACCEPTED seq=11 mode=0\r\n
2026-09-01T16:47:37.703918+00:00	5b4f42435d205041594c4f41445f4143434550544544207365713d3132206d6f64653d300d0a	[OBC] PAYLOAD_ACCEPTED seq=12 mode=0\r\n
2026-09-01T16:47:38.198501+00:00	5b4f42435d205041594c4f41445f4143434550544544207365713d3133206d6f64653d300d0a	[OBC] PAYLOAD_ACCEPTED seq=13 mode=0\r\n
2026-09-01T16:47:38.693849+00:00	5b4f42435d205041594c4f41445f4143434550544544207365713d3134206d6f64653d300d0a	[OBC] PAYLOAD_ACCEPTED seq=14 mode=0\r\n
2026-09-01T16:47:39.126284+00:00	5b4f42435d205041594c4f41445f4143434550544544207365713d3135206d6f64653d300d0a	[OBC] PAYLOAD_ACCEPTED seq=15 mode=0\r\n
2026-09-01T16:47:39.621893+00:00	5b4f42435d205041594c4f41445f4143434550544544207365713d3136206d6f64653d300d0a	[OBC] PAYLOAD_ACCEPTED seq=16 mode=0\r\n
2026-09-01T16:47:40.116692+00:00	5b4f42435d205041594c4f41445f4143434550544544207365713d3137206d6f64653d300d0a	[OBC] PAYLOAD_ACCEPTED seq=17 mode=0\r\n
2026-09-01T16:47:40.611568+00:00	5b4f42435d205041594c4f41445f4143434550544544207365713d3138206d6f64653d300d0a	[OBC] PAYLOAD_ACCEPTED seq=18 mode=0\r\n
2026-09-01T16:47:41.108630+00:00	5b4f42435d205041594c4f41445f4143434550544544207365713d3139206d6f64653d300d0a	[OBC] PAYLOAD_ACCEPTED seq=19 mode=0\r\n
2026-09-01T16:47:41.583131+00:00	5b4f42435d205041594c4f41445f5354415455532073746174653d4f4e4c494e4520706f6c6c733d3230206f6b3d32302074696d656f75743d30206372633d30207365713d30207265636f766572793d30206865617274626561743d4f4b207761746368646f673d4f4b0d0a	[OBC] PAYLOAD_STATUS state=ONLINE polls=20 ok=20 timeout=0 crc=0 seq=0 recovery=0 heartbeat=OK watchdog=OK\r\n
2026-09-01T16:47:41.638631+00:00	5b4f42435d205041594c4f41445f4143434550544544207365713d3230206d6f64653d300d0a	[OBC] PAYLOAD_ACCEPTED seq=20 mode=0\r\n
2026-09-01T16:47:42.134780+00:00	5b4f42435d205041594c4f41445f4143434550544544207365713d3231206d6f64653d300d0a	[OBC] PAYLOAD_ACCEPTED seq=21 mode=0\r\n
2026-09-01T16:47:42.631121+00:00	5b4f42435d205041594c4f41445f4143434550544544207365713d3232206d6f64653d300d0a	[OBC] PAYLOAD_ACCEPTED seq=22 mode=0\r\n
2026-09-01T16:47:43.065148+00:00	5b4f42435d205041594c4f41445f4143434550544544207365713d3233206d6f64653d300d0a	[OBC] PAYLOAD_ACCEPTED seq=23 mode=0\r\n
2026-09-01T16:47:43.562285+00:00	5b4f42435d205041594c4f41445f4143434550544544207365713d3234206d6f64653d300d0a	[OBC] PAYLOAD_ACCEPTED seq=24 mode=0\r\n
2026-09-01T16:47:44.059515+00:00	5b4f42435d205041594c4f41445f4143434550544544207365713d3235206d6f64653d300d0a	[OBC] PAYLOAD_ACCEPTED seq=25 mode=0\r\n
2026-09-01T16:47:44.554917+00:00	5b4f42435d205041594c4f41445f4143434550544544207365713d3236206d6f64653d300d0a	[OBC] PAYLOAD_ACCEPTED seq=26 mode=0\r\n
2026-09-01T16:47:45.051167+00:00	5b4f42435d205041594c4f41445f4143434550544544207365713d3237206d6f64653d300d0a	[OBC] PAYLOAD_ACCEPTED seq=27 mode=0\r\n
2026-09-01T16:47:45.547086+00:00	5b4f42435d205041594c4f41445f4143434550544544207365713d3238206d6f64653d300d0a	[OBC] PAYLOAD_ACCEPTED seq=28 mode=0\r\n
2026-09-01T16:47:46.043932+00:00	5b4f42435d205041594c4f41445f4143434550544544207365713d3239206d6f64653d300d0a	[OBC] PAYLOAD_ACCEPTED seq=29 mode=0\r\n
2026-09-01T16:47:46.504922+00:00	5b4f42435d205041594c4f41445f5354415455532073746174653d4f4e4c494e4520706f6c6c733d3330206f6b3d33302074696d656f75743d30206372633d30207365713d30207265636f766572793d30206865617274626561743d4f4b207761746368646f673d4f4b0d0a	[OBC] PAYLOAD_STATUS state=ONLINE polls=30 ok=30 timeout=0 crc=0 seq=0 recovery=0 heartbeat=OK watchdog=OK\r\n
2026-09-01T16:47:46.569493+00:00	5b4f42435d205041594c4f41445f4143434550544544207365713d3330206d6f64653d300d0a	[OBC] PAYLOAD_ACCEPTED seq=30 mode=0\r\n
2026-09-01T16:47:47.004973+00:00	5b4f42435d205041594c4f41445f4143434550544544207365713d3331206d6f64653d300d0a	[OBC] PAYLOAD_ACCEPTED seq=31 mode=0\r\n
2026-09-01T16:47:47.500113+00:00	5b4f42435d205041594c4f41445f4143434550544544207365713d3332206d6f64653d300d0a	[OBC] PAYLOAD_ACCEPTED seq=32 mode=0\r\n
2026-09-01T16:47:47.993879+00:00	5b4f42435d205041594c4f41445f4143434550544544207365713d3333206d6f64653d300d0a	[OBC] PAYLOAD_ACCEPTED seq=33 mode=0\r\n
2026-09-01T16:47:48.489040+00:00	5b4f42435d205041594c4f41445f4143434550544544207365713d3334206d6f64653d300d0a	[OBC] PAYLOAD_ACCEPTED seq=34 mode=0\r\n
2026-09-01T16:47:48.984055+00:00	5b4f42435d205041594c4f41445f4143434550544544207365713d3335206d6f64653d300d0a	[OBC] PAYLOAD_ACCEPTED seq=35 mode=0\r\n
2026-09-01T16:47:49.482551+00:00	5b4f42435d205041594c4f41445f4143434550544544207365713d3336206d6f64653d300d0a	[OBC] PAYLOAD_ACCEPTED seq=36 mode=0\r\n
2026-09-01T16:47:49.979647+00:00	5b4f42435d205041594c4f41445f4143434550544544207365713d3337206d6f64653d300d0a	[OBC] PAYLOAD_ACCEPTED seq=37 mode=0\r\n
2026-09-01T16:47:50.474523+00:00	5b4f42435d205041594c4f41445f4143434550544544207365713d3338206d6f64653d300d0a	[OBC] PAYLOAD_ACCEPTED seq=38 mode=0\r\n
2026-09-01T16:47:50.971573+00:00	5b4f42435d205041594c4f41445f4143434550544544207365713d3339206d6f64653d300d0a	[OBC] PAYLOAD_ACCEPTED seq=39 mode=0\r\n
2026-09-01T16:47:51.425847+00:00	5b4f42435d205041594c4f41445f5354415455532073746174653d4f4e4c494e4520706f6c6c733d3430206f6b3d34302074696d656f75743d30206372633d30207365713d30207265636f766572793d30206865617274626561743d4f4b207761746368646f673d4f4b0d0a	[OBC] PAYLOAD_STATUS state=ONLINE polls=40 ok=40 timeout=0 crc=0 seq=0 recovery=0 heartbeat=OK watchdog=OK\r\n
2026-09-01T16:47:51.483397+00:00	5b4f42435d205041594c4f41445f4143434550544544207365713d3430206d6f64653d300d0a	[OBC] PAYLOAD_ACCEPTED seq=40 mode=0\r\n
2026-09-01T16:47:51.980512+00:00	5b4f42435d205041594c4f41445f4143434550544544207365713d3431206d6f64653d300d0a	[OBC] PAYLOAD_ACCEPTED seq=41 mode=0\r\n
2026-09-01T16:47:52.411708+00:00	5b4f42435d205041594c4f41445f4143434550544544207365713d3432206d6f64653d300d0a	[OBC] PAYLOAD_ACCEPTED seq=42 mode=0\r\n
2026-09-01T16:47:52.908963+00:00	5b4f42435d205041594c4f41445f4143434550544544207365713d3433206d6f64653d300d0a	[OBC] PAYLOAD_ACCEPTED seq=43 mode=0\r\n
2026-09-01T16:47:53.402301+00:00	5b4f42435d205041594c4f41445f4143434550544544207365713d3434206d6f64653d300d0a	[OBC] PAYLOAD_ACCEPTED seq=44 mode=0\r\n
2026-09-01T16:47:53.897293+00:00	5b4f42435d205041594c4f41445f4143434550544544207365713d3435206d6f64653d300d0a	[OBC] PAYLOAD_ACCEPTED seq=45 mode=0\r\n
2026-09-01T16:47:54.392092+00:00	5b4f42435d205041594c4f41445f4143434550544544207365713d3436206d6f64653d300d0a	[OBC] PAYLOAD_ACCEPTED seq=46 mode=0\r\n
2026-09-01T16:47:54.888860+00:00	5b4f42435d205041594c4f41445f4143434550544544207365713d3437206d6f64653d300d0a	[OBC] PAYLOAD_ACCEPTED seq=47 mode=0\r\n
2026-09-01T16:47:55.386429+00:00	5b4f42435d205041594c4f41445f4143434550544544207365713d3438206d6f64653d300d0a	[OBC] PAYLOAD_ACCEPTED seq=48 mode=0\r\n
2026-09-01T16:47:55.881085+00:00	5b4f42435d205041594c4f41445f4143434550544544207365713d3439206d6f64653d300d0a	[OBC] PAYLOAD_ACCEPTED seq=49 mode=0\r\n
2026-09-01T16:47:56.346992+00:00	5b4f42435d205041594c4f41445f5354415455532073746174653d4f4e4c494e4520706f6c6c733d3530206f6b3d35302074696d656f75743d30206372633d30207365713d30207265636f766572793d30206865617274626561743d4f4b207761746368646f673d4f4b0d0a	[OBC] PAYLOAD_STATUS state=ONLINE polls=50 ok=50 timeout=0 crc=0 seq=0 recovery=0 heartbeat=OK watchdog=OK\r\n
2026-09-01T16:47:56.405404+00:00	5b4f42435d205041594c4f41445f4143434550544544207365713d3530206d6f64653d300d0a	[OBC] PAYLOAD_ACCEPTED seq=50 mode=0\r\n
2026-09-01T16:47:56.841412+00:00	5b4f42435d205041594c4f41445f4143434550544544207365713d3531206d6f64653d300d0a	[OBC] PAYLOAD_ACCEPTED seq=51 mode=0\r\n
2026-09-01T16:47:57.336915+00:00	5b4f42435d205041594c4f41445f4143434550544544207365713d3532206d6f64653d300d0a	[OBC] PAYLOAD_ACCEPTED seq=52 mode=0\r\n
2026-09-01T16:47:57.833236+00:00	5b4f42435d205041594c4f41445f4143434550544544207365713d3533206d6f64653d300d0a	[OBC] PAYLOAD_ACCEPTED seq=53 mode=0\r\n
2026-09-01T16:47:58.327561+00:00	5b4f42435d205041594c4f41445f4143434550544544207365713d3534206d6f64653d300d0a	[OBC] PAYLOAD_ACCEPTED seq=54 mode=0\r\n
2026-09-01T16:47:58.825873+00:00	5b4f42435d205041594c4f41445f4143434550544544207365713d3535206d6f64653d300d0a	[OBC] PAYLOAD_ACCEPTED seq=55 mode=0\r\n
2026-09-01T16:47:59.324582+00:00	5b4f42435d205041594c4f41445f4143434550544544207365713d3536206d6f64653d300d0a	[OBC] PAYLOAD_ACCEPTED seq=56 mode=0\r\n
2026-09-01T16:47:59.820675+00:00	5b4f42435d205041594c4f41445f4143434550544544207365713d3537206d6f64653d300d0a	[OBC] PAYLOAD_ACCEPTED seq=57 mode=0\r\n
2026-09-01T16:48:00.319811+00:00	5b4f42435d205041594c4f41445f4143434550544544207365713d3538206d6f64653d300d0a	[OBC] PAYLOAD_ACCEPTED seq=58 mode=0\r\n
2026-09-01T16:48:00.814286+00:00	5b4f42435d205041594c4f41445f4143434550544544207365713d3539206d6f64653d300d0a	[OBC] PAYLOAD_ACCEPTED seq=59 mode=0\r\n
2026-09-01T16:48:01.311680+00:00	5b4f42435d205041594c4f41445f5354415455532073746174653d4f4e4c494e4520706f6c6c733d3630206f6b3d36302074696d656f75743d30206372633d30207365713d30207265636f766572793d30206865617274626561743d4f4b207761746368646f673d4f4b0d0a	[OBC] PAYLOAD_STATUS state=ONLINE polls=60 ok=60 timeout=0 crc=0 seq=0 recovery=0 heartbeat=OK watchdog=OK\r\n
2026-09-01T16:48:01.311680+00:00	5b4f42435d205041594c4f41445f4143434550544544207365713d3630206d6f64653d300d0a	[OBC] PAYLOAD_ACCEPTED seq=60 mode=0\r\n
2026-09-01T16:48:01.808483+00:00	5b4f42435d205041594c4f41445f4143434550544544207365713d3631206d6f64653d300d0a	[OBC] PAYLOAD_ACCEPTED seq=61 mode=0\r\n
2026-09-01T16:48:02.304869+00:00	5b4f42435d205041594c4f41445f4143434550544544207365713d3632206d6f64653d300d0a	[OBC] PAYLOAD_ACCEPTED seq=62 mode=0\r\n
2026-09-01T16:48:02.799735+00:00	5b4f42435d205041594c4f41445f4143434550544544207365713d3633206d6f64653d300d0a	[OBC] PAYLOAD_ACCEPTED seq=63 mode=0\r\n
2026-09-01T16:48:03.296748+00:00	5b4f42435d205041594c4f41445f4143434550544544207365713d3634206d6f64653d300d0a	[OBC] PAYLOAD_ACCEPTED seq=64 mode=0\r\n
2026-09-01T16:48:03.730163+00:00	5b4f42435d205041594c4f41445f4143434550544544207365713d3635206d6f64653d300d0a	[OBC] PAYLOAD_ACCEPTED seq=65 mode=0\r\n
2026-09-01T16:48:04.226054+00:00	5b4f42435d205041594c4f41445f4143434550544544207365713d3636206d6f64653d300d0a	[OBC] PAYLOAD_ACCEPTED seq=66 mode=0\r\n
2026-09-01T16:48:04.723657+00:00	5b4f42435d205041594c4f41445f4143434550544544207365713d3637206d6f64653d300d0a	[OBC] PAYLOAD_ACCEPTED seq=67 mode=0\r\n
2026-09-01T16:48:05.220117+00:00	5b4f42435d205041594c4f41445f4143434550544544207365713d3638206d6f64653d300d0a	[OBC] PAYLOAD_ACCEPTED seq=68 mode=0\r\n
2026-09-01T16:48:05.718940+00:00	5b4f42435d205041594c4f41445f4143434550544544207365713d3639206d6f64653d300d0a	[OBC] PAYLOAD_ACCEPTED seq=69 mode=0\r\n
2026-09-01T16:48:06.185867+00:00	5b4f42435d205041594c4f41445f5354415455532073746174653d4f4e4c494e4520706f6c6c733d3730206f6b3d37302074696d656f75743d30206372633d30207365713d30207265636f766572793d30206865617274626561743d4f4b207761746368646f673d4f4b0d0a	[OBC] PAYLOAD_STATUS state=ONLINE polls=70 ok=70 timeout=0 crc=0 seq=0 recovery=0 heartbeat=OK watchdog=OK\r\n
2026-09-01T16:48:06.247029+00:00	5b4f42435d205041594c4f41445f4143434550544544207365713d3730206d6f64653d300d0a	[OBC] PAYLOAD_ACCEPTED seq=70 mode=0\r\n
2026-09-01T16:48:06.741768+00:00	5b4f42435d205041594c4f41445f4143434550544544207365713d3731206d6f64653d300d0a	[OBC] PAYLOAD_ACCEPTED seq=71 mode=0\r\n
2026-09-01T16:48:07.177173+00:00	5b4f42435d205041594c4f41445f4143434550544544207365713d3732206d6f64653d300d0a	[OBC] PAYLOAD_ACCEPTED seq=72 mode=0\r\n
2026-09-01T16:48:07.672647+00:00	5b4f42435d205041594c4f41445f4143434550544544207365713d3733206d6f64653d300d0a	[OBC] PAYLOAD_ACCEPTED seq=73 mode=0\r\n
2026-09-01T16:48:08.166797+00:00	5b4f42435d205041594c4f41445f4143434550544544207365713d3734206d6f64653d300d0a	[OBC] PAYLOAD_ACCEPTED seq=74 mode=0\r\n
2026-09-01T16:48:08.661248+00:00	5b4f42435d205041594c4f41445f4143434550544544207365713d3735206d6f64653d300d0a	[OBC] PAYLOAD_ACCEPTED seq=75 mode=0\r\n
2026-09-01T16:48:09.158391+00:00	5b4f42435d205041594c4f41445f4143434550544544207365713d3736206d6f64653d300d0a	[OBC] PAYLOAD_ACCEPTED seq=76 mode=0\r\n
2026-09-01T16:48:09.652438+00:00	5b4f42435d205041594c4f41445f4143434550544544207365713d3737206d6f64653d300d0a	[OBC] PAYLOAD_ACCEPTED seq=77 mode=0\r\n
2026-09-01T16:48:10.149391+00:00	5b4f42435d205041594c4f41445f4143434550544544207365713d3738206d6f64653d300d0a	[OBC] PAYLOAD_ACCEPTED seq=78 mode=0\r\n
2026-09-01T16:48:10.646639+00:00	5b4f42435d205041594c4f41445f4143434550544544207365713d3739206d6f64653d300d0a	[OBC] PAYLOAD_ACCEPTED seq=79 mode=0\r\n
2026-09-01T16:48:11.106596+00:00	5b4f42435d205041594c4f41445f5354415455532073746174653d4f4e4c494e4520706f6c6c733d3830206f6b3d38302074696d656f75743d30206372633d30207365713d30207265636f766572793d30206865617274626561743d4f4b207761746368646f673d4f4b0d0a	[OBC] PAYLOAD_STATUS state=ONLINE polls=80 ok=80 timeout=0 crc=0 seq=0 recovery=0 heartbeat=OK watchdog=OK\r\n
2026-09-01T16:48:11.172469+00:00	5b4f42435d205041594c4f41445f4143434550544544207365713d3830206d6f64653d300d0a	[OBC] PAYLOAD_ACCEPTED seq=80 mode=0\r\n
2026-09-01T16:48:11.604914+00:00	5b4f42435d205041594c4f41445f4143434550544544207365713d3831206d6f64653d300d0a	[OBC] PAYLOAD_ACCEPTED seq=81 mode=0\r\n
2026-09-01T16:48:12.099824+00:00	5b4f42435d205041594c4f41445f4143434550544544207365713d3832206d6f64653d300d0a	[OBC] PAYLOAD_ACCEPTED seq=82 mode=0\r\n
2026-09-01T16:48:12.597006+00:00	5b4f42435d205041594c4f41445f4143434550544544207365713d3833206d6f64653d300d0a	[OBC] PAYLOAD_ACCEPTED seq=83 mode=0\r\n
2026-09-01T16:48:13.093899+00:00	5b4f42435d205041594c4f41445f4143434550544544207365713d3834206d6f64653d300d0a	[OBC] PAYLOAD_ACCEPTED seq=84 mode=0\r\n
2026-09-01T16:48:13.593656+00:00	5b4f42435d205041594c4f41445f4143434550544544207365713d3835206d6f64653d300d0a	[OBC] PAYLOAD_ACCEPTED seq=85 mode=0\r\n
2026-09-01T16:48:14.090261+00:00	5b4f42435d205041594c4f41445f4143434550544544207365713d3836206d6f64653d300d0a	[OBC] PAYLOAD_ACCEPTED seq=86 mode=0\r\n
2026-09-01T16:48:14.587842+00:00	5b4f42435d205041594c4f41445f4143434550544544207365713d3837206d6f64653d300d0a	[OBC] PAYLOAD_ACCEPTED seq=87 mode=0\r\n
2026-09-01T16:48:15.087302+00:00	5b4f42435d205041594c4f41445f4143434550544544207365713d3838206d6f64653d300d0a	[OBC] PAYLOAD_ACCEPTED seq=88 mode=0\r\n
2026-09-01T16:48:15.583994+00:00	5b4f42435d205041594c4f41445f4143434550544544207365713d3839206d6f64653d300d0a	[OBC] PAYLOAD_ACCEPTED seq=89 mode=0\r\n
2026-09-01T16:48:16.028276+00:00	5b4f42435d205041594c4f41445f5354415455532073746174653d4f4e4c494e4520706f6c6c733d3930206f6b3d39302074696d656f75743d30206372633d30207365713d30207265636f766572793d30206865617274626561743d4f4b207761746368646f673d4f4b0d0a	[OBC] PAYLOAD_STATUS state=ONLINE polls=90 ok=90 timeout=0 crc=0 seq=0 recovery=0 heartbeat=OK watchdog=OK\r\n
2026-09-01T16:48:16.079538+00:00	5b4f42435d205041594c4f41445f4143434550544544207365713d3930206d6f64653d300d0a	[OBC] PAYLOAD_ACCEPTED seq=90 mode=0\r\n
2026-09-01T16:48:16.574721+00:00	5b4f42435d205041594c4f41445f4143434550544544207365713d3931206d6f64653d300d0a	[OBC] PAYLOAD_ACCEPTED seq=91 mode=0\r\n
2026-09-01T16:48:17.072354+00:00	5b4f42435d205041594c4f41445f4143434550544544207365713d3932206d6f64653d300d0a	[OBC] PAYLOAD_ACCEPTED seq=92 mode=0\r\n
2026-09-01T16:48:17.568318+00:00	5b4f42435d205041594c4f41445f4143434550544544207365713d3933206d6f64653d300d0a	[OBC] PAYLOAD_ACCEPTED seq=93 mode=0\r\n
2026-09-01T16:48:17.999884+00:00	5b4f42435d205041594c4f41445f4143434550544544207365713d3934206d6f64653d300d0a	[OBC] PAYLOAD_ACCEPTED seq=94 mode=0\r\n
2026-09-01T16:48:18.499271+00:00	5b4f42435d205041594c4f41445f4143434550544544207365713d3935206d6f64653d300d0a	[OBC] PAYLOAD_ACCEPTED seq=95 mode=0\r\n
2026-09-01T16:48:18.993180+00:00	5b4f42435d205041594c4f41445f4143434550544544207365713d3936206d6f64653d300d0a	[OBC] PAYLOAD_ACCEPTED seq=96 mode=0\r\n
2026-09-01T16:48:19.485967+00:00	5b4f42435d205041594c4f41445f4143434550544544207365713d3937206d6f64653d300d0a	[OBC] PAYLOAD_ACCEPTED seq=97 mode=0\r\n
2026-09-01T16:48:19.979183+00:00	5b4f42435d205041594c4f41445f4143434550544544207365713d3938206d6f64653d300d0a	[OBC] PAYLOAD_ACCEPTED seq=98 mode=0\r\n
2026-09-01T16:48:20.477268+00:00	5b4f42435d205041594c4f41445f4143434550544544207365713d3939206d6f64653d300d0a	[OBC] PAYLOAD_ACCEPTED seq=99 mode=0\r\n
2026-09-01T16:48:20.947517+00:00	5b4f42435d205041594c4f41445f5354415455532073746174653d4f4e4c494e4520706f6c6c733d313030206f6b3d3130302074696d656f75743d30206372633d30207365713d30207265636f766572793d30206865617274626561743d4f4b207761746368646f673d4f4b0d0a	[OBC] PAYLOAD_STATUS state=ONLINE polls=100 ok=100 timeout=0 crc=0 seq=0 recovery=0 heartbeat=OK watchdog=OK\r\n
2026-09-01T16:48:21.003207+00:00	5b4f42435d205041594c4f41445f4143434550544544207365713d313030206d6f64653d300d0a	[OBC] PAYLOAD_ACCEPTED seq=100 mode=0\r\n
2026-09-01T16:48:21.499342+00:00	5b4f42435d205041594c4f41445f4143434550544544207365713d313031206d6f64653d300d0a	[OBC] PAYLOAD_ACCEPTED seq=101 mode=0\r\n
2026-09-01T16:48:21.936296+00:00	5b4f42435d205041594c4f41445f4143434550544544207365713d313032206d6f64653d300d0a	[OBC] PAYLOAD_ACCEPTED seq=102 mode=0\r\n
2026-09-01T16:48:22.433629+00:00	5b4f42435d205041594c4f41445f4143434550544544207365713d313033206d6f64653d300d0a	[OBC] PAYLOAD_ACCEPTED seq=103 mode=0\r\n
2026-09-01T16:48:22.930952+00:00	5b4f42435d205041594c4f41445f4143434550544544207365713d313034206d6f64653d300d0a	[OBC] PAYLOAD_ACCEPTED seq=104 mode=0\r\n
2026-09-01T16:48:23.426959+00:00	5b4f42435d205041594c4f41445f4143434550544544207365713d313035206d6f64653d300d0a	[OBC] PAYLOAD_ACCEPTED seq=105 mode=0\r\n
2026-09-01T16:48:23.924113+00:00	5b4f42435d205041594c4f41445f4143434550544544207365713d313036206d6f64653d300d0a	[OBC] PAYLOAD_ACCEPTED seq=106 mode=0\r\n
2026-09-01T16:48:24.419654+00:00	5b4f42435d205041594c4f41445f4143434550544544207365713d313037206d6f64653d300d0a	[OBC] PAYLOAD_ACCEPTED seq=107 mode=0\r\n
2026-09-01T16:48:24.918890+00:00	5b4f42435d205041594c4f41445f4143434550544544207365713d313038206d6f64653d300d0a	[OBC] PAYLOAD_ACCEPTED seq=108 mode=0\r\n
2026-09-01T16:48:25.414906+00:00	5b4f42435d205041594c4f41445f4143434550544544207365713d313039206d6f64653d300d0a	[OBC] PAYLOAD_ACCEPTED seq=109 mode=0\r\n
2026-09-01T16:48:25.867843+00:00	5b4f42435d205041594c4f41445f5354415455532073746174653d4f4e4c494e4520706f6c6c733d313130206f6b3d3131302074696d656f75743d30206372633d30207365713d30207265636f766572793d30206865617274626561743d4f4b207761746368646f673d4f4b0d0a	[OBC] PAYLOAD_STATUS state=ONLINE polls=110 ok=110 timeout=0 crc=0 seq=0 recovery=0 heartbeat=OK watchdog=OK\r\n
2026-09-01T16:48:25.925118+00:00	5b4f42435d205041594c4f41445f4143434550544544207365713d313130206d6f64653d300d0a	[OBC] PAYLOAD_ACCEPTED seq=110 mode=0\r\n
2026-09-01T16:48:26.423909+00:00	5b4f42435d205041594c4f41445f4143434550544544207365713d313131206d6f64653d300d0a	[OBC] PAYLOAD_ACCEPTED seq=111 mode=0\r\n
2026-09-01T16:48:26.915906+00:00	5b4f42435d205041594c4f41445f4143434550544544207365713d313132206d6f64653d300d0a	[OBC] PAYLOAD_ACCEPTED seq=112 mode=0\r\n
2026-09-01T16:48:27.409901+00:00	5b4f42435d205041594c4f41445f4143434550544544207365713d313133206d6f64653d300d0a	[OBC] PAYLOAD_ACCEPTED seq=113 mode=0\r\n
2026-09-01T16:48:27.840911+00:00	5b4f42435d205041594c4f41445f4143434550544544207365713d313134206d6f64653d300d0a	[OBC] PAYLOAD_ACCEPTED seq=114 mode=0\r\n
2026-09-01T16:48:28.336005+00:00	5b4f42435d205041594c4f41445f4143434550544544207365713d313135206d6f64653d300d0a	[OBC] PAYLOAD_ACCEPTED seq=115 mode=0\r\n
2026-09-01T16:48:28.830880+00:00	5b4f42435d205041594c4f41445f4143434550544544207365713d313136206d6f64653d300d0a	[OBC] PAYLOAD_ACCEPTED seq=116 mode=0\r\n
2026-09-01T16:48:29.325753+00:00	5b4f42435d205041594c4f41445f4143434550544544207365713d313137206d6f64653d300d0a	[OBC] PAYLOAD_ACCEPTED seq=117 mode=0\r\n
2026-09-01T16:48:29.821261+00:00	5b4f42435d205041594c4f41445f4143434550544544207365713d313138206d6f64653d300d0a	[OBC] PAYLOAD_ACCEPTED seq=118 mode=0\r\n
2026-09-01T16:48:30.318165+00:00	5b4f42435d205041594c4f41445f4143434550544544207365713d313139206d6f64653d300d0a	[OBC] PAYLOAD_ACCEPTED seq=119 mode=0\r\n
2026-09-01T16:48:30.790868+00:00	5b4f42435d205041594c4f41445f5354415455532073746174653d4f4e4c494e4520706f6c6c733d313230206f6b3d3132302074696d656f75743d30206372633d30207365713d30207265636f766572793d30206865617274626561743d4f4b207761746368646f673d4f4b0d0a	[OBC] PAYLOAD_STATUS state=ONLINE polls=120 ok=120 timeout=0 crc=0 seq=0 recovery=0 heartbeat=OK watchdog=OK\r\n
2026-09-01T16:48:30.844513+00:00	5b4f42435d205041594c4f41445f4143434550544544207365713d313230206d6f64653d300d0a	[OBC] PAYLOAD_ACCEPTED seq=120 mode=0\r\n
2026-09-01T16:48:31.340693+00:00	5b4f42435d205041594c4f41445f4143434550544544207365713d313231206d6f64653d300d0a	[OBC] PAYLOAD_ACCEPTED seq=121 mode=0\r\n
2026-09-01T16:48:31.835732+00:00	5b4f42435d205041594c4f41445f4143434550544544207365713d313232206d6f64653d300d0a	[OBC] PAYLOAD_ACCEPTED seq=122 mode=0\r\n
2026-09-01T16:48:32.269814+00:00	5b4f42435d205041594c4f41445f4143434550544544207365713d313233206d6f64653d300d0a	[OBC] PAYLOAD_ACCEPTED seq=123 mode=0\r\n
2026-09-01T16:48:32.764919+00:00	5b4f42435d205041594c4f41445f4143434550544544207365713d313234206d6f64653d300d0a	[OBC] PAYLOAD_ACCEPTED seq=124 mode=0\r\n
2026-09-01T16:48:33.262211+00:00	5b4f42435d205041594c4f41445f4143434550544544207365713d313235206d6f64653d300d0a	[OBC] PAYLOAD_ACCEPTED seq=125 mode=0\r\n
2026-09-01T16:48:33.758779+00:00	5b4f42435d205041594c4f41445f4143434550544544207365713d313236206d6f64653d300d0a	[OBC] PAYLOAD_ACCEPTED seq=126 mode=0\r\n
2026-09-01T16:48:34.249721+00:00	5b4f42435d205041594c4f41445f4143434550544544207365713d313237206d6f64653d300d0a	[OBC] PAYLOAD_ACCEPTED seq=127 mode=0\r\n
2026-09-01T16:48:34.745648+00:00	5b4f42435d205041594c4f41445f4143434550544544207365713d313238206d6f64653d300d0a	[OBC] PAYLOAD_ACCEPTED seq=128 mode=0\r\n
2026-09-01T16:48:35.238365+00:00	5b4f42435d205041594c4f41445f4143434550544544207365713d313239206d6f64653d300d0a	[OBC] PAYLOAD_ACCEPTED seq=129 mode=0\r\n
2026-09-01T16:48:35.711119+00:00	5b4f42435d205041594c4f41445f5354415455532073746174653d4f4e4c494e4520706f6c6c733d313330206f6b3d3133302074696d656f75743d30206372633d30207365713d30207265636f766572793d30206865617274626561743d4f4b207761746368646f673d4f4b0d0a	[OBC] PAYLOAD_STATUS state=ONLINE polls=130 ok=130 timeout=0 crc=0 seq=0 recovery=0 heartbeat=OK watchdog=OK\r\n
2026-09-01T16:48:35.761546+00:00	5b4f42435d205041594c4f41445f4143434550544544207365713d313330206d6f64653d300d0a	[OBC] PAYLOAD_ACCEPTED seq=130 mode=0\r\n
2026-09-01T16:48:36.255653+00:00	5b4f42435d205041594c4f41445f4143434550544544207365713d313331206d6f64653d300d0a	[OBC] PAYLOAD_ACCEPTED seq=131 mode=0\r\n
2026-09-01T16:48:36.755002+00:00	5b4f42435d205041594c4f41445f4143434550544544207365713d313332206d6f64653d300d0a	[OBC] PAYLOAD_ACCEPTED seq=132 mode=0\r\n
2026-09-01T16:48:37.190206+00:00	5b4f42435d205041594c4f41445f4143434550544544207365713d313333206d6f64653d300d0a	[OBC] PAYLOAD_ACCEPTED seq=133 mode=0\r\n
2026-09-01T16:48:37.691776+00:00	5b4f42435d205041594c4f41445f4143434550544544207365713d313334206d6f64653d300d0a	[OBC] PAYLOAD_ACCEPTED seq=134 mode=0\r\n
2026-09-01T16:48:38.186709+00:00	5b4f42435d205041594c4f41445f4143434550544544207365713d313335206d6f64653d300d0a	[OBC] PAYLOAD_ACCEPTED seq=135 mode=0\r\n
2026-09-01T16:48:38.685551+00:00	5b4f42435d205041594c4f41445f4143434550544544207365713d313336206d6f64653d300d0a	[OBC] PAYLOAD_ACCEPTED seq=136 mode=0\r\n
2026-09-01T16:48:39.183189+00:00	5b4f42435d205041594c4f41445f4143434550544544207365713d313337206d6f64653d300d0a	[OBC] PAYLOAD_ACCEPTED seq=137 mode=0\r\n
2026-09-01T16:48:39.679823+00:00	5b4f42435d205041594c4f41445f4143434550544544207365713d313338206d6f64653d300d0a	[OBC] PAYLOAD_ACCEPTED seq=138 mode=0\r\n
2026-09-01T16:48:40.176282+00:00	5b4f42435d205041594c4f41445f4143434550544544207365713d313339206d6f64653d300d0a	[OBC] PAYLOAD_ACCEPTED seq=139 mode=0\r\n
2026-09-01T16:48:40.628730+00:00	5b4f42435d205041594c4f41445f5354415455532073746174653d4f4e4c494e4520706f6c6c733d313430206f6b3d3134302074696d656f75743d30206372633d30207365713d30207265636f766572793d30206865617274626561743d4f4b207761746368646f673d4f4b0d0a	[OBC] PAYLOAD_STATUS state=ONLINE polls=140 ok=140 timeout=0 crc=0 seq=0 recovery=0 heartbeat=OK watchdog=OK\r\n
2026-09-01T16:48:40.689212+00:00	5b4f42435d205041594c4f41445f4143434550544544207365713d313430206d6f64653d300d0a	[OBC] PAYLOAD_ACCEPTED seq=140 mode=0\r\n
2026-09-01T16:48:41.184929+00:00	5b4f42435d205041594c4f41445f4143434550544544207365713d313431206d6f64653d300d0a	[OBC] PAYLOAD_ACCEPTED seq=141 mode=0\r\n
2026-09-01T16:48:41.621125+00:00	5b4f42435d205041594c4f41445f4143434550544544207365713d313432206d6f64653d300d0a	[OBC] PAYLOAD_ACCEPTED seq=142 mode=0\r\n
2026-09-01T16:48:42.119878+00:00	5b4f42435d205041594c4f41445f4143434550544544207365713d313433206d6f64653d300d0a	[OBC] PAYLOAD_ACCEPTED seq=143 mode=0\r\n
2026-09-01T16:48:42.617625+00:00	5b4f42435d205041594c4f41445f4143434550544544207365713d313434206d6f64653d300d0a	[OBC] PAYLOAD_ACCEPTED seq=144 mode=0\r\n
2026-09-01T16:48:43.110528+00:00	5b4f42435d205041594c4f41445f4143434550544544207365713d313435206d6f64653d300d0a	[OBC] PAYLOAD_ACCEPTED seq=145 mode=0\r\n
2026-09-01T16:48:43.608425+00:00	5b4f42435d205041594c4f41445f4143434550544544207365713d313436206d6f64653d300d0a	[OBC] PAYLOAD_ACCEPTED seq=146 mode=0\r\n
2026-09-01T16:48:44.106401+00:00	5b4f42435d205041594c4f41445f4143434550544544207365713d313437206d6f64653d300d0a	[OBC] PAYLOAD_ACCEPTED seq=147 mode=0\r\n
2026-09-01T16:48:44.599065+00:00	5b4f42435d205041594c4f41445f4143434550544544207365713d313438206d6f64653d300d0a	[OBC] PAYLOAD_ACCEPTED seq=148 mode=0\r\n
2026-09-01T16:48:45.092496+00:00	5b4f42435d205041594c4f41445f4143434550544544207365713d313439206d6f64653d300d0a	[OBC] PAYLOAD_ACCEPTED seq=149 mode=0\r\n
2026-09-01T16:48:45.548703+00:00	5b4f42435d205041594c4f41445f5354415455532073746174653d4f4e4c494e4520706f6c6c733d313530206f6b3d3135302074696d656f75743d30206372633d30207365713d30207265636f766572793d30206865617274626561743d4f4b207761746368646f673d4f4b0d0a	[OBC] PAYLOAD_STATUS state=ONLINE polls=150 ok=150 timeout=0 crc=0 seq=0 recovery=0 heartbeat=OK watchdog=OK\r\n
2026-09-01T16:48:45.604246+00:00	5b4f42435d205041594c4f41445f4143434550544544207365713d313530206d6f64653d300d0a	[OBC] PAYLOAD_ACCEPTED seq=150 mode=0\r\n
2026-09-01T16:48:46.099099+00:00	5b4f42435d205041594c4f41445f4143434550544544207365713d313531206d6f64653d300d0a	[OBC] PAYLOAD_ACCEPTED seq=151 mode=0\r\n
2026-09-01T16:48:46.595470+00:00	5b4f42435d205041594c4f41445f4143434550544544207365713d313532206d6f64653d300d0a	[OBC] PAYLOAD_ACCEPTED seq=152 mode=0\r\n
2026-09-01T16:48:47.028922+00:00	5b4f42435d205041594c4f41445f4143434550544544207365713d313533206d6f64653d300d0a	[OBC] PAYLOAD_ACCEPTED seq=153 mode=0\r\n
2026-09-01T16:48:47.524856+00:00	5b4f42435d205041594c4f41445f4143434550544544207365713d313534206d6f64653d300d0a	[OBC] PAYLOAD_ACCEPTED seq=154 mode=0\r\n
2026-09-01T16:48:48.022650+00:00	5b4f42435d205041594c4f41445f4143434550544544207365713d313535206d6f64653d300d0a	[OBC] PAYLOAD_ACCEPTED seq=155 mode=0\r\n
2026-09-01T16:48:48.517340+00:00	5b4f42435d205041594c4f41445f4143434550544544207365713d313536206d6f64653d300d0a	[OBC] PAYLOAD_ACCEPTED seq=156 mode=0\r\n
2026-09-01T16:48:49.014761+00:00	5b4f42435d205041594c4f41445f4143434550544544207365713d313537206d6f64653d300d0a	[OBC] PAYLOAD_ACCEPTED seq=157 mode=0\r\n
2026-09-01T16:48:49.510627+00:00	5b4f42435d205041594c4f41445f4143434550544544207365713d313538206d6f64653d300d0a	[OBC] PAYLOAD_ACCEPTED seq=158 mode=0\r\n
2026-09-01T16:48:50.006653+00:00	5b4f42435d205041594c4f41445f4143434550544544207365713d313539206d6f64653d300d0a	[OBC] PAYLOAD_ACCEPTED seq=159 mode=0\r\n
2026-09-01T16:48:50.469497+00:00	5b4f42435d205041594c4f41445f5354415455532073746174653d4f4e4c494e4520706f6c6c733d313630206f6b3d3136302074696d656f75743d30206372633d30207365713d30207265636f766572793d30206865617274626561743d4f4b207761746368646f673d4f4b0d0a	[OBC] PAYLOAD_STATUS state=ONLINE polls=160 ok=160 timeout=0 crc=0 seq=0 recovery=0 heartbeat=OK watchdog=OK\r\n
2026-09-01T16:48:50.531503+00:00	5b4f42435d205041594c4f41445f4143434550544544207365713d313630206d6f64653d300d0a	[OBC] PAYLOAD_ACCEPTED seq=160 mode=0\r\n
2026-09-01T16:48:50.964757+00:00	5b4f42435d205041594c4f41445f4143434550544544207365713d313631206d6f64653d300d0a	[OBC] PAYLOAD_ACCEPTED seq=161 mode=0\r\n
2026-09-01T16:48:51.458250+00:00	5b4f42435d205041594c4f41445f4143434550544544207365713d313632206d6f64653d300d0a	[OBC] PAYLOAD_ACCEPTED seq=162 mode=0\r\n
2026-09-01T16:48:51.953911+00:00	5b4f42435d205041594c4f41445f4143434550544544207365713d313633206d6f64653d300d0a	[OBC] PAYLOAD_ACCEPTED seq=163 mode=0\r\n
2026-09-01T16:48:52.447261+00:00	5b4f42435d205041594c4f41445f4143434550544544207365713d313634206d6f64653d300d0a	[OBC] PAYLOAD_ACCEPTED seq=164 mode=0\r\n
2026-09-01T16:48:52.944982+00:00	5b4f42435d205041594c4f41445f4143434550544544207365713d313635206d6f64653d300d0a	[OBC] PAYLOAD_ACCEPTED seq=165 mode=0\r\n
2026-09-01T16:48:53.441431+00:00	5b4f42435d205041594c4f41445f4143434550544544207365713d313636206d6f64653d300d0a	[OBC] PAYLOAD_ACCEPTED seq=166 mode=0\r\n
2026-09-01T16:48:53.935378+00:00	5b4f42435d205041594c4f41445f4143434550544544207365713d313637206d6f64653d300d0a	[OBC] PAYLOAD_ACCEPTED seq=167 mode=0\r\n
2026-09-01T16:48:54.430550+00:00	5b4f42435d205041594c4f41445f4143434550544544207365713d313638206d6f64653d300d0a	[OBC] PAYLOAD_ACCEPTED seq=168 mode=0\r\n
2026-09-01T16:48:54.927909+00:00	5b4f42435d205041594c4f41445f4143434550544544207365713d313639206d6f64653d300d0a	[OBC] PAYLOAD_ACCEPTED seq=169 mode=0\r\n
2026-09-01T16:48:55.391079+00:00	5b4f42435d205041594c4f41445f5354415455532073746174653d4f4e4c494e4520706f6c6c733d313730206f6b3d3137302074696d656f75743d30206372633d30207365713d30207265636f766572793d30206865617274626561743d4f4b207761746368646f673d4f4b0d0a	[OBC] PAYLOAD_STATUS state=ONLINE polls=170 ok=170 timeout=0 crc=0 seq=0 recovery=0 heartbeat=OK watchdog=OK\r\n
2026-09-01T16:48:55.455753+00:00	5b4f42435d205041594c4f41445f4143434550544544207365713d313730206d6f64653d300d0a	[OBC] PAYLOAD_ACCEPTED seq=170 mode=0\r\n
2026-09-01T16:48:55.889567+00:00	5b4f42435d205041594c4f41445f4143434550544544207365713d313731206d6f64653d300d0a	[OBC] PAYLOAD_ACCEPTED seq=171 mode=0\r\n
2026-09-01T16:48:56.387369+00:00	5b4f42435d205041594c4f41445f4143434550544544207365713d313732206d6f64653d300d0a	[OBC] PAYLOAD_ACCEPTED seq=172 mode=0\r\n
2026-09-01T16:48:56.883034+00:00	5b4f42435d205041594c4f41445f4143434550544544207365713d313733206d6f64653d300d0a	[OBC] PAYLOAD_ACCEPTED seq=173 mode=0\r\n
2026-09-01T16:48:57.381114+00:00	5b4f42435d205041594c4f41445f4143434550544544207365713d313734206d6f64653d300d0a	[OBC] PAYLOAD_ACCEPTED seq=174 mode=0\r\n
2026-09-01T16:48:57.880594+00:00	5b4f42435d205041594c4f41445f4143434550544544207365713d313735206d6f64653d300d0a	[OBC] PAYLOAD_ACCEPTED seq=175 mode=0\r\n
2026-09-01T16:48:58.375574+00:00	5b4f42435d205041594c4f41445f4143434550544544207365713d313736206d6f64653d300d0a	[OBC] PAYLOAD_ACCEPTED seq=176 mode=0\r\n
2026-09-01T16:48:58.872355+00:00	5b4f42435d205041594c4f41445f4143434550544544207365713d313737206d6f64653d300d0a	[OBC] PAYLOAD_ACCEPTED seq=177 mode=0\r\n
2026-09-01T16:48:59.368674+00:00	5b4f42435d205041594c4f41445f4143434550544544207365713d313738206d6f64653d300d0a	[OBC] PAYLOAD_ACCEPTED seq=178 mode=0\r\n
2026-09-01T16:48:59.865997+00:00	5b4f42435d205041594c4f41445f4143434550544544207365713d313739206d6f64653d300d0a	[OBC] PAYLOAD_ACCEPTED seq=179 mode=0\r\n
2026-09-01T16:49:00.310140+00:00	5b4f42435d205041594c4f41445f5354415455532073746174653d4f4e4c494e4520706f6c6c733d313830206f6b3d3138302074696d656f75743d30206372633d30207365713d30207265636f766572793d30206865617274626561743d4f4b207761746368646f673d4f4b0d0a	[OBC] PAYLOAD_STATUS state=ONLINE polls=180 ok=180 timeout=0 crc=0 seq=0 recovery=0 heartbeat=OK watchdog=OK\r\n
2026-09-01T16:49:00.361773+00:00	5b4f42435d205041594c4f41445f4143434550544544207365713d313830206d6f64653d300d0a	[OBC] PAYLOAD_ACCEPTED seq=180 mode=0\r\n
2026-09-01T16:49:00.856850+00:00	5b4f42435d205041594c4f41445f4143434550544544207365713d313831206d6f64653d300d0a	[OBC] PAYLOAD_ACCEPTED seq=181 mode=0\r\n
2026-09-01T16:49:01.358469+00:00	5b4f42435d205041594c4f41445f4143434550544544207365713d313832206d6f64653d300d0a	[OBC] PAYLOAD_ACCEPTED seq=182 mode=0\r\n
2026-09-01T16:49:01.792291+00:00	5b4f42435d205041594c4f41445f4143434550544544207365713d313833206d6f64653d300d0a	[OBC] PAYLOAD_ACCEPTED seq=183 mode=0\r\n
2026-09-01T16:49:02.290135+00:00	5b4f42435d205041594c4f41445f4143434550544544207365713d313834206d6f64653d300d0a	[OBC] PAYLOAD_ACCEPTED seq=184 mode=0\r\n
2026-09-01T16:49:02.789884+00:00	5b4f42435d205041594c4f41445f4143434550544544207365713d313835206d6f64653d300d0a	[OBC] PAYLOAD_ACCEPTED seq=185 mode=0\r\n
2026-09-01T16:49:03.284916+00:00	5b4f42435d205041594c4f41445f4143434550544544207365713d313836206d6f64653d300d0a	[OBC] PAYLOAD_ACCEPTED seq=186 mode=0\r\n
2026-09-01T16:49:03.778695+00:00	5b4f42435d205041594c4f41445f4143434550544544207365713d313837206d6f64653d300d0a	[OBC] PAYLOAD_ACCEPTED seq=187 mode=0\r\n
2026-09-01T16:49:04.273236+00:00	5b4f42435d205041594c4f41445f4143434550544544207365713d313838206d6f64653d300d0a	[OBC] PAYLOAD_ACCEPTED seq=188 mode=0\r\n
2026-09-01T16:49:04.771437+00:00	5b4f42435d205041594c4f41445f4143434550544544207365713d313839206d6f64653d300d0a	[OBC] PAYLOAD_ACCEPTED seq=189 mode=0\r\n
2026-09-01T16:49:05.232970+00:00	5b4f42435d205041594c4f41445f5354415455532073746174653d4f4e4c494e4520706f6c6c733d313930206f6b3d3139302074696d656f75743d30206372633d30207365713d30207265636f766572793d30206865617274626561743d4f4b207761746368646f673d4f4b0d0a	[OBC] PAYLOAD_STATUS state=ONLINE polls=190 ok=190 timeout=0 crc=0 seq=0 recovery=0 heartbeat=OK watchdog=OK\r\n
2026-09-01T16:49:05.296827+00:00	5b4f42435d205041594c4f41445f4143434550544544207365713d313930206d6f64653d300d0a	[OBC] PAYLOAD_ACCEPTED seq=190 mode=0\r\n
2026-09-01T16:49:05.833473+00:00	5b4f42435d205041594c4f41445f54494d454f555420636f6e73656375746976653d310d0a	[OBC] PAYLOAD_TIMEOUT consecutive=1\r\n
2026-09-01T16:49:05.885812+00:00	5b4f42435d205041594c4f41445f52454a45435420726561736f6e3d53455155454e43450d0a	[OBC] PAYLOAD_REJECT reason=SEQUENCE\r\n
2026-09-01T16:49:06.319784+00:00	5b4f42435d205041594c4f41445f54494d454f555420636f6e73656375746976653d320d0a	[OBC] PAYLOAD_TIMEOUT consecutive=2\r\n
2026-09-01T16:49:06.819115+00:00	5b4f42435d205041594c4f41445f4f46464c494e4520636f6e73656375746976653d33206865617274626561743d4f4b207761746368646f673d4f4b0d0a	[OBC] PAYLOAD_OFFLINE consecutive=3 heartbeat=OK watchdog=OK\r\n
2026-09-01T16:49:09.665999+00:00	5b4f42435d205041594c4f41445f4143434550544544207365713d313939206d6f64653d300d0a	[OBC] PAYLOAD_ACCEPTED seq=199 mode=0\r\n
2026-09-01T16:49:09.717217+00:00	5b4f42435d205041594c4f41445f5245434f5645524544207265636f7665726965733d310d0a	[OBC] PAYLOAD_RECOVERED recoveries=1\r\n
2026-09-01T16:49:10.154491+00:00	5b4f42435d205041594c4f41445f5354415455532073746174653d4f4e4c494e4520706f6c6c733d323030206f6b3d3139322074696d656f75743d38206372633d30207365713d38207265636f766572793d31206865617274626561743d4f4b207761746368646f673d4f4b0d0a	[OBC] PAYLOAD_STATUS state=ONLINE polls=200 ok=192 timeout=8 crc=0 seq=8 recovery=1 heartbeat=OK watchdog=OK\r\n
2026-09-01T16:49:10.215520+00:00	5b4f42435d205041594c4f41445f4143434550544544207365713d323030206d6f64653d300d0a	[OBC] PAYLOAD_ACCEPTED seq=200 mode=0\r\n
2026-09-01T16:49:10.709553+00:00	5b4f42435d205041594c4f41445f4143434550544544207365713d323031206d6f64653d300d0a	[OBC] PAYLOAD_ACCEPTED seq=201 mode=0\r\n
2026-09-01T16:49:11.144219+00:00	5b4f42435d205041594c4f41445f4143434550544544207365713d323032206d6f64653d300d0a	[OBC] PAYLOAD_ACCEPTED seq=202 mode=0\r\n
2026-09-01T16:49:11.640296+00:00	5b4f42435d205041594c4f41445f4143434550544544207365713d323033206d6f64653d300d0a	[OBC] PAYLOAD_ACCEPTED seq=203 mode=0\r\n
2026-09-01T16:49:12.136792+00:00	5b4f42435d205041594c4f41445f4143434550544544207365713d323034206d6f64653d300d0a	[OBC] PAYLOAD_ACCEPTED seq=204 mode=0\r\n
2026-09-01T16:49:12.631461+00:00	5b4f42435d205041594c4f41445f4143434550544544207365713d323035206d6f64653d300d0a	[OBC] PAYLOAD_ACCEPTED seq=205 mode=0\r\n
2026-09-01T16:49:13.124586+00:00	5b4f42435d205041594c4f41445f4143434550544544207365713d323036206d6f64653d300d0a	[OBC] PAYLOAD_ACCEPTED seq=206 mode=0\r\n
2026-09-01T16:49:13.617816+00:00	5b4f42435d205041594c4f41445f4143434550544544207365713d323037206d6f64653d300d0a	[OBC] PAYLOAD_ACCEPTED seq=207 mode=0\r\n
2026-09-01T16:49:14.115805+00:00	5b4f42435d205041594c4f41445f4143434550544544207365713d323038206d6f64653d300d0a	[OBC] PAYLOAD_ACCEPTED seq=208 mode=0\r\n
2026-09-01T16:49:14.611087+00:00	5b4f42435d205041594c4f41445f4143434550544544207365713d323039206d6f64653d300d0a	[OBC] PAYLOAD_ACCEPTED seq=209 mode=0\r\n
2026-09-01T16:49:15.076880+00:00	5b4f42435d205041594c4f41445f5354415455532073746174653d4f4e4c494e4520706f6c6c733d323130206f6b3d3230322074696d656f75743d38206372633d30207365713d38207265636f766572793d31206865617274626561743d4f4b207761746368646f673d4f4b0d0a	[OBC] PAYLOAD_STATUS state=ONLINE polls=210 ok=202 timeout=8 crc=0 seq=8 recovery=1 heartbeat=OK watchdog=OK\r\n
2026-09-01T16:49:15.137092+00:00	5b4f42435d205041594c4f41445f4143434550544544207365713d323130206d6f64653d300d0a	[OBC] PAYLOAD_ACCEPTED seq=210 mode=0\r\n
2026-09-01T16:49:15.573231+00:00	5b4f42435d205041594c4f41445f4143434550544544207365713d323131206d6f64653d300d0a	[OBC] PAYLOAD_ACCEPTED seq=211 mode=0\r\n
2026-09-01T16:49:16.070501+00:00	5b4f42435d205041594c4f41445f4143434550544544207365713d323132206d6f64653d300d0a	[OBC] PAYLOAD_ACCEPTED seq=212 mode=0\r\n
2026-09-01T16:49:16.568158+00:00	5b4f42435d205041594c4f41445f4143434550544544207365713d323133206d6f64653d300d0a	[OBC] PAYLOAD_ACCEPTED seq=213 mode=0\r\n
2026-09-01T16:49:17.061957+00:00	5b4f42435d205041594c4f41445f4143434550544544207365713d323134206d6f64653d300d0a	[OBC] PAYLOAD_ACCEPTED seq=214 mode=0\r\n
2026-09-01T16:49:17.560063+00:00	5b4f42435d205041594c4f41445f4143434550544544207365713d323135206d6f64653d300d0a	[OBC] PAYLOAD_ACCEPTED seq=215 mode=0\r\n
2026-09-01T16:49:18.055849+00:00	5b4f42435d205041594c4f41445f4143434550544544207365713d323136206d6f64653d300d0a	[OBC] PAYLOAD_ACCEPTED seq=216 mode=0\r\n
2026-09-01T16:49:18.556446+00:00	5b4f42435d205041594c4f41445f4143434550544544207365713d323137206d6f64653d300d0a	[OBC] PAYLOAD_ACCEPTED seq=217 mode=0\r\n
2026-09-01T16:49:19.054352+00:00	5b4f42435d205041594c4f41445f4143434550544544207365713d323138206d6f64653d300d0a	[OBC] PAYLOAD_ACCEPTED seq=218 mode=0\r\n
2026-09-01T16:49:19.546701+00:00	5b4f42435d205041594c4f41445f4143434550544544207365713d323139206d6f64653d300d0a	[OBC] PAYLOAD_ACCEPTED seq=219 mode=0\r\n
2026-09-01T16:49:20.001336+00:00	5b4f42435d205041594c4f41445f5354415455532073746174653d4f4e4c494e4520706f6c6c733d323230206f6b3d3231322074696d656f75743d38206372633d30207365713d38207265636f766572793d31206865617274626561743d4f4b207761746368646f673d4f4b0d0a	[OBC] PAYLOAD_STATUS state=ONLINE polls=220 ok=212 timeout=8 crc=0 seq=8 recovery=1 heartbeat=OK watchdog=OK\r\n
2026-09-01T16:49:20.058587+00:00	5b4f42435d205041594c4f41445f4143434550544544207365713d323230206d6f64653d300d0a	[OBC] PAYLOAD_ACCEPTED seq=220 mode=0\r\n
2026-09-01T16:49:20.554769+00:00	5b4f42435d205041594c4f41445f4143434550544544207365713d323231206d6f64653d300d0a	[OBC] PAYLOAD_ACCEPTED seq=221 mode=0\r\n
2026-09-01T16:49:21.050258+00:00	5b4f42435d205041594c4f41445f4143434550544544207365713d323232206d6f64653d300d0a	[OBC] PAYLOAD_ACCEPTED seq=222 mode=0\r\n
2026-09-01T16:49:21.483752+00:00	5b4f42435d205041594c4f41445f4143434550544544207365713d323233206d6f64653d300d0a	[OBC] PAYLOAD_ACCEPTED seq=223 mode=0\r\n
2026-09-01T16:49:21.982345+00:00	5b4f42435d205041594c4f41445f4143434550544544207365713d323234206d6f64653d300d0a	[OBC] PAYLOAD_ACCEPTED seq=224 mode=0\r\n
2026-09-01T16:49:22.479788+00:00	5b4f42435d205041594c4f41445f4143434550544544207365713d323235206d6f64653d300d0a	[OBC] PAYLOAD_ACCEPTED seq=225 mode=0\r\n
2026-09-01T16:49:22.975076+00:00	5b4f42435d205041594c4f41445f4143434550544544207365713d323236206d6f64653d300d0a	[OBC] PAYLOAD_ACCEPTED seq=226 mode=0\r\n
2026-09-01T16:49:23.473607+00:00	5b4f42435d205041594c4f41445f4143434550544544207365713d323237206d6f64653d300d0a	[OBC] PAYLOAD_ACCEPTED seq=227 mode=0\r\n
2026-09-01T16:49:23.966475+00:00	5b4f42435d205041594c4f41445f4143434550544544207365713d323238206d6f64653d300d0a	[OBC] PAYLOAD_ACCEPTED seq=228 mode=0\r\n
2026-09-01T16:49:24.465007+00:00	5b4f42435d205041594c4f41445f4143434550544544207365713d323239206d6f64653d300d0a	[OBC] PAYLOAD_ACCEPTED seq=229 mode=0\r\n
2026-09-01T16:49:24.926499+00:00	5b4f42435d205041594c4f41445f5354415455532073746174653d4f4e4c494e4520706f6c6c733d323330206f6b3d3232322074696d656f75743d38206372633d30207365713d38207265636f766572793d31206865617274626561743d4f4b207761746368646f673d4f4b0d0a	[OBC] PAYLOAD_STATUS state=ONLINE polls=230 ok=222 timeout=8 crc=0 seq=8 recovery=1 heartbeat=OK watchdog=OK\r\n
2026-09-01T16:49:24.978027+00:00	5b4f42435d205041594c4f41445f4143434550544544207365713d323330206d6f64653d300d0a	[OBC] PAYLOAD_ACCEPTED seq=230 mode=0\r\n
2026-09-01T16:49:25.537016+00:00	5b4f42435d205041594c4f41445f4143434550544544207365713d323331206d6f64653d330d0a	[OBC] PAYLOAD_ACCEPTED seq=231 mode=3\r\n
2026-09-01T16:49:26.034228+00:00	5b4f42435d205041594c4f41445f4143434550544544207365713d323332206d6f64653d330d0a	[OBC] PAYLOAD_ACCEPTED seq=232 mode=3\r\n
2026-09-01T16:49:26.530992+00:00	5b4f42435d205041594c4f41445f4143434550544544207365713d323333206d6f64653d330d0a	[OBC] PAYLOAD_ACCEPTED seq=233 mode=3\r\n
2026-09-01T16:49:27.028295+00:00	5b4f42435d205041594c4f41445f4143434550544544207365713d323334206d6f64653d330d0a	[OBC] PAYLOAD_ACCEPTED seq=234 mode=3\r\n
2026-09-01T16:49:27.528553+00:00	5b4f42435d205041594c4f41445f4143434550544544207365713d323335206d6f64653d330d0a	[OBC] PAYLOAD_ACCEPTED seq=235 mode=3\r\n
2026-09-01T16:49:28.021929+00:00	5b4f42435d205041594c4f41445f4143434550544544207365713d323336206d6f64653d330d0a	[OBC] PAYLOAD_ACCEPTED seq=236 mode=3\r\n
2026-09-01T16:49:28.515688+00:00	5b4f42435d205041594c4f41445f4143434550544544207365713d323337206d6f64653d330d0a	[OBC] PAYLOAD_ACCEPTED seq=237 mode=3\r\n
2026-09-01T16:49:29.013215+00:00	5b4f42435d205041594c4f41445f4143434550544544207365713d323338206d6f64653d330d0a	[OBC] PAYLOAD_ACCEPTED seq=238 mode=3\r\n
2026-09-01T16:49:29.384764+00:00	5b4f42435d205041594c4f41445f4143434550544544207365713d323339206d6f64653d300d0a	[OBC] PAYLOAD_ACCEPTED seq=239 mode=0\r\n
2026-09-01T16:49:29.850377+00:00	5b4f42435d205041594c4f41445f5354415455532073746174653d4f4e4c494e4520706f6c6c733d323430206f6b3d3233322074696d656f75743d38206372633d30207365713d38207265636f766572793d31206865617274626561743d4f4b207761746368646f673d4f4b0d0a	[OBC] PAYLOAD_STATUS state=ONLINE polls=240 ok=232 timeout=8 crc=0 seq=8 recovery=1 heartbeat=OK watchdog=OK\r\n
2026-09-01T16:49:29.915810+00:00	5b4f42435d205041594c4f41445f4143434550544544207365713d323430206d6f64653d300d0a	[OBC] PAYLOAD_ACCEPTED seq=240 mode=0\r\n
2026-09-01T16:49:30.348445+00:00	5b4f42435d205041594c4f41445f4143434550544544207365713d323431206d6f64653d300d0a	[OBC] PAYLOAD_ACCEPTED seq=241 mode=0\r\n
2026-09-01T16:49:30.848962+00:00	5b4f42435d205041594c4f41445f4143434550544544207365713d323432206d6f64653d300d0a	[OBC] PAYLOAD_ACCEPTED seq=242 mode=0\r\n
2026-09-01T16:49:31.343955+00:00	5b4f42435d205041594c4f41445f4143434550544544207365713d323433206d6f64653d300d0a	[OBC] PAYLOAD_ACCEPTED seq=243 mode=0\r\n
2026-09-01T16:49:31.842277+00:00	5b4f42435d205041594c4f41445f4143434550544544207365713d323434206d6f64653d300d0a	[OBC] PAYLOAD_ACCEPTED seq=244 mode=0\r\n
2026-09-01T16:49:32.341782+00:00	5b4f42435d205041594c4f41445f4143434550544544207365713d323435206d6f64653d300d0a	[OBC] PAYLOAD_ACCEPTED seq=245 mode=0\r\n
2026-09-01T16:49:32.837558+00:00	5b4f42435d205041594c4f41445f4143434550544544207365713d323436206d6f64653d300d0a	[OBC] PAYLOAD_ACCEPTED seq=246 mode=0\r\n
2026-09-01T16:49:33.331957+00:00	5b4f42435d205041594c4f41445f4143434550544544207365713d323437206d6f64653d300d0a	[OBC] PAYLOAD_ACCEPTED seq=247 mode=0\r\n
2026-09-01T16:49:33.827449+00:00	5b4f42435d205041594c4f41445f4143434550544544207365713d323438206d6f64653d300d0a	[OBC] PAYLOAD_ACCEPTED seq=248 mode=0\r\n
2026-09-01T16:49:34.321358+00:00	5b4f42435d205041594c4f41445f4143434550544544207365713d323439206d6f64653d300d0a	[OBC] PAYLOAD_ACCEPTED seq=249 mode=0\r\n
2026-09-01T16:49:34.763323+00:00	5b4f42435d205041594c4f41445f5354415455532073746174653d4f4e4c494e4520706f6c6c733d323530206f6b3d3234322074696d656f75743d38206372633d30207365713d38207265636f766572793d31206865617274626561743d4f4b207761746368646f673d4f4b0d0a	[OBC] PAYLOAD_STATUS state=ONLINE polls=250 ok=242 timeout=8 crc=0 seq=8 recovery=1 heartbeat=OK watchdog=OK\r\n
2026-09-01T16:49:34.819809+00:00	5b4f42435d205041594c4f41445f4143434550544544207365713d323530206d6f64653d300d0a	[OBC] PAYLOAD_ACCEPTED seq=250 mode=0\r\n
2026-09-01T16:49:35.315693+00:00	5b4f42435d205041594c4f41445f4143434550544544207365713d323531206d6f64653d300d0a	[OBC] PAYLOAD_ACCEPTED seq=251 mode=0\r\n
2026-09-01T16:49:35.812699+00:00	5b4f42435d205041594c4f41445f4143434550544544207365713d323532206d6f64653d300d0a	[OBC] PAYLOAD_ACCEPTED seq=252 mode=0\r\n
2026-09-01T16:49:36.307153+00:00	5b4f42435d205041594c4f41445f4143434550544544207365713d323533206d6f64653d300d0a	[OBC] PAYLOAD_ACCEPTED seq=253 mode=0\r\n
2026-09-01T16:49:36.804954+00:00	5b4f42435d205041594c4f41445f4143434550544544207365713d323534206d6f64653d300d0a	[OBC] PAYLOAD_ACCEPTED seq=254 mode=0\r\n
2026-09-01T16:49:37.243888+00:00	5b4f42435d205041594c4f41445f4143434550544544207365713d323535206d6f64653d300d0a	[OBC] PAYLOAD_ACCEPTED seq=255 mode=0\r\n
2026-09-01T16:49:37.740249+00:00	5b4f42435d205041594c4f41445f4143434550544544207365713d323536206d6f64653d300d0a	[OBC] PAYLOAD_ACCEPTED seq=256 mode=0\r\n
2026-09-01T16:49:38.239127+00:00	5b4f42435d205041594c4f41445f4143434550544544207365713d323537206d6f64653d300d0a	[OBC] PAYLOAD_ACCEPTED seq=257 mode=0\r\n
2026-09-01T16:49:38.735600+00:00	5b4f42435d205041594c4f41445f4143434550544544207365713d323538206d6f64653d300d0a	[OBC] PAYLOAD_ACCEPTED seq=258 mode=0\r\n
2026-09-01T16:49:39.233195+00:00	5b4f42435d205041594c4f41445f4143434550544544207365713d323539206d6f64653d300d0a	[OBC] PAYLOAD_ACCEPTED seq=259 mode=0\r\n
2026-09-01T16:49:39.694989+00:00	5b4f42435d205041594c4f41445f5354415455532073746174653d4f4e4c494e4520706f6c6c733d323630206f6b3d3235322074696d656f75743d38206372633d30207365713d38207265636f766572793d31206865617274626561743d4f4b207761746368646f673d4f4b0d0a	[OBC] PAYLOAD_STATUS state=ONLINE polls=260 ok=252 timeout=8 crc=0 seq=8 recovery=1 heartbeat=OK watchdog=OK\r\n
2026-09-01T16:49:39.745072+00:00	5b4f42435d205041594c4f41445f4143434550544544207365713d323630206d6f64653d300d0a	[OBC] PAYLOAD_ACCEPTED seq=260 mode=0\r\n
2026-09-01T16:49:40.239355+00:00	5b4f42435d205041594c4f41445f4143434550544544207365713d323631206d6f64653d300d0a	[OBC] PAYLOAD_ACCEPTED seq=261 mode=0\r\n
2026-09-01T16:49:40.735598+00:00	5b4f42435d205041594c4f41445f4143434550544544207365713d323632206d6f64653d300d0a	[OBC] PAYLOAD_ACCEPTED seq=262 mode=0\r\n
2026-09-01T16:49:41.230151+00:00	5b4f42435d205041594c4f41445f4143434550544544207365713d323633206d6f64653d300d0a	[OBC] PAYLOAD_ACCEPTED seq=263 mode=0\r\n
2026-09-01T16:49:41.725338+00:00	5b4f42435d205041594c4f41445f4143434550544544207365713d323634206d6f64653d300d0a	[OBC] PAYLOAD_ACCEPTED seq=264 mode=0\r\n
2026-09-01T16:49:42.160252+00:00	5b4f42435d205041594c4f41445f4143434550544544207365713d323635206d6f64653d300d0a	[OBC] PAYLOAD_ACCEPTED seq=265 mode=0\r\n
2026-09-01T16:49:42.657264+00:00	5b4f42435d205041594c4f41445f4143434550544544207365713d323636206d6f64653d300d0a	[OBC] PAYLOAD_ACCEPTED seq=266 mode=0\r\n
2026-09-01T16:49:43.155469+00:00	5b4f42435d205041594c4f41445f4143434550544544207365713d323637206d6f64653d300d0a	[OBC] PAYLOAD_ACCEPTED seq=267 mode=0\r\n
2026-09-01T16:49:43.650173+00:00	5b4f42435d205041594c4f41445f4143434550544544207365713d323638206d6f64653d300d0a	[OBC] PAYLOAD_ACCEPTED seq=268 mode=0\r\n
2026-09-01T16:49:44.142627+00:00	5b4f42435d205041594c4f41445f4143434550544544207365713d323639206d6f64653d300d0a	[OBC] PAYLOAD_ACCEPTED seq=269 mode=0\r\n
2026-09-01T16:49:44.615818+00:00	5b4f42435d205041594c4f41445f5354415455532073746174653d4f4e4c494e4520706f6c6c733d323730206f6b3d3236322074696d656f75743d38206372633d30207365713d38207265636f766572793d31206865617274626561743d4f4b207761746368646f673d4f4b0d0a	[OBC] PAYLOAD_STATUS state=ONLINE polls=270 ok=262 timeout=8 crc=0 seq=8 recovery=1 heartbeat=OK watchdog=OK\r\n
2026-09-01T16:49:44.670881+00:00	5b4f42435d205041594c4f41445f4143434550544544207365713d323730206d6f64653d300d0a	[OBC] PAYLOAD_ACCEPTED seq=270 mode=0\r\n
2026-09-01T16:49:45.208124+00:00	5b4f42435d205041594c4f41445f54494d454f555420636f6e73656375746976653d310d0a	[OBC] PAYLOAD_TIMEOUT consecutive=1\r\n
2026-09-01T16:49:45.258710+00:00	5b4f42435d205041594c4f41445f52454a45435420726561736f6e3d53455155454e43450d0a	[OBC] PAYLOAD_REJECT reason=SEQUENCE\r\n
2026-09-01T16:49:45.693580+00:00	5b4f42435d205041594c4f41445f54494d454f555420636f6e73656375746976653d320d0a	[OBC] PAYLOAD_TIMEOUT consecutive=2\r\n
2026-09-01T16:49:46.188441+00:00	5b4f42435d205041594c4f41445f4f46464c494e4520636f6e73656375746976653d33206865617274626561743d4f4b207761746368646f673d4f4b0d0a	[OBC] PAYLOAD_OFFLINE consecutive=3 heartbeat=OK watchdog=OK\r\n
2026-09-01T16:49:49.046685+00:00	5b4f42435d205041594c4f41445f4143434550544544207365713d323739206d6f64653d300d0a	[OBC] PAYLOAD_ACCEPTED seq=279 mode=0\r\n
2026-09-01T16:49:49.100342+00:00	5b4f42435d205041594c4f41445f5245434f5645524544207265636f7665726965733d320d0a	[OBC] PAYLOAD_RECOVERED recoveries=2\r\n
2026-09-01T16:49:49.536256+00:00	5b4f42435d205041594c4f41445f5354415455532073746174653d4f4e4c494e4520706f6c6c733d323830206f6b3d3236342074696d656f75743d3136206372633d30207365713d3136207265636f766572793d32206865617274626561743d4f4b207761746368646f673d4f4b0d0a	[OBC] PAYLOAD_STATUS state=ONLINE polls=280 ok=264 timeout=16 crc=0 seq=16 recovery=2 heartbeat=OK watchdog=OK\r\n
2026-09-01T16:49:49.593648+00:00	5b4f42435d205041594c4f41445f4143434550544544207365713d323830206d6f64653d300d0a	[OBC] PAYLOAD_ACCEPTED seq=280 mode=0\r\n
2026-09-01T16:49:50.088971+00:00	5b4f42435d205041594c4f41445f4143434550544544207365713d323831206d6f64653d300d0a	[OBC] PAYLOAD_ACCEPTED seq=281 mode=0\r\n
2026-09-01T16:49:50.583772+00:00	5b4f42435d205041594c4f41445f4143434550544544207365713d323832206d6f64653d300d0a	[OBC] PAYLOAD_ACCEPTED seq=282 mode=0\r\n
2026-09-01T16:49:51.016674+00:00	5b4f42435d205041594c4f41445f4143434550544544207365713d323833206d6f64653d300d0a	[OBC] PAYLOAD_ACCEPTED seq=283 mode=0\r\n
2026-09-01T16:49:51.511752+00:00	5b4f42435d205041594c4f41445f4143434550544544207365713d323834206d6f64653d300d0a	[OBC] PAYLOAD_ACCEPTED seq=284 mode=0\r\n
2026-09-01T16:49:52.008422+00:00	5b4f42435d205041594c4f41445f4143434550544544207365713d323835206d6f64653d300d0a	[OBC] PAYLOAD_ACCEPTED seq=285 mode=0\r\n
2026-09-01T16:49:52.506439+00:00	5b4f42435d205041594c4f41445f4143434550544544207365713d323836206d6f64653d300d0a	[OBC] PAYLOAD_ACCEPTED seq=286 mode=0\r\n
2026-09-01T16:49:53.003854+00:00	5b4f42435d205041594c4f41445f4143434550544544207365713d323837206d6f64653d300d0a	[OBC] PAYLOAD_ACCEPTED seq=287 mode=0\r\n
2026-09-01T16:49:53.500455+00:00	5b4f42435d205041594c4f41445f4143434550544544207365713d323838206d6f64653d300d0a	[OBC] PAYLOAD_ACCEPTED seq=288 mode=0\r\n
2026-09-01T16:49:53.998472+00:00	5b4f42435d205041594c4f41445f4143434550544544207365713d323839206d6f64653d300d0a	[OBC] PAYLOAD_ACCEPTED seq=289 mode=0\r\n
2026-09-01T16:49:54.457209+00:00	5b4f42435d205041594c4f41445f5354415455532073746174653d4f4e4c494e4520706f6c6c733d323930206f6b3d3237342074696d656f75743d3136206372633d30207365713d3136207265636f766572793d32206865617274626561743d4f4b207761746368646f673d4f4b0d0a	[OBC] PAYLOAD_STATUS state=ONLINE polls=290 ok=274 timeout=16 crc=0 seq=16 recovery=2 heartbeat=OK watchdog=OK\r\n
2026-09-01T16:49:54.507210+00:00	5b4f42435d205041594c4f41445f4143434550544544207365713d323930206d6f64653d300d0a	[OBC] PAYLOAD_ACCEPTED seq=290 mode=0\r\n
2026-09-01T16:49:55.003791+00:00	5b4f42435d205041594c4f41445f4143434550544544207365713d323931206d6f64653d300d0a	[OBC] PAYLOAD_ACCEPTED seq=291 mode=0\r\n
2026-09-01T16:49:55.497596+00:00	5b4f42435d205041594c4f41445f4143434550544544207365713d323932206d6f64653d300d0a	[OBC] PAYLOAD_ACCEPTED seq=292 mode=0\r\n
2026-09-01T16:49:55.933395+00:00	5b4f42435d205041594c4f41445f4143434550544544207365713d323933206d6f64653d300d0a	[OBC] PAYLOAD_ACCEPTED seq=293 mode=0\r\n
2026-09-01T16:49:56.432660+00:00	5b4f42435d205041594c4f41445f4143434550544544207365713d323934206d6f64653d300d0a	[OBC] PAYLOAD_ACCEPTED seq=294 mode=0\r\n
2026-09-01T16:49:56.931460+00:00	5b4f42435d205041594c4f41445f4143434550544544207365713d323935206d6f64653d300d0a	[OBC] PAYLOAD_ACCEPTED seq=295 mode=0\r\n
2026-09-01T16:49:57.430213+00:00	5b4f42435d205041594c4f41445f4143434550544544207365713d323936206d6f64653d300d0a	[OBC] PAYLOAD_ACCEPTED seq=296 mode=0\r\n
2026-09-01T16:49:57.925371+00:00	5b4f42435d205041594c4f41445f4143434550544544207365713d323937206d6f64653d300d0a	[OBC] PAYLOAD_ACCEPTED seq=297 mode=0\r\n
2026-09-01T16:49:58.420563+00:00	5b4f42435d205041594c4f41445f4143434550544544207365713d323938206d6f64653d300d0a	[OBC] PAYLOAD_ACCEPTED seq=298 mode=0\r\n
2026-09-01T16:49:58.921560+00:00	5b4f42435d205041594c4f41445f4143434550544544207365713d323939206d6f64653d300d0a	[OBC] PAYLOAD_ACCEPTED seq=299 mode=0\r\n
2026-09-01T16:49:59.374885+00:00	5b4f42435d205041594c4f41445f5354415455532073746174653d4f4e4c494e4520706f6c6c733d333030206f6b3d3238342074696d656f75743d3136206372633d30207365713d3136207265636f766572793d32206865617274626561743d4f4b207761746368646f673d4f4b0d0a	[OBC] PAYLOAD_STATUS state=ONLINE polls=300 ok=284 timeout=16 crc=0 seq=16 recovery=2 heartbeat=OK watchdog=OK\r\n
2026-09-01T16:49:59.429509+00:00	5b4f42435d205041594c4f41445f4143434550544544207365713d333030206d6f64653d300d0a	[OBC] PAYLOAD_ACCEPTED seq=300 mode=0\r\n
2026-09-01T16:49:59.925026+00:00	5b4f42435d205041594c4f41445f4143434550544544207365713d333031206d6f64653d300d0a	[OBC] PAYLOAD_ACCEPTED seq=301 mode=0\r\n
2026-09-01T16:50:00.419240+00:00	5b4f42435d205041594c4f41445f4143434550544544207365713d333032206d6f64653d300d0a	[OBC] PAYLOAD_ACCEPTED seq=302 mode=0\r\n
2026-09-01T16:50:00.855249+00:00	5b4f42435d205041594c4f41445f4143434550544544207365713d333033206d6f64653d300d0a	[OBC] PAYLOAD_ACCEPTED seq=303 mode=0\r\n
2026-09-01T16:50:01.350233+00:00	5b4f42435d205041594c4f41445f4143434550544544207365713d333034206d6f64653d300d0a	[OBC] PAYLOAD_ACCEPTED seq=304 mode=0\r\n
2026-09-01T16:50:01.848062+00:00	5b4f42435d205041594c4f41445f4143434550544544207365713d333035206d6f64653d300d0a	[OBC] PAYLOAD_ACCEPTED seq=305 mode=0\r\n
2026-09-01T16:50:02.342130+00:00	5b4f42435d205041594c4f41445f4143434550544544207365713d333036206d6f64653d300d0a	[OBC] PAYLOAD_ACCEPTED seq=306 mode=0\r\n
2026-09-01T16:50:02.839355+00:00	5b4f42435d205041594c4f41445f4143434550544544207365713d333037206d6f64653d300d0a	[OBC] PAYLOAD_ACCEPTED seq=307 mode=0\r\n
2026-09-01T16:50:03.334993+00:00	5b4f42435d205041594c4f41445f4143434550544544207365713d333038206d6f64653d300d0a	[OBC] PAYLOAD_ACCEPTED seq=308 mode=0\r\n
2026-09-01T16:50:03.830430+00:00	5b4f42435d205041594c4f41445f4143434550544544207365713d333039206d6f64653d300d0a	[OBC] PAYLOAD_ACCEPTED seq=309 mode=0\r\n
2026-09-01T16:50:04.298700+00:00	5b4f42435d205041594c4f41445f5354415455532073746174653d4f4e4c494e4520706f6c6c733d333130206f6b3d3239342074696d656f75743d3136206372633d30207365713d3136207265636f766572793d32206865617274626561743d4f4b207761746368646f673d4f4b0d0a	[OBC] PAYLOAD_STATUS state=ONLINE polls=310 ok=294 timeout=16 crc=0 seq=16 recovery=2 heartbeat=OK watchdog=OK\r\n
2026-09-01T16:50:04.355761+00:00	5b4f42435d205041594c4f41445f4143434550544544207365713d333130206d6f64653d300d0a	[OBC] PAYLOAD_ACCEPTED seq=310 mode=0\r\n
2026-09-01T16:50:04.913583+00:00	5b4f42435d205041594c4f41445f4143434550544544207365713d333131206d6f64653d330d0a	[OBC] PAYLOAD_ACCEPTED seq=311 mode=3\r\n
2026-09-01T16:50:05.408632+00:00	5b4f42435d205041594c4f41445f4143434550544544207365713d333132206d6f64653d330d0a	[OBC] PAYLOAD_ACCEPTED seq=312 mode=3\r\n
2026-09-01T16:50:05.905032+00:00	5b4f42435d205041594c4f41445f4143434550544544207365713d333133206d6f64653d330d0a	[OBC] PAYLOAD_ACCEPTED seq=313 mode=3\r\n
2026-09-01T16:50:06.402650+00:00	5b4f42435d205041594c4f41445f4143434550544544207365713d333134206d6f64653d330d0a	[OBC] PAYLOAD_ACCEPTED seq=314 mode=3\r\n
2026-09-01T16:50:06.901477+00:00	5b4f42435d205041594c4f41445f4143434550544544207365713d333135206d6f64653d330d0a	[OBC] PAYLOAD_ACCEPTED seq=315 mode=3\r\n
2026-09-01T16:50:07.397370+00:00	5b4f42435d205041594c4f41445f4143434550544544207365713d333136206d6f64653d330d0a	[OBC] PAYLOAD_ACCEPTED seq=316 mode=3\r\n
2026-09-01T16:50:07.893676+00:00	5b4f42435d205041594c4f41445f4143434550544544207365713d333137206d6f64653d330d0a	[OBC] PAYLOAD_ACCEPTED seq=317 mode=3\r\n
2026-09-01T16:50:08.388953+00:00	5b4f42435d205041594c4f41445f4143434550544544207365713d333138206d6f64653d330d0a	[OBC] PAYLOAD_ACCEPTED seq=318 mode=3\r\n
2026-09-01T16:50:08.760482+00:00	5b4f42435d205041594c4f41445f4143434550544544207365713d333139206d6f64653d300d0a	[OBC] PAYLOAD_ACCEPTED seq=319 mode=0\r\n
2026-09-01T16:50:09.220831+00:00	5b4f42435d205041594c4f41445f5354415455532073746174653d4f4e4c494e4520706f6c6c733d333230206f6b3d3330342074696d656f75743d3136206372633d30207365713d3136207265636f766572793d32206865617274626561743d4f4b207761746368646f673d4f4b0d0a	[OBC] PAYLOAD_STATUS state=ONLINE polls=320 ok=304 timeout=16 crc=0 seq=16 recovery=2 heartbeat=OK watchdog=OK\r\n
2026-09-01T16:50:09.273569+00:00	5b4f42435d205041594c4f41445f4143434550544544207365713d333230206d6f64653d300d0a	[OBC] PAYLOAD_ACCEPTED seq=320 mode=0\r\n
2026-09-01T16:50:09.766742+00:00	5b4f42435d205041594c4f41445f4143434550544544207365713d333231206d6f64653d300d0a	[OBC] PAYLOAD_ACCEPTED seq=321 mode=0\r\n
2026-09-01T16:50:10.261687+00:00	5b4f42435d205041594c4f41445f4143434550544544207365713d333232206d6f64653d300d0a	[OBC] PAYLOAD_ACCEPTED seq=322 mode=0\r\n
2026-09-01T16:50:10.755027+00:00	5b4f42435d205041594c4f41445f4143434550544544207365713d333233206d6f64653d300d0a	[OBC] PAYLOAD_ACCEPTED seq=323 mode=0\r\n
2026-09-01T16:50:11.193031+00:00	5b4f42435d205041594c4f41445f4143434550544544207365713d333234206d6f64653d300d0a	[OBC] PAYLOAD_ACCEPTED seq=324 mode=0\r\n
2026-09-01T16:50:11.691397+00:00	5b4f42435d205041594c4f41445f4143434550544544207365713d333235206d6f64653d300d0a	[OBC] PAYLOAD_ACCEPTED seq=325 mode=0\r\n
2026-09-01T16:50:12.188327+00:00	5b4f42435d205041594c4f41445f4143434550544544207365713d333236206d6f64653d300d0a	[OBC] PAYLOAD_ACCEPTED seq=326 mode=0\r\n
2026-09-01T16:50:12.686797+00:00	5b4f42435d205041594c4f41445f4143434550544544207365713d333237206d6f64653d300d0a	[OBC] PAYLOAD_ACCEPTED seq=327 mode=0\r\n
2026-09-01T16:50:13.181820+00:00	5b4f42435d205041594c4f41445f4143434550544544207365713d333238206d6f64653d300d0a	[OBC] PAYLOAD_ACCEPTED seq=328 mode=0\r\n
2026-09-01T16:50:13.677160+00:00	5b4f42435d205041594c4f41445f4143434550544544207365713d333239206d6f64653d300d0a	[OBC] PAYLOAD_ACCEPTED seq=329 mode=0\r\n
2026-09-01T16:50:14.140939+00:00	5b4f42435d205041594c4f41445f5354415455532073746174653d4f4e4c494e4520706f6c6c733d333330206f6b3d3331342074696d656f75743d3136206372633d30207365713d3136207265636f766572793d32206865617274626561743d4f4b207761746368646f673d4f4b0d0a	[OBC] PAYLOAD_STATUS state=ONLINE polls=330 ok=314 timeout=16 crc=0 seq=16 recovery=2 heartbeat=OK watchdog=OK\r\n
2026-09-01T16:50:14.191701+00:00	5b4f42435d205041594c4f41445f4143434550544544207365713d333330206d6f64653d300d0a	[OBC] PAYLOAD_ACCEPTED seq=330 mode=0\r\n
2026-09-01T16:50:14.688236+00:00	5b4f42435d205041594c4f41445f4143434550544544207365713d333331206d6f64653d300d0a	[OBC] PAYLOAD_ACCEPTED seq=331 mode=0\r\n
2026-09-01T16:50:15.184281+00:00	5b4f42435d205041594c4f41445f4143434550544544207365713d333332206d6f64653d300d0a	[OBC] PAYLOAD_ACCEPTED seq=332 mode=0\r\n
2026-09-01T16:50:15.680734+00:00	5b4f42435d205041594c4f41445f4143434550544544207365713d333333206d6f64653d300d0a	[OBC] PAYLOAD_ACCEPTED seq=333 mode=0\r\n
2026-09-01T16:50:16.114183+00:00	5b4f42435d205041594c4f41445f4143434550544544207365713d333334206d6f64653d300d0a	[OBC] PAYLOAD_ACCEPTED seq=334 mode=0\r\n
2026-09-01T16:50:16.611186+00:00	5b4f42435d205041594c4f41445f4143434550544544207365713d333335206d6f64653d300d0a	[OBC] PAYLOAD_ACCEPTED seq=335 mode=0\r\n
2026-09-01T16:50:17.108215+00:00	5b4f42435d205041594c4f41445f4143434550544544207365713d333336206d6f64653d300d0a	[OBC] PAYLOAD_ACCEPTED seq=336 mode=0\r\n
2026-09-01T16:50:17.603686+00:00	5b4f42435d205041594c4f41445f4143434550544544207365713d333337206d6f64653d300d0a	[OBC] PAYLOAD_ACCEPTED seq=337 mode=0\r\n
2026-09-01T16:50:18.102930+00:00	5b4f42435d205041594c4f41445f4143434550544544207365713d333338206d6f64653d300d0a	[OBC] PAYLOAD_ACCEPTED seq=338 mode=0\r\n
2026-09-01T16:50:18.601505+00:00	5b4f42435d205041594c4f41445f4143434550544544207365713d333339206d6f64653d300d0a	[OBC] PAYLOAD_ACCEPTED seq=339 mode=0\r\n
2026-09-01T16:50:19.061429+00:00	5b4f42435d205041594c4f41445f5354415455532073746174653d4f4e4c494e4520706f6c6c733d333430206f6b3d3332342074696d656f75743d3136206372633d30207365713d3136207265636f766572793d32206865617274626561743d4f4b207761746368646f673d4f4b0d0a	[OBC] PAYLOAD_STATUS state=ONLINE polls=340 ok=324 timeout=16 crc=0 seq=16 recovery=2 heartbeat=OK watchdog=OK\r\n
2026-09-01T16:50:19.113656+00:00	5b4f42435d205041594c4f41445f4143434550544544207365713d333430206d6f64653d300d0a	[OBC] PAYLOAD_ACCEPTED seq=340 mode=0\r\n
2026-09-01T16:50:19.607508+00:00	5b4f42435d205041594c4f41445f4143434550544544207365713d333431206d6f64653d300d0a	[OBC] PAYLOAD_ACCEPTED seq=341 mode=0\r\n
2026-09-01T16:50:20.107899+00:00	5b4f42435d205041594c4f41445f4143434550544544207365713d333432206d6f64653d300d0a	[OBC] PAYLOAD_ACCEPTED seq=342 mode=0\r\n
2026-09-01T16:50:20.542670+00:00	5b4f42435d205041594c4f41445f4143434550544544207365713d333433206d6f64653d300d0a	[OBC] PAYLOAD_ACCEPTED seq=343 mode=0\r\n
2026-09-01T16:50:21.038159+00:00	5b4f42435d205041594c4f41445f4143434550544544207365713d333434206d6f64653d300d0a	[OBC] PAYLOAD_ACCEPTED seq=344 mode=0\r\n
2026-09-01T16:50:21.535201+00:00	5b4f42435d205041594c4f41445f4143434550544544207365713d333435206d6f64653d300d0a	[OBC] PAYLOAD_ACCEPTED seq=345 mode=0\r\n
2026-09-01T16:50:22.029780+00:00	5b4f42435d205041594c4f41445f4143434550544544207365713d333436206d6f64653d300d0a	[OBC] PAYLOAD_ACCEPTED seq=346 mode=0\r\n
2026-09-01T16:50:22.526805+00:00	5b4f42435d205041594c4f41445f4143434550544544207365713d333437206d6f64653d300d0a	[OBC] PAYLOAD_ACCEPTED seq=347 mode=0\r\n
2026-09-01T16:50:23.022359+00:00	5b4f42435d205041594c4f41445f4143434550544544207365713d333438206d6f64653d300d0a	[OBC] PAYLOAD_ACCEPTED seq=348 mode=0\r\n
2026-09-01T16:50:23.516170+00:00	5b4f42435d205041594c4f41445f4143434550544544207365713d333439206d6f64653d300d0a	[OBC] PAYLOAD_ACCEPTED seq=349 mode=0\r\n
2026-09-01T16:50:23.988078+00:00	5b4f42435d205041594c4f41445f5354415455532073746174653d4f4e4c494e4520706f6c6c733d333530206f6b3d3333342074696d656f75743d3136206372633d30207365713d3136207265636f766572793d32206865617274626561743d4f4b207761746368646f673d4f4b0d0a	[OBC] PAYLOAD_STATUS state=ONLINE polls=350 ok=334 timeout=16 crc=0 seq=16 recovery=2 heartbeat=OK watchdog=OK\r\n
2026-09-01T16:50:24.045787+00:00	5b4f42435d205041594c4f41445f4143434550544544207365713d333530206d6f64653d300d0a	[OBC] PAYLOAD_ACCEPTED seq=350 mode=0\r\n
2026-09-01T16:50:24.543428+00:00	5b4f42435d205041594c4f41445f4143434550544544207365713d333531206d6f64653d300d0a	[OBC] PAYLOAD_ACCEPTED seq=351 mode=0\r\n
2026-09-01T16:50:24.976740+00:00	5b4f42435d205041594c4f41445f4143434550544544207365713d333532206d6f64653d300d0a	[OBC] PAYLOAD_ACCEPTED seq=352 mode=0\r\n
2026-09-01T16:50:25.467467+00:00	5b4f42435d205041594c4f41445f4143434550544544207365713d333533206d6f64653d300d0a	[OBC] PAYLOAD_ACCEPTED seq=353 mode=0\r\n
2026-09-01T16:50:25.966019+00:00	5b4f42435d205041594c4f41445f4143434550544544207365713d333534206d6f64653d300d0a	[OBC] PAYLOAD_ACCEPTED seq=354 mode=0\r\n
2026-09-01T16:50:26.461500+00:00	5b4f42435d205041594c4f41445f4143434550544544207365713d333535206d6f64653d300d0a	[OBC] PAYLOAD_ACCEPTED seq=355 mode=0\r\n
2026-09-01T16:50:26.958797+00:00	5b4f42435d205041594c4f41445f4143434550544544207365713d333536206d6f64653d300d0a	[OBC] PAYLOAD_ACCEPTED seq=356 mode=0\r\n
2026-09-01T16:50:27.453235+00:00	5b4f42435d205041594c4f41445f4143434550544544207365713d333537206d6f64653d300d0a	[OBC] PAYLOAD_ACCEPTED seq=357 mode=0\r\n
2026-09-01T16:50:27.947318+00:00	5b4f42435d205041594c4f41445f4143434550544544207365713d333538206d6f64653d300d0a	[OBC] PAYLOAD_ACCEPTED seq=358 mode=0\r\n
2026-09-01T16:50:28.443863+00:00	5b4f42435d205041594c4f41445f4143434550544544207365713d333539206d6f64653d300d0a	[OBC] PAYLOAD_ACCEPTED seq=359 mode=0\r\n
2026-09-01T16:50:28.911739+00:00	5b4f42435d205041594c4f41445f5354415455532073746174653d4f4e4c494e4520706f6c6c733d333630206f6b3d3334342074696d656f75743d3136206372633d30207365713d3136207265636f766572793d32206865617274626561743d4f4b207761746368646f673d4f4b0d0a	[OBC] PAYLOAD_STATUS state=ONLINE polls=360 ok=344 timeout=16 crc=0 seq=16 recovery=2 heartbeat=OK watchdog=OK\r\n
2026-09-01T16:50:28.969208+00:00	5b4f42435d205041594c4f41445f4143434550544544207365713d333630206d6f64653d300d0a	[OBC] PAYLOAD_ACCEPTED seq=360 mode=0\r\n
2026-09-01T16:50:29.466421+00:00	5b4f42435d205041594c4f41445f4143434550544544207365713d333631206d6f64653d300d0a	[OBC] PAYLOAD_ACCEPTED seq=361 mode=0\r\n
2026-09-01T16:50:29.900992+00:00	5b4f42435d205041594c4f41445f4143434550544544207365713d333632206d6f64653d300d0a	[OBC] PAYLOAD_ACCEPTED seq=362 mode=0\r\n
2026-09-01T16:50:30.397191+00:00	5b4f42435d205041594c4f41445f4143434550544544207365713d333633206d6f64653d300d0a	[OBC] PAYLOAD_ACCEPTED seq=363 mode=0\r\n
2026-09-01T16:50:30.892600+00:00	5b4f42435d205041594c4f41445f4143434550544544207365713d333634206d6f64653d300d0a	[OBC] PAYLOAD_ACCEPTED seq=364 mode=0\r\n
2026-09-01T16:50:31.391181+00:00	5b4f42435d205041594c4f41445f4143434550544544207365713d333635206d6f64653d300d0a	[OBC] PAYLOAD_ACCEPTED seq=365 mode=0\r\n
2026-09-01T16:50:31.887477+00:00	5b4f42435d205041594c4f41445f4143434550544544207365713d333636206d6f64653d300d0a	[OBC] PAYLOAD_ACCEPTED seq=366 mode=0\r\n
2026-09-01T16:50:32.383135+00:00	5b4f42435d205041594c4f41445f4143434550544544207365713d333637206d6f64653d300d0a	[OBC] PAYLOAD_ACCEPTED seq=367 mode=0\r\n
2026-09-01T16:50:32.878875+00:00	5b4f42435d205041594c4f41445f4143434550544544207365713d333638206d6f64653d300d0a	[OBC] PAYLOAD_ACCEPTED seq=368 mode=0\r\n
2026-09-01T16:50:33.377877+00:00	5b4f42435d205041594c4f41445f4143434550544544207365713d333639206d6f64653d300d0a	[OBC] PAYLOAD_ACCEPTED seq=369 mode=0\r\n
2026-09-01T16:50:33.834903+00:00	5b4f42435d205041594c4f41445f5354415455532073746174653d4f4e4c494e4520706f6c6c733d333730206f6b3d3335342074696d656f75743d3136206372633d30207365713d3136207265636f766572793d32206865617274626561743d4f4b207761746368646f673d4f4b0d0a	[OBC] PAYLOAD_STATUS state=ONLINE polls=370 ok=354 timeout=16 crc=0 seq=16 recovery=2 heartbeat=OK watchdog=OK\r\n
2026-09-01T16:50:33.888807+00:00	5b4f42435d205041594c4f41445f4143434550544544207365713d333730206d6f64653d300d0a	[OBC] PAYLOAD_ACCEPTED seq=370 mode=0\r\n
2026-09-01T16:50:34.381919+00:00	5b4f42435d205041594c4f41445f4143434550544544207365713d333731206d6f64653d300d0a	[OBC] PAYLOAD_ACCEPTED seq=371 mode=0\r\n
2026-09-01T16:50:34.879556+00:00	5b4f42435d205041594c4f41445f4143434550544544207365713d333732206d6f64653d300d0a	[OBC] PAYLOAD_ACCEPTED seq=372 mode=0\r\n
2026-09-01T16:50:35.316917+00:00	5b4f42435d205041594c4f41445f4143434550544544207365713d333733206d6f64653d300d0a	[OBC] PAYLOAD_ACCEPTED seq=373 mode=0\r\n
2026-09-01T16:50:35.812737+00:00	5b4f42435d205041594c4f41445f4143434550544544207365713d333734206d6f64653d300d0a	[OBC] PAYLOAD_ACCEPTED seq=374 mode=0\r\n
2026-09-01T16:50:36.308868+00:00	5b4f42435d205041594c4f41445f4143434550544544207365713d333735206d6f64653d300d0a	[OBC] PAYLOAD_ACCEPTED seq=375 mode=0\r\n
2026-09-01T16:50:36.810359+00:00	5b4f42435d205041594c4f41445f4143434550544544207365713d333736206d6f64653d300d0a	[OBC] PAYLOAD_ACCEPTED seq=376 mode=0\r\n
2026-09-01T16:50:37.309840+00:00	5b4f42435d205041594c4f41445f4143434550544544207365713d333737206d6f64653d300d0a	[OBC] PAYLOAD_ACCEPTED seq=377 mode=0\r\n
2026-09-01T16:50:37.806859+00:00	5b4f42435d205041594c4f41445f4143434550544544207365713d333738206d6f64653d300d0a	[OBC] PAYLOAD_ACCEPTED seq=378 mode=0\r\n
2026-09-01T16:50:38.303361+00:00	5b4f42435d205041594c4f41445f4143434550544544207365713d333739206d6f64653d300d0a	[OBC] PAYLOAD_ACCEPTED seq=379 mode=0\r\n
2026-09-01T16:50:38.759668+00:00	5b4f42435d205041594c4f41445f5354415455532073746174653d4f4e4c494e4520706f6c6c733d333830206f6b3d3336342074696d656f75743d3136206372633d30207365713d3136207265636f766572793d32206865617274626561743d4f4b207761746368646f673d4f4b0d0a	[OBC] PAYLOAD_STATUS state=ONLINE polls=380 ok=364 timeout=16 crc=0 seq=16 recovery=2 heartbeat=OK watchdog=OK\r\n
2026-09-01T16:50:38.814472+00:00	5b4f42435d205041594c4f41445f4143434550544544207365713d333830206d6f64653d300d0a	[OBC] PAYLOAD_ACCEPTED seq=380 mode=0\r\n
2026-09-01T16:50:39.310427+00:00	5b4f42435d205041594c4f41445f4143434550544544207365713d333831206d6f64653d300d0a	[OBC] PAYLOAD_ACCEPTED seq=381 mode=0\r\n
2026-09-01T16:50:39.805821+00:00	5b4f42435d205041594c4f41445f4143434550544544207365713d333832206d6f64653d300d0a	[OBC] PAYLOAD_ACCEPTED seq=382 mode=0\r\n
2026-09-01T16:50:40.240727+00:00	5b4f42435d205041594c4f41445f4143434550544544207365713d333833206d6f64653d300d0a	[OBC] PAYLOAD_ACCEPTED seq=383 mode=0\r\n
2026-09-01T16:50:40.733035+00:00	5b4f42435d205041594c4f41445f4143434550544544207365713d333834206d6f64653d300d0a	[OBC] PAYLOAD_ACCEPTED seq=384 mode=0\r\n
2026-09-01T16:50:41.230558+00:00	5b4f42435d205041594c4f41445f4143434550544544207365713d333835206d6f64653d300d0a	[OBC] PAYLOAD_ACCEPTED seq=385 mode=0\r\n
2026-09-01T16:50:41.727730+00:00	5b4f42435d205041594c4f41445f4143434550544544207365713d333836206d6f64653d300d0a	[OBC] PAYLOAD_ACCEPTED seq=386 mode=0\r\n
2026-09-01T16:50:42.227043+00:00	5b4f42435d205041594c4f41445f4143434550544544207365713d333837206d6f64653d300d0a	[OBC] PAYLOAD_ACCEPTED seq=387 mode=0\r\n
2026-09-01T16:50:42.723709+00:00	5b4f42435d205041594c4f41445f4143434550544544207365713d333838206d6f64653d300d0a	[OBC] PAYLOAD_ACCEPTED seq=388 mode=0\r\n
2026-09-01T16:50:43.222866+00:00	5b4f42435d205041594c4f41445f4143434550544544207365713d333839206d6f64653d300d0a	[OBC] PAYLOAD_ACCEPTED seq=389 mode=0\r\n
2026-09-01T16:50:43.682755+00:00	5b4f42435d205041594c4f41445f5354415455532073746174653d4f4e4c494e4520706f6c6c733d333930206f6b3d3337342074696d656f75743d3136206372633d30207365713d3136207265636f766572793d32206865617274626561743d4f4b207761746368646f673d4f4b0d0a	[OBC] PAYLOAD_STATUS state=ONLINE polls=390 ok=374 timeout=16 crc=0 seq=16 recovery=2 heartbeat=OK watchdog=OK\r\n
2026-09-01T16:50:43.734325+00:00	5b4f42435d205041594c4f41445f4143434550544544207365713d333930206d6f64653d300d0a	[OBC] PAYLOAD_ACCEPTED seq=390 mode=0\r\n
2026-09-01T16:50:44.276177+00:00	5b4f42435d205041594c4f41445f54494d454f555420636f6e73656375746976653d310d0a	[OBC] PAYLOAD_TIMEOUT consecutive=1\r\n
2026-09-01T16:50:44.340588+00:00	5b4f42435d205041594c4f41445f52454a45435420726561736f6e3d53455155454e43450d0a	[OBC] PAYLOAD_REJECT reason=SEQUENCE\r\n
2026-09-01T16:50:44.775649+00:00	5b4f42435d205041594c4f41445f54494d454f555420636f6e73656375746976653d320d0a	[OBC] PAYLOAD_TIMEOUT consecutive=2\r\n
2026-09-01T16:50:45.274466+00:00	5b4f42435d205041594c4f41445f4f46464c494e4520636f6e73656375746976653d33206865617274626561743d4f4b207761746368646f673d4f4b0d0a	[OBC] PAYLOAD_OFFLINE consecutive=3 heartbeat=OK watchdog=OK\r\n
2026-09-01T16:50:48.118153+00:00	5b4f42435d205041594c4f41445f4143434550544544207365713d333939206d6f64653d300d0a	[OBC] PAYLOAD_ACCEPTED seq=399 mode=0\r\n
2026-09-01T16:50:48.176758+00:00	5b4f42435d205041594c4f41445f5245434f5645524544207265636f7665726965733d330d0a	[OBC] PAYLOAD_RECOVERED recoveries=3\r\n
2026-09-01T16:50:48.606101+00:00	5b4f42435d205041594c4f41445f5354415455532073746174653d4f4e4c494e4520706f6c6c733d343030206f6b3d3337362074696d656f75743d3234206372633d30207365713d3234207265636f766572793d33206865617274626561743d4f4b207761746368646f673d4f4b0d0a	[OBC] PAYLOAD_STATUS state=ONLINE polls=400 ok=376 timeout=24 crc=0 seq=24 recovery=3 heartbeat=OK watchdog=OK\r\n
2026-09-01T16:50:48.670337+00:00	5b4f42435d205041594c4f41445f4143434550544544207365713d343030206d6f64653d300d0a	[OBC] PAYLOAD_ACCEPTED seq=400 mode=0\r\n
2026-09-01T16:50:49.101975+00:00	5b4f42435d205041594c4f41445f4143434550544544207365713d343031206d6f64653d300d0a	[OBC] PAYLOAD_ACCEPTED seq=401 mode=0\r\n
2026-09-01T16:50:49.599498+00:00	5b4f42435d205041594c4f41445f4143434550544544207365713d343032206d6f64653d300d0a	[OBC] PAYLOAD_ACCEPTED seq=402 mode=0\r\n
2026-09-01T16:50:50.098404+00:00	5b4f42435d205041594c4f41445f4143434550544544207365713d343033206d6f64653d300d0a	[OBC] PAYLOAD_ACCEPTED seq=403 mode=0\r\n
2026-09-01T16:50:50.593725+00:00	5b4f42435d205041594c4f41445f4143434550544544207365713d343034206d6f64653d300d0a	[OBC] PAYLOAD_ACCEPTED seq=404 mode=0\r\n
2026-09-01T16:50:51.094192+00:00	5b4f42435d205041594c4f41445f4143434550544544207365713d343035206d6f64653d300d0a	[OBC] PAYLOAD_ACCEPTED seq=405 mode=0\r\n
2026-09-01T16:50:51.592734+00:00	5b4f42435d205041594c4f41445f4143434550544544207365713d343036206d6f64653d300d0a	[OBC] PAYLOAD_ACCEPTED seq=406 mode=0\r\n
2026-09-01T16:50:52.090903+00:00	5b4f42435d205041594c4f41445f4143434550544544207365713d343037206d6f64653d300d0a	[OBC] PAYLOAD_ACCEPTED seq=407 mode=0\r\n
2026-09-01T16:50:52.589170+00:00	5b4f42435d205041594c4f41445f4143434550544544207365713d343038206d6f64653d300d0a	[OBC] PAYLOAD_ACCEPTED seq=408 mode=0\r\n
2026-09-01T16:50:53.086847+00:00	5b4f42435d205041594c4f41445f4143434550544544207365713d343039206d6f64653d300d0a	[OBC] PAYLOAD_ACCEPTED seq=409 mode=0\r\n
2026-09-01T16:50:53.528766+00:00	5b4f42435d205041594c4f41445f5354415455532073746174653d4f4e4c494e4520706f6c6c733d343130206f6b3d3338362074696d656f75743d3234206372633d30207365713d3234207265636f766572793d33206865617274626561743d4f4b207761746368646f673d4f4b0d0a	[OBC] PAYLOAD_STATUS state=ONLINE polls=410 ok=386 timeout=24 crc=0 seq=24 recovery=3 heartbeat=OK watchdog=OK\r\n
2026-09-01T16:50:53.580053+00:00	5b4f42435d205041594c4f41445f4143434550544544207365713d343130206d6f64653d300d0a	[OBC] PAYLOAD_ACCEPTED seq=410 mode=0\r\n
2026-09-01T16:50:54.073879+00:00	5b4f42435d205041594c4f41445f4143434550544544207365713d343131206d6f64653d300d0a	[OBC] PAYLOAD_ACCEPTED seq=411 mode=0\r\n
2026-09-01T16:50:54.571412+00:00	5b4f42435d205041594c4f41445f4143434550544544207365713d343132206d6f64653d300d0a	[OBC] PAYLOAD_ACCEPTED seq=412 mode=0\r\n
2026-09-01T16:50:55.008275+00:00	5b4f42435d205041594c4f41445f4143434550544544207365713d343133206d6f64653d300d0a	[OBC] PAYLOAD_ACCEPTED seq=413 mode=0\r\n
2026-09-01T16:50:55.506307+00:00	5b4f42435d205041594c4f41445f4143434550544544207365713d343134206d6f64653d300d0a	[OBC] PAYLOAD_ACCEPTED seq=414 mode=0\r\n
2026-09-01T16:50:56.003320+00:00	5b4f42435d205041594c4f41445f4143434550544544207365713d343135206d6f64653d300d0a	[OBC] PAYLOAD_ACCEPTED seq=415 mode=0\r\n
2026-09-01T16:50:56.501509+00:00	5b4f42435d205041594c4f41445f4143434550544544207365713d343136206d6f64653d300d0a	[OBC] PAYLOAD_ACCEPTED seq=416 mode=0\r\n
2026-09-01T16:50:56.994619+00:00	5b4f42435d205041594c4f41445f4143434550544544207365713d343137206d6f64653d300d0a	[OBC] PAYLOAD_ACCEPTED seq=417 mode=0\r\n
2026-09-01T16:50:57.492414+00:00	5b4f42435d205041594c4f41445f4143434550544544207365713d343138206d6f64653d300d0a	[OBC] PAYLOAD_ACCEPTED seq=418 mode=0\r\n
2026-09-01T16:50:57.989138+00:00	5b4f42435d205041594c4f41445f4143434550544544207365713d343139206d6f64653d300d0a	[OBC] PAYLOAD_ACCEPTED seq=419 mode=0\r\n
2026-09-01T16:50:58.450093+00:00	5b4f42435d205041594c4f41445f5354415455532073746174653d4f4e4c494e4520706f6c6c733d343230206f6b3d3339362074696d656f75743d3234206372633d30207365713d3234207265636f766572793d33206865617274626561743d4f4b207761746368646f673d4f4b0d0a	[OBC] PAYLOAD_STATUS state=ONLINE polls=420 ok=396 timeout=24 crc=0 seq=24 recovery=3 heartbeat=OK watchdog=OK\r\n
2026-09-01T16:50:58.503059+00:00	5b4f42435d205041594c4f41445f4143434550544544207365713d343230206d6f64653d300d0a	[OBC] PAYLOAD_ACCEPTED seq=420 mode=0\r\n
2026-09-01T16:50:58.997577+00:00	5b4f42435d205041594c4f41445f4143434550544544207365713d343231206d6f64653d300d0a	[OBC] PAYLOAD_ACCEPTED seq=421 mode=0\r\n
2026-09-01T16:50:59.493802+00:00	5b4f42435d205041594c4f41445f4143434550544544207365713d343232206d6f64653d300d0a	[OBC] PAYLOAD_ACCEPTED seq=422 mode=0\r\n
2026-09-01T16:50:59.989582+00:00	5b4f42435d205041594c4f41445f4143434550544544207365713d343233206d6f64653d300d0a	[OBC] PAYLOAD_ACCEPTED seq=423 mode=0\r\n
2026-09-01T16:51:00.423845+00:00	5b4f42435d205041594c4f41445f4143434550544544207365713d343234206d6f64653d300d0a	[OBC] PAYLOAD_ACCEPTED seq=424 mode=0\r\n
2026-09-01T16:51:00.920288+00:00	5b4f42435d205041594c4f41445f4143434550544544207365713d343235206d6f64653d300d0a	[OBC] PAYLOAD_ACCEPTED seq=425 mode=0\r\n
2026-09-01T16:51:01.416291+00:00	5b4f42435d205041594c4f41445f4143434550544544207365713d343236206d6f64653d300d0a	[OBC] PAYLOAD_ACCEPTED seq=426 mode=0\r\n
2026-09-01T16:51:01.912059+00:00	5b4f42435d205041594c4f41445f4143434550544544207365713d343237206d6f64653d300d0a	[OBC] PAYLOAD_ACCEPTED seq=427 mode=0\r\n
2026-09-01T16:51:02.410204+00:00	5b4f42435d205041594c4f41445f4143434550544544207365713d343238206d6f64653d300d0a	[OBC] PAYLOAD_ACCEPTED seq=428 mode=0\r\n
2026-09-01T16:51:02.905848+00:00	5b4f42435d205041594c4f41445f4143434550544544207365713d343239206d6f64653d300d0a	[OBC] PAYLOAD_ACCEPTED seq=429 mode=0\r\n
2026-09-01T16:51:03.371238+00:00	5b4f42435d205041594c4f41445f5354415455532073746174653d4f4e4c494e4520706f6c6c733d343330206f6b3d3430362074696d656f75743d3234206372633d30207365713d3234207265636f766572793d33206865617274626561743d4f4b207761746368646f673d4f4b0d0a	[OBC] PAYLOAD_STATUS state=ONLINE polls=430 ok=406 timeout=24 crc=0 seq=24 recovery=3 heartbeat=OK watchdog=OK\r\n
2026-09-01T16:51:03.433395+00:00	5b4f42435d205041594c4f41445f4143434550544544207365713d343330206d6f64653d300d0a	[OBC] PAYLOAD_ACCEPTED seq=430 mode=0\r\n
2026-09-01T16:51:03.975229+00:00	5b4f42435d205041594c4f41445f54494d454f555420636f6e73656375746976653d310d0a	[OBC] PAYLOAD_TIMEOUT consecutive=1\r\n
2026-09-01T16:51:04.034699+00:00	5b4f42435d205041594c4f41445f52454a45435420726561736f6e3d53455155454e43450d0a	[OBC] PAYLOAD_REJECT reason=SEQUENCE\r\n
2026-09-01T16:51:04.468295+00:00	5b4f42435d205041594c4f41445f54494d454f555420636f6e73656375746976653d320d0a	[OBC] PAYLOAD_TIMEOUT consecutive=2\r\n
2026-09-01T16:51:04.967142+00:00	5b4f42435d205041594c4f41445f4f46464c494e4520636f6e73656375746976653d33206865617274626561743d4f4b207761746368646f673d4f4b0d0a	[OBC] PAYLOAD_OFFLINE consecutive=3 heartbeat=OK watchdog=OK\r\n
2026-09-01T16:51:07.807040+00:00	5b4f42435d205041594c4f41445f4143434550544544207365713d343339206d6f64653d300d0a	[OBC] PAYLOAD_ACCEPTED seq=439 mode=0\r\n
2026-09-01T16:51:07.873373+00:00	5b4f42435d205041594c4f41445f5245434f5645524544207265636f7665726965733d340d0a	[OBC] PAYLOAD_RECOVERED recoveries=4\r\n
2026-09-01T16:51:08.295901+00:00	5b4f42435d205041594c4f41445f5354415455532073746174653d4f4e4c494e4520706f6c6c733d343430206f6b3d3430382074696d656f75743d3332206372633d30207365713d3332207265636f766572793d34206865617274626561743d4f4b207761746368646f673d4f4b0d0a	[OBC] PAYLOAD_STATUS state=ONLINE polls=440 ok=408 timeout=32 crc=0 seq=32 recovery=4 heartbeat=OK watchdog=OK\r\n
2026-09-01T16:51:08.350897+00:00	5b4f42435d205041594c4f41445f4143434550544544207365713d343430206d6f64653d300d0a	[OBC] PAYLOAD_ACCEPTED seq=440 mode=0\r\n
2026-09-01T16:51:08.846772+00:00	5b4f42435d205041594c4f41445f4143434550544544207365713d343431206d6f64653d300d0a	[OBC] PAYLOAD_ACCEPTED seq=441 mode=0\r\n
2026-09-01T16:51:09.341837+00:00	5b4f42435d205041594c4f41445f4143434550544544207365713d343432206d6f64653d300d0a	[OBC] PAYLOAD_ACCEPTED seq=442 mode=0\r\n
2026-09-01T16:51:09.776768+00:00	5b4f42435d205041594c4f41445f4143434550544544207365713d343433206d6f64653d300d0a	[OBC] PAYLOAD_ACCEPTED seq=443 mode=0\r\n
2026-09-01T16:51:10.272619+00:00	5b4f42435d205041594c4f41445f4143434550544544207365713d343434206d6f64653d300d0a	[OBC] PAYLOAD_ACCEPTED seq=444 mode=0\r\n
2026-09-01T16:51:10.767245+00:00	5b4f42435d205041594c4f41445f4143434550544544207365713d343435206d6f64653d300d0a	[OBC] PAYLOAD_ACCEPTED seq=445 mode=0\r\n
2026-09-01T16:51:11.263245+00:00	5b4f42435d205041594c4f41445f4143434550544544207365713d343436206d6f64653d300d0a	[OBC] PAYLOAD_ACCEPTED seq=446 mode=0\r\n
2026-09-01T16:51:11.760389+00:00	5b4f42435d205041594c4f41445f4143434550544544207365713d343437206d6f64653d300d0a	[OBC] PAYLOAD_ACCEPTED seq=447 mode=0\r\n
2026-09-01T16:51:12.253327+00:00	5b4f42435d205041594c4f41445f4143434550544544207365713d343438206d6f64653d300d0a	[OBC] PAYLOAD_ACCEPTED seq=448 mode=0\r\n
2026-09-01T16:51:12.749988+00:00	5b4f42435d205041594c4f41445f4143434550544544207365713d343439206d6f64653d300d0a	[OBC] PAYLOAD_ACCEPTED seq=449 mode=0\r\n
2026-09-01T16:51:13.219693+00:00	5b4f42435d205041594c4f41445f5354415455532073746174653d4f4e4c494e4520706f6c6c733d343530206f6b3d3431382074696d656f75743d3332206372633d30207365713d3332207265636f766572793d34206865617274626561743d4f4b207761746368646f673d4f4b0d0a	[OBC] PAYLOAD_STATUS state=ONLINE polls=450 ok=418 timeout=32 crc=0 seq=32 recovery=4 heartbeat=OK watchdog=OK\r\n
2026-09-01T16:51:13.276922+00:00	5b4f42435d205041594c4f41445f4143434550544544207365713d343530206d6f64653d300d0a	[OBC] PAYLOAD_ACCEPTED seq=450 mode=0\r\n
2026-09-01T16:51:13.715141+00:00	5b4f42435d205041594c4f41445f4143434550544544207365713d343531206d6f64653d300d0a	[OBC] PAYLOAD_ACCEPTED seq=451 mode=0\r\n
2026-09-01T16:51:14.213045+00:00	5b4f42435d205041594c4f41445f4143434550544544207365713d343532206d6f64653d300d0a	[OBC] PAYLOAD_ACCEPTED seq=452 mode=0\r\n
2026-09-01T16:51:14.712752+00:00	5b4f42435d205041594c4f41445f4143434550544544207365713d343533206d6f64653d300d0a	[OBC] PAYLOAD_ACCEPTED seq=453 mode=0\r\n
2026-09-01T16:51:15.211238+00:00	5b4f42435d205041594c4f41445f4143434550544544207365713d343534206d6f64653d300d0a	[OBC] PAYLOAD_ACCEPTED seq=454 mode=0\r\n
2026-09-01T16:51:15.707468+00:00	5b4f42435d205041594c4f41445f4143434550544544207365713d343535206d6f64653d300d0a	[OBC] PAYLOAD_ACCEPTED seq=455 mode=0\r\n
2026-09-01T16:51:16.203832+00:00	5b4f42435d205041594c4f41445f4143434550544544207365713d343536206d6f64653d300d0a	[OBC] PAYLOAD_ACCEPTED seq=456 mode=0\r\n
2026-09-01T16:51:16.700889+00:00	5b4f42435d205041594c4f41445f4143434550544544207365713d343537206d6f64653d300d0a	[OBC] PAYLOAD_ACCEPTED seq=457 mode=0\r\n
2026-09-01T16:51:17.199826+00:00	5b4f42435d205041594c4f41445f4143434550544544207365713d343538206d6f64653d300d0a	[OBC] PAYLOAD_ACCEPTED seq=458 mode=0\r\n
2026-09-01T16:51:17.695334+00:00	5b4f42435d205041594c4f41445f4143434550544544207365713d343539206d6f64653d300d0a	[OBC] PAYLOAD_ACCEPTED seq=459 mode=0\r\n
2026-09-01T16:51:18.140881+00:00	5b4f42435d205041594c4f41445f5354415455532073746174653d4f4e4c494e4520706f6c6c733d343630206f6b3d3432382074696d656f75743d3332206372633d30207365713d3332207265636f766572793d34206865617274626561743d4f4b207761746368646f673d4f4b0d0a	[OBC] PAYLOAD_STATUS state=ONLINE polls=460 ok=428 timeout=32 crc=0 seq=32 recovery=4 heartbeat=OK watchdog=OK\r\n
2026-09-01T16:51:18.193674+00:00	5b4f42435d205041594c4f41445f4143434550544544207365713d343630206d6f64653d300d0a	[OBC] PAYLOAD_ACCEPTED seq=460 mode=0\r\n
2026-09-01T16:51:18.690465+00:00	5b4f42435d205041594c4f41445f4143434550544544207365713d343631206d6f64653d300d0a	[OBC] PAYLOAD_ACCEPTED seq=461 mode=0\r\n
2026-09-01T16:51:19.189023+00:00	5b4f42435d205041594c4f41445f4143434550544544207365713d343632206d6f64653d300d0a	[OBC] PAYLOAD_ACCEPTED seq=462 mode=0\r\n
2026-09-01T16:51:19.624769+00:00	5b4f42435d205041594c4f41445f4143434550544544207365713d343633206d6f64653d300d0a	[OBC] PAYLOAD_ACCEPTED seq=463 mode=0\r\n
2026-09-01T16:51:20.121662+00:00	5b4f42435d205041594c4f41445f4143434550544544207365713d343634206d6f64653d300d0a	[OBC] PAYLOAD_ACCEPTED seq=464 mode=0\r\n
2026-09-01T16:51:20.615930+00:00	5b4f42435d205041594c4f41445f4143434550544544207365713d343635206d6f64653d300d0a	[OBC] PAYLOAD_ACCEPTED seq=465 mode=0\r\n
2026-09-01T16:51:21.113003+00:00	5b4f42435d205041594c4f41445f4143434550544544207365713d343636206d6f64653d300d0a	[OBC] PAYLOAD_ACCEPTED seq=466 mode=0\r\n
2026-09-01T16:51:21.606980+00:00	5b4f42435d205041594c4f41445f4143434550544544207365713d343637206d6f64653d300d0a	[OBC] PAYLOAD_ACCEPTED seq=467 mode=0\r\n
2026-09-01T16:51:22.104761+00:00	5b4f42435d205041594c4f41445f4143434550544544207365713d343638206d6f64653d300d0a	[OBC] PAYLOAD_ACCEPTED seq=468 mode=0\r\n
2026-09-01T16:51:22.604057+00:00	5b4f42435d205041594c4f41445f4143434550544544207365713d343639206d6f64653d300d0a	[OBC] PAYLOAD_ACCEPTED seq=469 mode=0\r\n
2026-09-01T16:51:23.062137+00:00	5b4f42435d205041594c4f41445f5354415455532073746174653d4f4e4c494e4520706f6c6c733d343730206f6b3d3433382074696d656f75743d3332206372633d30207365713d3332207265636f766572793d34206865617274626561743d4f4b207761746368646f673d4f4b0d0a	[OBC] PAYLOAD_STATUS state=ONLINE polls=470 ok=438 timeout=32 crc=0 seq=32 recovery=4 heartbeat=OK watchdog=OK\r\n
2026-09-01T16:51:23.116046+00:00	5b4f42435d205041594c4f41445f4143434550544544207365713d343730206d6f64653d300d0a	[OBC] PAYLOAD_ACCEPTED seq=470 mode=0\r\n
2026-09-01T16:51:23.655413+00:00	5b4f42435d205041594c4f41445f54494d454f555420636f6e73656375746976653d310d0a	[OBC] PAYLOAD_TIMEOUT consecutive=1\r\n
2026-09-01T16:51:23.706254+00:00	5b4f42435d205041594c4f41445f52454a45435420726561736f6e3d53455155454e43450d0a	[OBC] PAYLOAD_REJECT reason=SEQUENCE\r\n
2026-09-01T16:51:24.141308+00:00	5b4f42435d205041594c4f41445f54494d454f555420636f6e73656375746976653d320d0a	[OBC] PAYLOAD_TIMEOUT consecutive=2\r\n
2026-09-01T16:51:24.635233+00:00	5b4f42435d205041594c4f41445f4f46464c494e4520636f6e73656375746976653d33206865617274626561743d4f4b207761746368646f673d4f4b0d0a	[OBC] PAYLOAD_OFFLINE consecutive=3 heartbeat=OK watchdog=OK\r\n
2026-09-01T16:51:27.497160+00:00	5b4f42435d205041594c4f41445f4143434550544544207365713d343739206d6f64653d300d0a	[OBC] PAYLOAD_ACCEPTED seq=479 mode=0\r\n
2026-09-01T16:51:27.561740+00:00	5b4f42435d205041594c4f41445f5245434f5645524544207265636f7665726965733d350d0a	[OBC] PAYLOAD_RECOVERED recoveries=5\r\n
2026-09-01T16:51:27.983110+00:00	5b4f42435d205041594c4f41445f5354415455532073746174653d4f4e4c494e4520706f6c6c733d343830206f6b3d3434302074696d656f75743d3430206372633d30207365713d3430207265636f766572793d35206865617274626561743d4f4b207761746368646f673d4f4b0d0a	[OBC] PAYLOAD_STATUS state=ONLINE polls=480 ok=440 timeout=40 crc=0 seq=40 recovery=5 heartbeat=OK watchdog=OK\r\n
2026-09-01T16:51:28.046256+00:00	5b4f42435d205041594c4f41445f4143434550544544207365713d343830206d6f64653d300d0a	[OBC] PAYLOAD_ACCEPTED seq=480 mode=0\r\n
2026-09-01T16:51:28.480070+00:00	5b4f42435d205041594c4f41445f4143434550544544207365713d343831206d6f64653d300d0a	[OBC] PAYLOAD_ACCEPTED seq=481 mode=0\r\n
2026-09-01T16:51:28.976937+00:00	5b4f42435d205041594c4f41445f4143434550544544207365713d343832206d6f64653d300d0a	[OBC] PAYLOAD_ACCEPTED seq=482 mode=0\r\n
2026-09-01T16:51:29.472336+00:00	5b4f42435d205041594c4f41445f4143434550544544207365713d343833206d6f64653d300d0a	[OBC] PAYLOAD_ACCEPTED seq=483 mode=0\r\n
2026-09-01T16:51:29.971367+00:00	5b4f42435d205041594c4f41445f4143434550544544207365713d343834206d6f64653d300d0a	[OBC] PAYLOAD_ACCEPTED seq=484 mode=0\r\n
2026-09-01T16:51:30.468697+00:00	5b4f42435d205041594c4f41445f4143434550544544207365713d343835206d6f64653d300d0a	[OBC] PAYLOAD_ACCEPTED seq=485 mode=0\r\n
2026-09-01T16:51:30.965507+00:00	5b4f42435d205041594c4f41445f4143434550544544207365713d343836206d6f64653d300d0a	[OBC] PAYLOAD_ACCEPTED seq=486 mode=0\r\n
2026-09-01T16:51:31.460520+00:00	5b4f42435d205041594c4f41445f4143434550544544207365713d343837206d6f64653d300d0a	[OBC] PAYLOAD_ACCEPTED seq=487 mode=0\r\n
2026-09-01T16:51:31.957325+00:00	5b4f42435d205041594c4f41445f4143434550544544207365713d343838206d6f64653d300d0a	[OBC] PAYLOAD_ACCEPTED seq=488 mode=0\r\n
2026-09-01T16:51:32.452022+00:00	5b4f42435d205041594c4f41445f4143434550544544207365713d343839206d6f64653d300d0a	[OBC] PAYLOAD_ACCEPTED seq=489 mode=0\r\n
2026-09-01T16:51:32.906232+00:00	5b4f42435d205041594c4f41445f5354415455532073746174653d4f4e4c494e4520706f6c6c733d343930206f6b3d3435302074696d656f75743d3430206372633d30207365713d3430207265636f766572793d35206865617274626561743d4f4b207761746368646f673d4f4b0d0a	[OBC] PAYLOAD_STATUS state=ONLINE polls=490 ok=450 timeout=40 crc=0 seq=40 recovery=5 heartbeat=OK watchdog=OK\r\n
2026-09-01T16:51:32.960008+00:00	5b4f42435d205041594c4f41445f4143434550544544207365713d343930206d6f64653d300d0a	[OBC] PAYLOAD_ACCEPTED seq=490 mode=0\r\n
2026-09-01T16:51:33.456550+00:00	5b4f42435d205041594c4f41445f4143434550544544207365713d343931206d6f64653d300d0a	[OBC] PAYLOAD_ACCEPTED seq=491 mode=0\r\n
2026-09-01T16:51:33.953282+00:00	5b4f42435d205041594c4f41445f4143434550544544207365713d343932206d6f64653d300d0a	[OBC] PAYLOAD_ACCEPTED seq=492 mode=0\r\n
2026-09-01T16:51:34.387757+00:00	5b4f42435d205041594c4f41445f4143434550544544207365713d343933206d6f64653d300d0a	[OBC] PAYLOAD_ACCEPTED seq=493 mode=0\r\n
2026-09-01T16:51:34.882193+00:00	5b4f42435d205041594c4f41445f4143434550544544207365713d343934206d6f64653d300d0a	[OBC] PAYLOAD_ACCEPTED seq=494 mode=0\r\n
2026-09-01T16:51:35.378729+00:00	5b4f42435d205041594c4f41445f4143434550544544207365713d343935206d6f64653d300d0a	[OBC] PAYLOAD_ACCEPTED seq=495 mode=0\r\n
2026-09-01T16:51:35.877550+00:00	5b4f42435d205041594c4f41445f4143434550544544207365713d343936206d6f64653d300d0a	[OBC] PAYLOAD_ACCEPTED seq=496 mode=0\r\n
2026-09-01T16:51:36.374615+00:00	5b4f42435d205041594c4f41445f4143434550544544207365713d343937206d6f64653d300d0a	[OBC] PAYLOAD_ACCEPTED seq=497 mode=0\r\n
2026-09-01T16:51:36.867730+00:00	5b4f42435d205041594c4f41445f4143434550544544207365713d343938206d6f64653d300d0a	[OBC] PAYLOAD_ACCEPTED seq=498 mode=0\r\n
2026-09-01T16:51:37.364612+00:00	5b4f42435d205041594c4f41445f4143434550544544207365713d343939206d6f64653d300d0a	[OBC] PAYLOAD_ACCEPTED seq=499 mode=0\r\n
2026-09-01T16:51:37.826492+00:00	5b4f42435d205041594c4f41445f5354415455532073746174653d4f4e4c494e4520706f6c6c733d353030206f6b3d3436302074696d656f75743d3430206372633d30207365713d3430207265636f766572793d35206865617274626561743d4f4b207761746368646f673d4f4b0d0a	[OBC] PAYLOAD_STATUS state=ONLINE polls=500 ok=460 timeout=40 crc=0 seq=40 recovery=5 heartbeat=OK watchdog=OK\r\n
2026-09-01T16:51:37.889866+00:00	5b4f42435d205041594c4f41445f4143434550544544207365713d353030206d6f64653d300d0a	[OBC] PAYLOAD_ACCEPTED seq=500 mode=0\r\n
2026-09-01T16:51:38.325784+00:00	5b4f42435d205041594c4f41445f4143434550544544207365713d353031206d6f64653d300d0a	[OBC] PAYLOAD_ACCEPTED seq=501 mode=0\r\n
2026-09-01T16:51:38.822407+00:00	5b4f42435d205041594c4f41445f4143434550544544207365713d353032206d6f64653d300d0a	[OBC] PAYLOAD_ACCEPTED seq=502 mode=0\r\n
2026-09-01T16:51:39.319165+00:00	5b4f42435d205041594c4f41445f4143434550544544207365713d353033206d6f64653d300d0a	[OBC] PAYLOAD_ACCEPTED seq=503 mode=0\r\n
2026-09-01T16:51:39.815629+00:00	5b4f42435d205041594c4f41445f4143434550544544207365713d353034206d6f64653d300d0a	[OBC] PAYLOAD_ACCEPTED seq=504 mode=0\r\n
2026-09-01T16:51:40.311451+00:00	5b4f42435d205041594c4f41445f4143434550544544207365713d353035206d6f64653d300d0a	[OBC] PAYLOAD_ACCEPTED seq=505 mode=0\r\n
2026-09-01T16:51:40.805819+00:00	5b4f42435d205041594c4f41445f4143434550544544207365713d353036206d6f64653d300d0a	[OBC] PAYLOAD_ACCEPTED seq=506 mode=0\r\n
2026-09-01T16:51:41.300868+00:00	5b4f42435d205041594c4f41445f4143434550544544207365713d353037206d6f64653d300d0a	[OBC] PAYLOAD_ACCEPTED seq=507 mode=0\r\n
2026-09-01T16:51:41.798606+00:00	5b4f42435d205041594c4f41445f4143434550544544207365713d353038206d6f64653d300d0a	[OBC] PAYLOAD_ACCEPTED seq=508 mode=0\r\n
2026-09-01T16:51:42.297070+00:00	5b4f42435d205041594c4f41445f4143434550544544207365713d353039206d6f64653d300d0a	[OBC] PAYLOAD_ACCEPTED seq=509 mode=0\r\n
2026-09-01T16:51:42.748406+00:00	5b4f42435d205041594c4f41445f5354415455532073746174653d4f4e4c494e4520706f6c6c733d353130206f6b3d3437302074696d656f75743d3430206372633d30207365713d3430207265636f766572793d35206865617274626561743d4f4b207761746368646f673d4f4b0d0a	[OBC] PAYLOAD_STATUS state=ONLINE polls=510 ok=470 timeout=40 crc=0 seq=40 recovery=5 heartbeat=OK watchdog=OK\r\n
2026-09-01T16:51:42.806099+00:00	5b4f42435d205041594c4f41445f4143434550544544207365713d353130206d6f64653d300d0a	[OBC] PAYLOAD_ACCEPTED seq=510 mode=0\r\n
2026-09-01T16:51:43.352372+00:00	5b4f42435d205041594c4f41445f54494d454f555420636f6e73656375746976653d310d0a	[OBC] PAYLOAD_TIMEOUT consecutive=1\r\n
2026-09-01T16:51:43.409945+00:00	5b4f42435d205041594c4f41445f52454a45435420726561736f6e3d53455155454e43450d0a	[OBC] PAYLOAD_REJECT reason=SEQUENCE\r\n
2026-09-01T16:51:43.842258+00:00	5b4f42435d205041594c4f41445f54494d454f555420636f6e73656375746976653d320d0a	[OBC] PAYLOAD_TIMEOUT consecutive=2\r\n
2026-09-01T16:51:44.336968+00:00	5b4f42435d205041594c4f41445f4f46464c494e4520636f6e73656375746976653d33206865617274626561743d4f4b207761746368646f673d4f4b0d0a	[OBC] PAYLOAD_OFFLINE consecutive=3 heartbeat=OK watchdog=OK\r\n
2026-09-01T16:51:47.183644+00:00	5b4f42435d205041594c4f41445f4143434550544544207365713d353139206d6f64653d300d0a	[OBC] PAYLOAD_ACCEPTED seq=519 mode=0\r\n
2026-09-01T16:51:47.234123+00:00	5b4f42435d205041594c4f41445f5245434f5645524544207265636f7665726965733d360d0a	[OBC] PAYLOAD_RECOVERED recoveries=6\r\n
2026-09-01T16:51:47.669655+00:00	5b4f42435d205041594c4f41445f5354415455532073746174653d4f4e4c494e4520706f6c6c733d353230206f6b3d3437322074696d656f75743d3438206372633d30207365713d3438207265636f766572793d36206865617274626561743d4f4b207761746368646f673d4f4b0d0a	[OBC] PAYLOAD_STATUS state=ONLINE polls=520 ok=472 timeout=48 crc=0 seq=48 recovery=6 heartbeat=OK watchdog=OK\r\n
2026-09-01T16:51:47.730900+00:00	5b4f42435d205041594c4f41445f4143434550544544207365713d353230206d6f64653d300d0a	[OBC] PAYLOAD_ACCEPTED seq=520 mode=0\r\n
2026-09-01T16:51:48.226004+00:00	5b4f42435d205041594c4f41445f4143434550544544207365713d353231206d6f64653d300d0a	[OBC] PAYLOAD_ACCEPTED seq=521 mode=0\r\n
2026-09-01T16:51:48.659139+00:00	5b4f42435d205041594c4f41445f4143434550544544207365713d353232206d6f64653d300d0a	[OBC] PAYLOAD_ACCEPTED seq=522 mode=0\r\n
2026-09-01T16:51:49.154873+00:00	5b4f42435d205041594c4f41445f4143434550544544207365713d353233206d6f64653d300d0a	[OBC] PAYLOAD_ACCEPTED seq=523 mode=0\r\n
2026-09-01T16:51:49.652456+00:00	5b4f42435d205041594c4f41445f4143434550544544207365713d353234206d6f64653d300d0a	[OBC] PAYLOAD_ACCEPTED seq=524 mode=0\r\n
2026-09-01T16:51:50.150460+00:00	5b4f42435d205041594c4f41445f4143434550544544207365713d353235206d6f64653d300d0a	[OBC] PAYLOAD_ACCEPTED seq=525 mode=0\r\n
2026-09-01T16:51:50.645123+00:00	5b4f42435d205041594c4f41445f4143434550544544207365713d353236206d6f64653d300d0a	[OBC] PAYLOAD_ACCEPTED seq=526 mode=0\r\n
2026-09-01T16:51:51.141320+00:00	5b4f42435d205041594c4f41445f4143434550544544207365713d353237206d6f64653d300d0a	[OBC] PAYLOAD_ACCEPTED seq=527 mode=0\r\n
2026-09-01T16:51:51.633607+00:00	5b4f42435d205041594c4f41445f4143434550544544207365713d353238206d6f64653d300d0a	[OBC] PAYLOAD_ACCEPTED seq=528 mode=0\r\n
2026-09-01T16:51:52.127553+00:00	5b4f42435d205041594c4f41445f4143434550544544207365713d353239206d6f64653d300d0a	[OBC] PAYLOAD_ACCEPTED seq=529 mode=0\r\n
2026-09-01T16:51:52.593513+00:00	5b4f42435d205041594c4f41445f5354415455532073746174653d4f4e4c494e4520706f6c6c733d353330206f6b3d3438322074696d656f75743d3438206372633d30207365713d3438207265636f766572793d36206865617274626561743d4f4b207761746368646f673d4f4b0d0a	[OBC] PAYLOAD_STATUS state=ONLINE polls=530 ok=482 timeout=48 crc=0 seq=48 recovery=6 heartbeat=OK watchdog=OK\r\n
2026-09-01T16:51:52.654345+00:00	5b4f42435d205041594c4f41445f4143434550544544207365713d353330206d6f64653d300d0a	[OBC] PAYLOAD_ACCEPTED seq=530 mode=0\r\n
2026-09-01T16:51:53.148357+00:00	5b4f42435d205041594c4f41445f4143434550544544207365713d353331206d6f64653d300d0a	[OBC] PAYLOAD_ACCEPTED seq=531 mode=0\r\n
2026-09-01T16:51:53.581139+00:00	5b4f42435d205041594c4f41445f4143434550544544207365713d353332206d6f64653d300d0a	[OBC] PAYLOAD_ACCEPTED seq=532 mode=0\r\n
2026-09-01T16:51:54.078351+00:00	5b4f42435d205041594c4f41445f4143434550544544207365713d353333206d6f64653d300d0a	[OBC] PAYLOAD_ACCEPTED seq=533 mode=0\r\n
2026-09-01T16:51:54.574844+00:00	5b4f42435d205041594c4f41445f4143434550544544207365713d353334206d6f64653d300d0a	[OBC] PAYLOAD_ACCEPTED seq=534 mode=0\r\n
2026-09-01T16:51:55.072879+00:00	5b4f42435d205041594c4f41445f4143434550544544207365713d353335206d6f64653d300d0a	[OBC] PAYLOAD_ACCEPTED seq=535 mode=0\r\n
2026-09-01T16:51:55.567295+00:00	5b4f42435d205041594c4f41445f4143434550544544207365713d353336206d6f64653d300d0a	[OBC] PAYLOAD_ACCEPTED seq=536 mode=0\r\n
2026-09-01T16:51:56.064401+00:00	5b4f42435d205041594c4f41445f4143434550544544207365713d353337206d6f64653d300d0a	[OBC] PAYLOAD_ACCEPTED seq=537 mode=0\r\n
2026-09-01T16:51:56.561138+00:00	5b4f42435d205041594c4f41445f4143434550544544207365713d353338206d6f64653d300d0a	[OBC] PAYLOAD_ACCEPTED seq=538 mode=0\r\n
2026-09-01T16:51:57.054835+00:00	5b4f42435d205041594c4f41445f4143434550544544207365713d353339206d6f64653d300d0a	[OBC] PAYLOAD_ACCEPTED seq=539 mode=0\r\n
2026-09-01T16:51:57.514641+00:00	5b4f42435d205041594c4f41445f5354415455532073746174653d4f4e4c494e4520706f6c6c733d353430206f6b3d3439322074696d656f75743d3438206372633d30207365713d3438207265636f766572793d36206865617274626561743d4f4b207761746368646f673d4f4b0d0a	[OBC] PAYLOAD_STATUS state=ONLINE polls=540 ok=492 timeout=48 crc=0 seq=48 recovery=6 heartbeat=OK watchdog=OK\r\n
2026-09-01T16:51:57.565711+00:00	5b4f42435d205041594c4f41445f4143434550544544207365713d353430206d6f64653d300d0a	[OBC] PAYLOAD_ACCEPTED seq=540 mode=0\r\n
2026-09-01T16:51:58.064647+00:00	5b4f42435d205041594c4f41445f4143434550544544207365713d353431206d6f64653d300d0a	[OBC] PAYLOAD_ACCEPTED seq=541 mode=0\r\n
2026-09-01T16:51:58.561361+00:00	5b4f42435d205041594c4f41445f4143434550544544207365713d353432206d6f64653d300d0a	[OBC] PAYLOAD_ACCEPTED seq=542 mode=0\r\n
2026-09-01T16:51:58.995919+00:00	5b4f42435d205041594c4f41445f4143434550544544207365713d353433206d6f64653d300d0a	[OBC] PAYLOAD_ACCEPTED seq=543 mode=0\r\n
2026-09-01T16:51:59.492775+00:00	5b4f42435d205041594c4f41445f4143434550544544207365713d353434206d6f64653d300d0a	[OBC] PAYLOAD_ACCEPTED seq=544 mode=0\r\n
2026-09-01T16:51:59.988637+00:00	5b4f42435d205041594c4f41445f4143434550544544207365713d353435206d6f64653d300d0a	[OBC] PAYLOAD_ACCEPTED seq=545 mode=0\r\n
2026-09-01T16:52:00.484577+00:00	5b4f42435d205041594c4f41445f4143434550544544207365713d353436206d6f64653d300d0a	[OBC] PAYLOAD_ACCEPTED seq=546 mode=0\r\n
2026-09-01T16:52:00.978411+00:00	5b4f42435d205041594c4f41445f4143434550544544207365713d353437206d6f64653d300d0a	[OBC] PAYLOAD_ACCEPTED seq=547 mode=0\r\n
2026-09-01T16:52:01.476617+00:00	5b4f42435d205041594c4f41445f4143434550544544207365713d353438206d6f64653d300d0a	[OBC] PAYLOAD_ACCEPTED seq=548 mode=0\r\n
2026-09-01T16:52:01.970572+00:00	5b4f42435d205041594c4f41445f4143434550544544207365713d353439206d6f64653d300d0a	[OBC] PAYLOAD_ACCEPTED seq=549 mode=0\r\n
2026-09-01T16:52:02.439760+00:00	5b4f42435d205041594c4f41445f5354415455532073746174653d4f4e4c494e4520706f6c6c733d353530206f6b3d3530322074696d656f75743d3438206372633d30207365713d3438207265636f766572793d36206865617274626561743d4f4b207761746368646f673d4f4b0d0a	[OBC] PAYLOAD_STATUS state=ONLINE polls=550 ok=502 timeout=48 crc=0 seq=48 recovery=6 heartbeat=OK watchdog=OK\r\n
2026-09-01T16:52:02.494732+00:00	5b4f42435d205041594c4f41445f4143434550544544207365713d353530206d6f64653d300d0a	[OBC] PAYLOAD_ACCEPTED seq=550 mode=0\r\n
2026-09-01T16:52:02.989816+00:00	5b4f42435d205041594c4f41445f4143434550544544207365713d353531206d6f64653d300d0a	[OBC] PAYLOAD_ACCEPTED seq=551 mode=0\r\n
2026-09-01T16:52:03.484173+00:00	5b4f42435d205041594c4f41445f4143434550544544207365713d353532206d6f64653d300d0a	[OBC] PAYLOAD_ACCEPTED seq=552 mode=0\r\n
2026-09-01T16:52:03.916253+00:00	5b4f42435d205041594c4f41445f4143434550544544207365713d353533206d6f64653d300d0a	[OBC] PAYLOAD_ACCEPTED seq=553 mode=0\r\n
2026-09-01T16:52:04.471083+00:00	5b4f42435d205041594c4f41445f4143434550544544207365713d353534206d6f64653d300d0a	[OBC] PAYLOAD_ACCEPTED seq=554 mode=0\r\n
2026-09-01T16:52:04.904669+00:00	5b4f42435d205041594c4f41445f4143434550544544207365713d353535206d6f64653d300d0a	[OBC] PAYLOAD_ACCEPTED seq=555 mode=0\r\n
2026-09-01T16:52:05.400404+00:00	5b4f42435d205041594c4f41445f4143434550544544207365713d353536206d6f64653d300d0a	[OBC] PAYLOAD_ACCEPTED seq=556 mode=0\r\n
2026-09-01T16:52:05.896375+00:00	5b4f42435d205041594c4f41445f4143434550544544207365713d353537206d6f64653d300d0a	[OBC] PAYLOAD_ACCEPTED seq=557 mode=0\r\n
2026-09-01T16:52:06.391464+00:00	5b4f42435d205041594c4f41445f4143434550544544207365713d353538206d6f64653d300d0a	[OBC] PAYLOAD_ACCEPTED seq=558 mode=0\r\n
2026-09-01T16:52:06.887579+00:00	5b4f42435d205041594c4f41445f4143434550544544207365713d353539206d6f64653d300d0a	[OBC] PAYLOAD_ACCEPTED seq=559 mode=0\r\n
2026-09-01T16:52:07.361436+00:00	5b4f42435d205041594c4f41445f5354415455532073746174653d4f4e4c494e4520706f6c6c733d353630206f6b3d3531322074696d656f75743d3438206372633d30207365713d3438207265636f766572793d36206865617274626561743d4f4b207761746368646f673d4f4b0d0a	[OBC] PAYLOAD_STATUS state=ONLINE polls=560 ok=512 timeout=48 crc=0 seq=48 recovery=6 heartbeat=OK watchdog=OK\r\n
2026-09-01T16:52:07.416326+00:00	5b4f42435d205041594c4f41445f4143434550544544207365713d353630206d6f64653d300d0a	[OBC] PAYLOAD_ACCEPTED seq=560 mode=0\r\n
2026-09-01T16:52:07.915386+00:00	5b4f42435d205041594c4f41445f4143434550544544207365713d353631206d6f64653d300d0a	[OBC] PAYLOAD_ACCEPTED seq=561 mode=0\r\n
2026-09-01T16:52:08.351072+00:00	5b4f42435d205041594c4f41445f4143434550544544207365713d353632206d6f64653d300d0a	[OBC] PAYLOAD_ACCEPTED seq=562 mode=0\r\n
2026-09-01T16:52:08.844848+00:00	5b4f42435d205041594c4f41445f4143434550544544207365713d353633206d6f64653d300d0a	[OBC] PAYLOAD_ACCEPTED seq=563 mode=0\r\n
2026-09-01T16:52:09.340395+00:00	5b4f42435d205041594c4f41445f4143434550544544207365713d353634206d6f64653d300d0a	[OBC] PAYLOAD_ACCEPTED seq=564 mode=0\r\n
2026-09-01T16:52:09.838468+00:00	5b4f42435d205041594c4f41445f4143434550544544207365713d353635206d6f64653d300d0a	[OBC] PAYLOAD_ACCEPTED seq=565 mode=0\r\n
2026-09-01T16:52:10.335353+00:00	5b4f42435d205041594c4f41445f4143434550544544207365713d353636206d6f64653d300d0a	[OBC] PAYLOAD_ACCEPTED seq=566 mode=0\r\n
2026-09-01T16:52:10.829611+00:00	5b4f42435d205041594c4f41445f4143434550544544207365713d353637206d6f64653d300d0a	[OBC] PAYLOAD_ACCEPTED seq=567 mode=0\r\n
2026-09-01T16:52:11.326742+00:00	5b4f42435d205041594c4f41445f4143434550544544207365713d353638206d6f64653d300d0a	[OBC] PAYLOAD_ACCEPTED seq=568 mode=0\r\n
2026-09-01T16:52:11.824198+00:00	5b4f42435d205041594c4f41445f4143434550544544207365713d353639206d6f64653d300d0a	[OBC] PAYLOAD_ACCEPTED seq=569 mode=0\r\n
2026-09-01T16:52:12.284447+00:00	5b4f42435d205041594c4f41445f5354415455532073746174653d4f4e4c494e4520706f6c6c733d353730206f6b3d3532322074696d656f75743d3438206372633d30207365713d3438207265636f766572793d36206865617274626561743d4f4b207761746368646f673d4f4b0d0a	[OBC] PAYLOAD_STATUS state=ONLINE polls=570 ok=522 timeout=48 crc=0 seq=48 recovery=6 heartbeat=OK watchdog=OK\r\n
2026-09-01T16:52:12.334618+00:00	5b4f42435d205041594c4f41445f4143434550544544207365713d353730206d6f64653d300d0a	[OBC] PAYLOAD_ACCEPTED seq=570 mode=0\r\n
2026-09-01T16:52:12.830618+00:00	5b4f42435d205041594c4f41445f4143434550544544207365713d353731206d6f64653d300d0a	[OBC] PAYLOAD_ACCEPTED seq=571 mode=0\r\n
2026-09-01T16:52:13.325440+00:00	5b4f42435d205041594c4f41445f4143434550544544207365713d353732206d6f64653d300d0a	[OBC] PAYLOAD_ACCEPTED seq=572 mode=0\r\n
2026-09-01T16:52:13.762633+00:00	5b4f42435d205041594c4f41445f4143434550544544207365713d353733206d6f64653d300d0a	[OBC] PAYLOAD_ACCEPTED seq=573 mode=0\r\n
2026-09-01T16:52:14.258736+00:00	5b4f42435d205041594c4f41445f4143434550544544207365713d353734206d6f64653d300d0a	[OBC] PAYLOAD_ACCEPTED seq=574 mode=0\r\n
2026-09-01T16:52:14.753785+00:00	5b4f42435d205041594c4f41445f4143434550544544207365713d353735206d6f64653d300d0a	[OBC] PAYLOAD_ACCEPTED seq=575 mode=0\r\n
2026-09-01T16:52:15.249467+00:00	5b4f42435d205041594c4f41445f4143434550544544207365713d353736206d6f64653d300d0a	[OBC] PAYLOAD_ACCEPTED seq=576 mode=0\r\n
2026-09-01T16:52:15.746888+00:00	5b4f42435d205041594c4f41445f4143434550544544207365713d353737206d6f64653d300d0a	[OBC] PAYLOAD_ACCEPTED seq=577 mode=0\r\n
2026-09-01T16:52:16.243943+00:00	5b4f42435d205041594c4f41445f4143434550544544207365713d353738206d6f64653d300d0a	[OBC] PAYLOAD_ACCEPTED seq=578 mode=0\r\n
2026-09-01T16:52:16.741585+00:00	5b4f42435d205041594c4f41445f4143434550544544207365713d353739206d6f64653d300d0a	[OBC] PAYLOAD_ACCEPTED seq=579 mode=0\r\n
2026-09-01T16:52:17.205571+00:00	5b4f42435d205041594c4f41445f5354415455532073746174653d4f4e4c494e4520706f6c6c733d353830206f6b3d3533322074696d656f75743d3438206372633d30207365713d3438207265636f766572793d36206865617274626561743d4f4b207761746368646f673d4f4b0d0a	[OBC] PAYLOAD_STATUS state=ONLINE polls=580 ok=532 timeout=48 crc=0 seq=48 recovery=6 heartbeat=OK watchdog=OK\r\n
2026-09-01T16:52:17.268258+00:00	5b4f42435d205041594c4f41445f4143434550544544207365713d353830206d6f64653d300d0a	[OBC] PAYLOAD_ACCEPTED seq=580 mode=0\r\n
2026-09-01T16:52:17.702538+00:00	5b4f42435d205041594c4f41445f4143434550544544207365713d353831206d6f64653d300d0a	[OBC] PAYLOAD_ACCEPTED seq=581 mode=0\r\n
2026-09-01T16:52:18.198546+00:00	5b4f42435d205041594c4f41445f4143434550544544207365713d353832206d6f64653d300d0a	[OBC] PAYLOAD_ACCEPTED seq=582 mode=0\r\n
2026-09-01T16:52:18.694500+00:00	5b4f42435d205041594c4f41445f4143434550544544207365713d353833206d6f64653d300d0a	[OBC] PAYLOAD_ACCEPTED seq=583 mode=0\r\n
2026-09-01T16:52:19.194813+00:00	5b4f42435d205041594c4f41445f4143434550544544207365713d353834206d6f64653d300d0a	[OBC] PAYLOAD_ACCEPTED seq=584 mode=0\r\n
2026-09-01T16:52:19.691422+00:00	5b4f42435d205041594c4f41445f4143434550544544207365713d353835206d6f64653d300d0a	[OBC] PAYLOAD_ACCEPTED seq=585 mode=0\r\n
2026-09-01T16:52:20.189772+00:00	5b4f42435d205041594c4f41445f4143434550544544207365713d353836206d6f64653d300d0a	[OBC] PAYLOAD_ACCEPTED seq=586 mode=0\r\n
2026-09-01T16:52:20.686443+00:00	5b4f42435d205041594c4f41445f4143434550544544207365713d353837206d6f64653d300d0a	[OBC] PAYLOAD_ACCEPTED seq=587 mode=0\r\n
2026-09-01T16:52:21.181477+00:00	5b4f42435d205041594c4f41445f4143434550544544207365713d353838206d6f64653d300d0a	[OBC] PAYLOAD_ACCEPTED seq=588 mode=0\r\n
2026-09-01T16:52:21.678147+00:00	5b4f42435d205041594c4f41445f4143434550544544207365713d353839206d6f64653d300d0a	[OBC] PAYLOAD_ACCEPTED seq=589 mode=0\r\n
2026-09-01T16:52:22.174092+00:00	5b4f42435d205041594c4f41445f5354415455532073746174653d4f4e4c494e4520706f6c6c733d353930206f6b3d3534322074696d656f75743d3438206372633d30207365713d3438207265636f766572793d36206865617274626561743d4f4b207761746368646f673d4f4b0d0a	[OBC] PAYLOAD_STATUS state=ONLINE polls=590 ok=542 timeout=48 crc=0 seq=48 recovery=6 heartbeat=OK watchdog=OK\r\n
2026-09-01T16:52:22.174092+00:00	5b4f42435d205041594c4f41445f4143434550544544207365713d353930206d6f64653d300d0a	[OBC] PAYLOAD_ACCEPTED seq=590 mode=0\r\n
2026-09-01T16:52:22.732648+00:00	5b4f42435d205041594c4f41445f4143434550544544207365713d353931206d6f64653d330d0a	[OBC] PAYLOAD_ACCEPTED seq=591 mode=3\r\n
2026-09-01T16:52:23.224629+00:00	5b4f42435d205041594c4f41445f4143434550544544207365713d353932206d6f64653d330d0a	[OBC] PAYLOAD_ACCEPTED seq=592 mode=3\r\n
2026-09-01T16:52:23.719277+00:00	5b4f42435d205041594c4f41445f4143434550544544207365713d353933206d6f64653d330d0a	[OBC] PAYLOAD_ACCEPTED seq=593 mode=3\r\n
2026-09-01T16:52:24.213107+00:00	5b4f42435d205041594c4f41445f4143434550544544207365713d353934206d6f64653d330d0a	[OBC] PAYLOAD_ACCEPTED seq=594 mode=3\r\n
2026-09-01T16:52:24.708957+00:00	5b4f42435d205041594c4f41445f4143434550544544207365713d353935206d6f64653d330d0a	[OBC] PAYLOAD_ACCEPTED seq=595 mode=3\r\n
2026-09-01T16:52:25.208618+00:00	5b4f42435d205041594c4f41445f4143434550544544207365713d353936206d6f64653d330d0a	[OBC] PAYLOAD_ACCEPTED seq=596 mode=3\r\n
2026-09-01T16:52:25.705285+00:00	5b4f42435d205041594c4f41445f4143434550544544207365713d353937206d6f64653d330d0a	[OBC] PAYLOAD_ACCEPTED seq=597 mode=3\r\n
2026-09-01T16:52:26.199426+00:00	5b4f42435d205041594c4f41445f4143434550544544207365713d353938206d6f64653d330d0a	[OBC] PAYLOAD_ACCEPTED seq=598 mode=3\r\n
2026-09-01T16:52:26.570561+00:00	5b4f42435d205041594c4f41445f4143434550544544207365713d353939206d6f64653d300d0a	[OBC] PAYLOAD_ACCEPTED seq=599 mode=0\r\n
2026-09-01T16:52:27.049309+00:00	5b4f42435d205041594c4f41445f5354415455532073746174653d4f4e4c494e4520706f6c6c733d363030206f6b3d3535322074696d656f75743d3438206372633d30207365713d3438207265636f766572793d36206865617274626561743d4f4b207761746368646f673d4f4b0d0a	[OBC] PAYLOAD_STATUS state=ONLINE polls=600 ok=552 timeout=48 crc=0 seq=48 recovery=6 heartbeat=OK watchdog=OK\r\n
2026-09-01T16:52:27.111155+00:00	5b4f42435d205041594c4f41445f4143434550544544207365713d363030206d6f64653d300d0a	[OBC] PAYLOAD_ACCEPTED seq=600 mode=0\r\n
2026-09-01T16:52:27.546966+00:00	5b4f42435d205041594c4f41445f4143434550544544207365713d363031206d6f64653d300d0a	[OBC] PAYLOAD_ACCEPTED seq=601 mode=0\r\n
2026-09-01T16:52:28.042314+00:00	5b4f42435d205041594c4f41445f4143434550544544207365713d363032206d6f64653d300d0a	[OBC] PAYLOAD_ACCEPTED seq=602 mode=0\r\n
2026-09-01T16:52:28.541923+00:00	5b4f42435d205041594c4f41445f4143434550544544207365713d363033206d6f64653d300d0a	[OBC] PAYLOAD_ACCEPTED seq=603 mode=0\r\n
2026-09-01T16:52:29.039361+00:00	5b4f42435d205041594c4f41445f4143434550544544207365713d363034206d6f64653d300d0a	[OBC] PAYLOAD_ACCEPTED seq=604 mode=0\r\n
2026-09-01T16:52:29.532686+00:00	5b4f42435d205041594c4f41445f4143434550544544207365713d363035206d6f64653d300d0a	[OBC] PAYLOAD_ACCEPTED seq=605 mode=0\r\n
2026-09-01T16:52:30.025945+00:00	5b4f42435d205041594c4f41445f4143434550544544207365713d363036206d6f64653d300d0a	[OBC] PAYLOAD_ACCEPTED seq=606 mode=0\r\n
2026-09-01T16:52:30.523277+00:00	5b4f42435d205041594c4f41445f4143434550544544207365713d363037206d6f64653d300d0a	[OBC] PAYLOAD_ACCEPTED seq=607 mode=0\r\n
2026-09-01T16:52:31.019103+00:00	5b4f42435d205041594c4f41445f4143434550544544207365713d363038206d6f64653d300d0a	[OBC] PAYLOAD_ACCEPTED seq=608 mode=0\r\n
2026-09-01T16:52:31.514780+00:00	5b4f42435d205041594c4f41445f4143434550544544207365713d363039206d6f64653d300d0a	[OBC] PAYLOAD_ACCEPTED seq=609 mode=0\r\n
2026-09-01T16:52:31.969730+00:00	5b4f42435d205041594c4f41445f5354415455532073746174653d4f4e4c494e4520706f6c6c733d363130206f6b3d3536322074696d656f75743d3438206372633d30207365713d3438207265636f766572793d36206865617274626561743d4f4b207761746368646f673d4f4b0d0a	[OBC] PAYLOAD_STATUS state=ONLINE polls=610 ok=562 timeout=48 crc=0 seq=48 recovery=6 heartbeat=OK watchdog=OK\r\n
2026-09-01T16:52:32.000189+00:00	5b4f42435d205041594c4f41445f4143	[OBC] PAYLOAD_AC
