path,tracking,bytes,sha256
.gitignore,tracked,653,83B334BBA42A21D28C4A9DA9E1B5289D96F337FE550752EE8430F4A1F1F9C536
README.md,tracked,5111,1D2F3BA1DB9EB2901E57CFD9BCD6524A315390A38EB2D9E338C1AA843E0E034E
bootloader/.pio/build/nucleo_g431rb_payload_demo_scope/.sconsign311.dblite,ignored,1064188,C2E03AA29690E4EFB183498D1C95C3DF159BD4C24844FADAB929384F507B3D4E
bootloader/.pio/build/nucleo_g431rb_payload_demo_scope/FrameworkCMSISDevice/gcc/startup_stm32g431xx.o,ignored,5592,139D08796609872D3E7106325A0A2C151F330561AC6889B5DFAF9FB77E57F15E
bootloader/.pio/build/nucleo_g431rb_payload_demo_scope/FrameworkCMSISDevice/system_stm32g4xx.o,ignored,1660,62C8A2C9268FBD8C37F07136487C01C765CC1B320399297C2172059651258DCB
bootloader/.pio/build/nucleo_g431rb_payload_demo_scope/FrameworkHALDriver/Src/stm32g4xx_hal.o,ignored,8456,DA6679CBBC2A2CC26CA07EE7642EEFCA9B6DED38F805B73CA3EFA889D4D006C9
bootloader/.pio/build/nucleo_g431rb_payload_demo_scope/FrameworkHALDriver/Src/stm32g4xx_hal_adc.o,ignored,12576,96FF0C380746049F54986DEF4C0C1B114B0BF2D9C53AA5755B9B1810EFED4F48
bootloader/.pio/build/nucleo_g431rb_payload_demo_scope/FrameworkHALDriver/Src/stm32g4xx_hal_adc_ex.o,ignored,11416,0AE32E21508F723DE7B9574F5047D69C66BA2ABCBAC681CFE3DE5DDC587D36FB
bootloader/.pio/build/nucleo_g431rb_payload_demo_scope/FrameworkHALDriver/Src/stm32g4xx_hal_comp.o,ignored,3224,34143BCC163CEC88F1A17D881BA074517618620C92FEA78C9B6E6F38D11C13D9
bootloader/.pio/build/nucleo_g431rb_payload_demo_scope/FrameworkHALDriver/Src/stm32g4xx_hal_cordic.o,ignored,5108,1012275894A5D544D1889159538D8A70B9DBE8DCAF363F4C61C846BE2A076CF8
bootloader/.pio/build/nucleo_g431rb_payload_demo_scope/FrameworkHALDriver/Src/stm32g4xx_hal_cortex.o,ignored,4628,74DA78595ACBAD3C84062A5C92EBB4C42DF95B9697352F4F2D47ADA6591B143C
bootloader/.pio/build/nucleo_g431rb_payload_demo_scope/FrameworkHALDriver/Src/stm32g4xx_hal_crc.o,ignored,2692,D67349BF486972A227CC3179509E3736B204A91531BA3FBA05D7E0AD5E5A237D
bootloader/.pio/build/nucleo_g431rb_payload_demo_scope/FrameworkHALDriver/Src/stm32g4xx_hal_crc_ex.o,ignored,1376,E025F596F166925A96492F13B6B2AFD69212E560EB7B5F3F86D453460393A7DB
bootloader/.pio/build/nucleo_g431rb_payload_demo_scope/FrameworkHALDriver/Src/stm32g4xx_hal_cryp.o,ignored,800,6BF3C0FC681BFD6FAAE56A2C90AA894573E78CF98F94A3FA982A5A86B6F88D86
bootloader/.pio/build/nucleo_g431rb_payload_demo_scope/FrameworkHALDriver/Src/stm32g4xx_hal_cryp_ex.o,ignored,804,E1002BB0C630E74195988F24D0E845173D29AE8945A03A642C3A77499644D3A3
bootloader/.pio/build/nucleo_g431rb_payload_demo_scope/FrameworkHALDriver/Src/stm32g4xx_hal_dac.o,ignored,5844,97DE719A04050597F58FFF8C83D3D2255AB10BD47D8EB549800E2F34A6C2CFE1
bootloader/.pio/build/nucleo_g431rb_payload_demo_scope/FrameworkHALDriver/Src/stm32g4xx_hal_dac_ex.o,ignored,5880,19F77CBC05C9C379BA1403732B9C05217A4081C6DA25354F0E8C0EC5BEBC79F0
bootloader/.pio/build/nucleo_g431rb_payload_demo_scope/FrameworkHALDriver/Src/stm32g4xx_hal_dma.o,ignored,4592,6BEA8925083FC01ABCE30D617AC6D6DAD0A508C6CBF61084D01380A775B5038D
bootloader/.pio/build/nucleo_g431rb_payload_demo_scope/FrameworkHALDriver/Src/stm32g4xx_hal_dma_ex.o,ignored,1880,2033A588699535BB386042085748F87B9CC80F5CCA646A074AE472BFD459943A
bootloader/.pio/build/nucleo_g431rb_payload_demo_scope/FrameworkHALDriver/Src/stm32g4xx_hal_exti.o,ignored,2804,421635F14C19480172E8BCC85A9A49D8994499F46C2BE5075A2D553D9CCEC63C
bootloader/.pio/build/nucleo_g431rb_payload_demo_scope/FrameworkHALDriver/Src/stm32g4xx_hal_fdcan.o,ignored,13924,5F4FB9B5DA8616F13245F32A73D939469111FF29CB3AA7820F1410AC473931D2
bootloader/.pio/build/nucleo_g431rb_payload_demo_scope/FrameworkHALDriver/Src/stm32g4xx_hal_flash.o,ignored,4272,43D53BDA832E790418D100A4D471B53DC7CD8C5A3ABF28E705FFA0A9A2CE804F
bootloader/.pio/build/nucleo_g431rb_payload_demo_scope/FrameworkHALDriver/Src/stm32g4xx_hal_flash_ex.o,ignored,4192,BC91B9C8A0D48E8248947E1BF94C756637CDC13528978C36ADD6AFFB6FD77878
bootloader/.pio/build/nucleo_g431rb_payload_demo_scope/FrameworkHALDriver/Src/stm32g4xx_hal_flash_ramfunc.o,ignored,1112,E54B500A8C773E14D950EE3BF10DCAA6DBB28D397C24F6DB2BCCDEA88C2F0A55
bootloader/.pio/build/nucleo_g431rb_payload_demo_scope/FrameworkHALDriver/Src/stm32g4xx_hal_fmac.o,ignored,10584,80019E81B24CDC23ED604EC9E73D4EE7C29B7D41BC0652E355AA1E79B6298A24
bootloader/.pio/build/nucleo_g431rb_payload_demo_scope/FrameworkHALDriver/Src/stm32g4xx_hal_gpio.o,ignored,2724,176180C14C1A84AC661ADEF5C49C5D5454AF4EED2D27AF864DE842038FEBB0D5
bootloader/.pio/build/nucleo_g431rb_payload_demo_scope/FrameworkHALDriver/Src/stm32g4xx_hal_hrtim.o,ignored,800,F1569B2052060B13273010E8B90E4091495D96221D839668AECAD55747D31BCE
bootloader/.pio/build/nucleo_g431rb_payload_demo_scope/FrameworkHALDriver/Src/stm32g4xx_hal_i2c.o,ignored,29552,D734BF716DB486782BA6710EA8E523D3B9DD3B8247571C108F6D1F383C9EF868
bootloader/.pio/build/nucleo_g431rb_payload_demo_scope/FrameworkHALDriver/Src/stm32g4xx_hal_i2c_ex.o,ignored,2112,B587D4BC6CD0E5A251496438F5110D39D352E95C308F744C5DFEE9830B343000
bootloader/.pio/build/nucleo_g431rb_payload_demo_scope/FrameworkHALDriver/Src/stm32g4xx_hal_i2s.o,ignored,7512,FAFE75D8F576BEEB0DC35688761EC60BA98478B8EB5826DEFEB04824121DC03D
bootloader/.pio/build/nucleo_g431rb_payload_demo_scope/FrameworkHALDriver/Src/stm32g4xx_hal_irda.o,ignored,12296,5BD67CEE6084EFC3F4E4E7E2FA5723F7BE78880C089E7324286228C1FB324D7F
bootloader/.pio/build/nucleo_g431rb_payload_demo_scope/FrameworkHALDriver/Src/stm32g4xx_hal_iwdg.o,ignored,1240,94BE8A35F6EB148ED4FC213CDE5F35A62C31230DB39A1A507D96BB2EBD00B377
bootloader/.pio/build/nucleo_g431rb_payload_demo_scope/FrameworkHALDriver/Src/stm32g4xx_hal_lptim.o,ignored,11180,AE3106D3784A44D12530CF86CE66E9E2C15712AEE77FE52705B73D139DAE02F9
bootloader/.pio/build/nucleo_g431rb_payload_demo_scope/FrameworkHALDriver/Src/stm32g4xx_hal_nand.o,ignored,800,6BD4FFED0899326102721F01CA0F915CA6E75E960E8C8FD1849EF6349C3E9FCF
bootloader/.pio/build/nucleo_g431rb_payload_demo_scope/FrameworkHALDriver/Src/stm32g4xx_hal_nor.o,ignored,800,4817CF3C45E8C3DF36C43AE31E5347C4B2F4C98C8AB4B689DDB1CA78E1592C95
bootloader/.pio/build/nucleo_g431rb_payload_demo_scope/FrameworkHALDriver/Src/stm32g4xx_hal_opamp.o,ignored,3424,8BAE427E255433BAA4E66359F80A369E4D79672030405F7BF8B9117B670F7499
bootloader/.pio/build/nucleo_g431rb_payload_demo_scope/FrameworkHALDriver/Src/stm32g4xx_hal_opamp_ex.o,ignored,2032,2B4A2F60228D229CE35F01B7E638366FE90C5DFA380A9ABACF8E7BB8706BB354
bootloader/.pio/build/nucleo_g431rb_payload_demo_scope/FrameworkHALDriver/Src/stm32g4xx_hal_pcd.o,ignored,10784,C95C5CAFA3941668261E9DE38B333EF03EFE1FEF7304602C1A244CC2751B3AEE
bootloader/.pio/build/nucleo_g431rb_payload_demo_scope/FrameworkHALDriver/Src/stm32g4xx_hal_pcd_ex.o,ignored,2524,E0CDB111506BAD0BD979C8E2AC92FB5C54D4FC845AFB0BDFBD30A5F807F38F37
bootloader/.pio/build/nucleo_g431rb_payload_demo_scope/FrameworkHALDriver/Src/stm32g4xx_hal_pwr.o,ignored,3992,77DD29B2F17666701C019464AA030B3E909832DD7DB5F4B5E5F4EE487053295D
bootloader/.pio/build/nucleo_g431rb_payload_demo_scope/FrameworkHALDriver/Src/stm32g4xx_hal_pwr_ex.o,ignored,9196,B2BBFE30D573261AE9734E42AF5E18040C47628B6A04969776DB3D3F68577D7C
bootloader/.pio/build/nucleo_g431rb_payload_demo_scope/FrameworkHALDriver/Src/stm32g4xx_hal_qspi.o,ignored,800,C9898659DF00E5D22A52404BD89B3264B95FF2ACF295274B0B7E867DFE188EF9
bootloader/.pio/build/nucleo_g431rb_payload_demo_scope/FrameworkHALDriver/Src/stm32g4xx_hal_rcc.o,ignored,6424,46CEB8AC130F75BECB034654D614C016F43700402FF7DA558C771100D78D76F2
bootloader/.pio/build/nucleo_g431rb_payload_demo_scope/FrameworkHALDriver/Src/stm32g4xx_hal_rcc_ex.o,ignored,7124,176BC53F6A2C4E12206CB6982E83C768B4129E2B64AC214F8A94ADD755AE0673
bootloader/.pio/build/nucleo_g431rb_payload_demo_scope/FrameworkHALDriver/Src/stm32g4xx_hal_rng.o,ignored,3052,10D912DE6E12704B1E80A140924FA4C84C4C4B61EE39126D679B26828F0A903C
bootloader/.pio/build/nucleo_g431rb_payload_demo_scope/FrameworkHALDriver/Src/stm32g4xx_hal_rtc.o,ignored,7772,B6894504863398A88EA65C0763DF717D23505326504549CDDB0AC4BBAE6D4C3E
bootloader/.pio/build/nucleo_g431rb_payload_demo_scope/FrameworkHALDriver/Src/stm32g4xx_hal_rtc_ex.o,ignored,11640,C2C1C9177388625A10E93404C70A90DEAEC0A3A34CB4B3515B6DAFAA07C6010F
bootloader/.pio/build/nucleo_g431rb_payload_demo_scope/FrameworkHALDriver/Src/stm32g4xx_hal_sai.o,ignored,12776,18DCBE0DB45E34D96CB54AA36E2E4C30A2B4C82B8D660F9741A531BF77B46EF1
bootloader/.pio/build/nucleo_g431rb_payload_demo_scope/FrameworkHALDriver/Src/stm32g4xx_hal_sai_ex.o,ignored,1056,F176E0C8520604A08D6E14213657DA40C725898BB26B6B764D4078D5978A9770
bootloader/.pio/build/nucleo_g431rb_payload_demo_scope/FrameworkHALDriver/Src/stm32g4xx_hal_smartcard.o,ignored,13280,0554E268D32427215A1D923DC792F1D875EC9BA9A8B898FB5C337FAC87A19025
bootloader/.pio/build/nucleo_g431rb_payload_demo_scope/FrameworkHALDriver/Src/stm32g4xx_hal_smartcard_ex.o,ignored,3568,7976485E888EF51C7EAFDED7EB7A468BCF3589962191272F4FBC878B7CADFFDA
bootloader/.pio/build/nucleo_g431rb_payload_demo_scope/FrameworkHALDriver/Src/stm32g4xx_hal_smbus.o,ignored,10572,5F52EE02965EB5FD53A946AB19C4A2DF0C35DA8CAC26B596C168EEA52A3992FB
bootloader/.pio/build/nucleo_g431rb_payload_demo_scope/FrameworkHALDriver/Src/stm32g4xx_hal_smbus_ex.o,ignored,1660,A258D698AC85235B227284CF2FD43CD413F0296C291955CEE92B16B1517BF43E
bootloader/.pio/build/nucleo_g431rb_payload_demo_scope/FrameworkHALDriver/Src/stm32g4xx_hal_spi.o,ignored,20880,6323511453D021AACFEF53C1829644F8FE4D2439B395B59B70DA65D06781FFAA
bootloader/.pio/build/nucleo_g431rb_payload_demo_scope/FrameworkHALDriver/Src/stm32g4xx_hal_spi_ex.o,ignored,980,B08C447B71E81E83DB895884120DC0166C3649656A2FFF847A3BF50715A52C21
bootloader/.pio/build/nucleo_g431rb_payload_demo_scope/FrameworkHALDriver/Src/stm32g4xx_hal_sram.o,ignored,800,98F90BB4129B867B7D7D0020B8772442D6C37CDEC9095552B96FDED75C89EC57
bootloader/.pio/build/nucleo_g431rb_payload_demo_scope/FrameworkHALDriver/Src/stm32g4xx_hal_tim.o,ignored,34220,4F0AAC45AA7BA1F671BDDD194ACE65F23D4A9276466CC8AAB1F842D21BF62748
bootloader/.pio/build/nucleo_g431rb_payload_demo_scope/FrameworkHALDriver/Src/stm32g4xx_hal_tim_ex.o,ignored,19176,A4E62FBC3BB55E40F29C104F3A4D2774A218BB4D1218C9903DA3EAD0AB2B8D46
bootloader/.pio/build/nucleo_g431rb_payload_demo_scope/FrameworkHALDriver/Src/stm32g4xx_hal_uart.o,ignored,23224,3B9F09C3E189F10B0B0ED1667B8D888617EB808F3FFE0DFEF4BAE6CC85BCB07C
bootloader/.pio/build/nucleo_g431rb_payload_demo_scope/FrameworkHALDriver/Src/stm32g4xx_hal_uart_ex.o,ignored,5680,262483A0B9A573FEC066CFF5D32278640DB131C9B3618F77B29E8CD00A831581
bootloader/.pio/build/nucleo_g431rb_payload_demo_scope/FrameworkHALDriver/Src/stm32g4xx_hal_usart.o,ignored,15520,3F25CD6B14070B1F311EC494FE91FFBEC582559FC37C0FAD27CB71B41BB2E929
bootloader/.pio/build/nucleo_g431rb_payload_demo_scope/FrameworkHALDriver/Src/stm32g4xx_hal_usart_ex.o,ignored,3328,03231CEA6176AFB623682E98B5F0C5EF0121AC093EDDAF892DF1A644FCF8F3D4
bootloader/.pio/build/nucleo_g431rb_payload_demo_scope/FrameworkHALDriver/Src/stm32g4xx_hal_wwdg.o,ignored,1656,7F3F5D9239CD0636CAACAD841EF3DC2F7AC75E55DCDC538ADB60A7DAFA18B4A7
bootloader/.pio/build/nucleo_g431rb_payload_demo_scope/FrameworkHALDriver/Src/stm32g4xx_ll_adc.o,ignored,800,BAD56D6FA79C7962FC9C5499643F5912FECFCE4B2C0517945125F3E3B377CA78
bootloader/.pio/build/nucleo_g431rb_payload_demo_scope/FrameworkHALDriver/Src/stm32g4xx_ll_comp.o,ignored,800,3C4C5A50EEBC1C7D7A54AA198B873DBCD8FCCFD34378DBA912CEFEF511B8DEDA
bootloader/.pio/build/nucleo_g431rb_payload_demo_scope/FrameworkHALDriver/Src/stm32g4xx_ll_cordic.o,ignored,800,C8D4E0F8E74C960EE56182C3BDE58BA83CD36FF2BF0B07BB5F91DA2E40C57958
bootloader/.pio/build/nucleo_g431rb_payload_demo_scope/FrameworkHALDriver/Src/stm32g4xx_ll_crc.o,ignored,800,3CD964B77EA4DFCD2317F87969F28862B9CB5A716B5162873520E833AE4AB204
bootloader/.pio/build/nucleo_g431rb_payload_demo_scope/FrameworkHALDriver/Src/stm32g4xx_ll_crs.o,ignored,800,153F1B40ADD16025C83A791D7C70BB1AFC37EFA6784EC2C1739080D7E92CE6D5
bootloader/.pio/build/nucleo_g431rb_payload_demo_scope/FrameworkHALDriver/Src/stm32g4xx_ll_dac.o,ignored,800,4C0477C2C2EFED09B2574CE7B001EDF30C3D562291E11AA823C36EFA16806D5B
bootloader/.pio/build/nucleo_g431rb_payload_demo_scope/FrameworkHALDriver/Src/stm32g4xx_ll_dma.o,ignored,800,63C8B1818CA6EB72674BCB84FED43AC5110E714A8B72F196C34B93FD66628395
bootloader/.pio/build/nucleo_g431rb_payload_demo_scope/FrameworkHALDriver/Src/stm32g4xx_ll_exti.o,ignored,800,4826AFF774EB25273773813DAB0FFF1C4EA877EC2A2AF9000083E20D425D0F67
bootloader/.pio/build/nucleo_g431rb_payload_demo_scope/FrameworkHALDriver/Src/stm32g4xx_ll_fmac.o,ignored,800,83D510C29C891D19A67C7A2078565DAFC1500536ED3581D8A478B3CCC7084320
bootloader/.pio/build/nucleo_g431rb_payload_demo_scope/FrameworkHALDriver/Src/stm32g4xx_ll_fmc.o,ignored,800,157859E84EB115F08B7EA156CDF4CD3FD9982F551B537F8BA5DA5B6B3848E305
bootloader/.pio/build/nucleo_g431rb_payload_demo_scope/FrameworkHALDriver/Src/stm32g4xx_ll_gpio.o,ignored,800,740910DDB627369281F9067B1601E21A6818EBD13F7747422F89C4AE95566735
bootloader/.pio/build/nucleo_g431rb_payload_demo_scope/FrameworkHALDriver/Src/stm32g4xx_ll_hrtim.o,ignored,800,8314DE3AD3879458A3EDF5B274910EEA03225DBD5F7C7CEBB865B3EA1B5ECD55
bootloader/.pio/build/nucleo_g431rb_payload_demo_scope/FrameworkHALDriver/Src/stm32g4xx_ll_i2c.o,ignored,800,22444FFB2A826892ECE5BC5653F233E44C38AE822A7ABF6A35E3667344625C4C
bootloader/.pio/build/nucleo_g431rb_payload_demo_scope/FrameworkHALDriver/Src/stm32g4xx_ll_lptim.o,ignored,800,AB9F2821491A4EA8CA81D30579C819CCE05DE4F8AC4E41EE177A776855E14349
bootloader/.pio/build/nucleo_g431rb_payload_demo_scope/FrameworkHALDriver/Src/stm32g4xx_ll_lpuart.o,ignored,800,2C1F92E9D18D98BDEF0CD84D82BA75B230F2329B09ED67E01997C33771AC7AB9
bootloader/.pio/build/nucleo_g431rb_payload_demo_scope/FrameworkHALDriver/Src/stm32g4xx_ll_opamp.o,ignored,800,A8B2C0618D669596B4F5F34E5E0937EC006BA0BEE4713EAD4C34718A2B7C3FE1
bootloader/.pio/build/nucleo_g431rb_payload_demo_scope/FrameworkHALDriver/Src/stm32g4xx_ll_pwr.o,ignored,800,9CDF68A84DED3E748F4435861CA22FB0F99606F98854991372582D4D3E062FE0
bootloader/.pio/build/nucleo_g431rb_payload_demo_scope/FrameworkHALDriver/Src/stm32g4xx_ll_rcc.o,ignored,800,0C846C15394EFECF285F43616158253960CDD4C75E3841A2BB50382815149776
bootloader/.pio/build/nucleo_g431rb_payload_demo_scope/FrameworkHALDriver/Src/stm32g4xx_ll_rng.o,ignored,800,734F1E44F51E4A8C5B6F8EF9CB747B0EF0DFB7968809101CC54B6B2DF3CD1C96
bootloader/.pio/build/nucleo_g431rb_payload_demo_scope/FrameworkHALDriver/Src/stm32g4xx_ll_rtc.o,ignored,800,3FA0DEE1BB5E85D0393BDC145AE8CFE58B3D54F4FDA2FDC9DC3CA68489503F77
bootloader/.pio/build/nucleo_g431rb_payload_demo_scope/FrameworkHALDriver/Src/stm32g4xx_ll_spi.o,ignored,800,60820A3020B1BF044265BE60E6FA0B69216E32C56B5256ECBFB486BA82122E58
bootloader/.pio/build/nucleo_g431rb_payload_demo_scope/FrameworkHALDriver/Src/stm32g4xx_ll_tim.o,ignored,800,67733D0844E10AC616E400257CFCF2AA0E3C18DD7A5D3C7AC03405D9E8621692
bootloader/.pio/build/nucleo_g431rb_payload_demo_scope/FrameworkHALDriver/Src/stm32g4xx_ll_ucpd.o,ignored,800,9A8555BEB969EFC4905F732D38B1B456B7AB0787B0F2C5C80883E2A0B76C1CAD
bootloader/.pio/build/nucleo_g431rb_payload_demo_scope/FrameworkHALDriver/Src/stm32g4xx_ll_usart.o,ignored,800,E60A48394EEF5D9A6630B3D4FB730606D4268C2217387EE6F4F10AAB5B6489D2
bootloader/.pio/build/nucleo_g431rb_payload_demo_scope/FrameworkHALDriver/Src/stm32g4xx_ll_usb.o,ignored,6648,07B2D39D5D8694F2E167ACDA4ECFB4E2043272E151A79EEC06F0274FE54056E6
bootloader/.pio/build/nucleo_g431rb_payload_demo_scope/FrameworkHALDriver/Src/stm32g4xx_ll_utils.o,ignored,2988,373A5CF365D0A4B24C08FFB455A8CA76CA7E858FBDD82AB69A806B3F6ECCAF07
bootloader/.pio/build/nucleo_g431rb_payload_demo_scope/firmware.bin,ignored,4032,7C36C0CBDEFECB31ABBD857B15E2AA28D7CBBDF5FBF5B4629666B13F23F716F2
bootloader/.pio/build/nucleo_g431rb_payload_demo_scope/firmware.elf,ignored,141604,44648EAF13350BECC6F397118D8508251DF31F332654E4C1863280DE09A0D0B0
bootloader/.pio/build/nucleo_g431rb_payload_demo_scope/libFrameworkCMSISDevice.a,ignored,9548,0EA2561B9D458A618C8677DB626A9C1DF3A62FE6968264BBA85B7B3D29BF7F61
bootloader/.pio/build/nucleo_g431rb_payload_demo_scope/slot_a_provision.bin,ignored,20344,9F5B0041A7939468ED20736E0FDA2659FF90A106CC9C08610C0272CBE0FABC0A
bootloader/.pio/build/nucleo_g431rb_payload_demo_scope/src/bsp/g4/Stm32G4Beacon.o,ignored,1712,F5D1888FBBF2DC6A7CB4621A4AB33D5BE588D85FD2EA1C2FA740E7E3F235907B
bootloader/.pio/build/nucleo_g431rb_payload_demo_scope/src/bsp/g4/Stm32G4BootPlatform.o,ignored,1700,6193C7CF0D8B96FAF98ACEBB6EE1D7E90DC37853A884DDF178F8551B2011DCD8
bootloader/.pio/build/nucleo_g431rb_payload_demo_scope/src/bsp/g4/Stm32G4FlashMap.o,ignored,3156,29206A0189B7DB17AED0E43079EB8B1AD1E2EED58858174EEAE8C2A67B8392A8
bootloader/.pio/build/nucleo_g431rb_payload_demo_scope/src/main.o,ignored,10232,D5AAF2D143815E0943493837B06F0C77D40AD27F52C65855E1EDA5215B85B80B
bootloader/.pio/build/project.checksum,ignored,40,6D5C573CBCE8850F55AEC222CE9B05922ABD12A007067FD57C08AE8EFB521F0F
bootloader/bootloader.ld,tracked,2768,0E92567C508FB65955D50C1B4AD892184CC87AB4FFDC73A694F4C901CE6C1DC8
bootloader/include/README,tracked,1301,DC6D9BE88119A80EDF773EB5A659F4470CAF81ED5E95DBFD0CD3C7A9686CCD8C
bootloader/include/boot/BootMetadata.hpp,tracked,9718,2D30E9985D4D1E309724A199846C68B37D3AB70921616F20E1F2AB6E95F328EC
bootloader/include/boot/BootPolicy.hpp,tracked,8228,DF5210B798EF92AF2CF4226EA946D5D8B14DA17DBEBFEE18CCFB4F0DAF957F48
bootloader/include/boot/Crc32.hpp,tracked,1191,B5F5900B593910279127B6BDD951F319F26E0FD6A15DFE594837724F2FBED587
bootloader/include/bsp/g4/Stm32G4Beacon.hpp,tracked,216,31D547E05510A0DFECAEF6CDA0B03252989B54CC44280FB73EEEB9809AC0E8B4
bootloader/include/bsp/g4/Stm32G4BootPlatform.hpp,tracked,309,6EC9EECF1FDC713B7506FD6AF9318D4AA2D2A34EBBC9AD3729B91637CA29C4D8
bootloader/include/bsp/g4/Stm32G4FlashMap.hpp,tracked,647,A575408C6AF969BEF8917E12D12B7486D5A54CDEBD97CDDA7E545F440865C3D6
bootloader/include/hal/IBeacon.hpp,tracked,160,048EE52975754355F467551DB2747073AE3FF2ACAE98C7108EFD528EEA620156
bootloader/include/hal/IBootPlatform.hpp,tracked,274,B30088B67ED399D5D9D61422264D2E6A054941F956E30214AD5D5D09787D22A2
bootloader/include/hal/IFlashMap.hpp,tracked,696,ED8BFBBC6D6DC97B67B4812BD1C4125326B7311C7F4053E17653BC4CEFBDEF5D
bootloader/lib/README,tracked,1100,9E753E4BEF2BB4C7A3784561F50D0C42CEB7BD0C65F183E73209E86EC9892192
bootloader/platformio.ini,tracked,1549,FCF03E376D7EFD144E614CB9BDAB1424D7408357D921E85C50438B7B0163EA41
bootloader/scripts/provision_slot_crc.py,tracked,3859,EC856F4EEB29AE498279E88E1C2F64AF68A59374A32997B4B5D84CEA4CA68DE2
bootloader/src/bsp/g4/Stm32G4Beacon.cpp,tracked,888,B6368D608A9BC4F29046151491C77A57D0D38CAFE3EDD0078E1B7F66D994AD04
bootloader/src/bsp/g4/Stm32G4BootPlatform.cpp,tracked,1243,9C87A72A5F135CC37DC90CC56DEAD39CE6F85F97595D43EE41A8FC4A0159F046
bootloader/src/bsp/g4/Stm32G4FlashMap.cpp,tracked,2196,EA9CD83AA353BBE78C2ABDB4CCC7401CE0A89A94F383B103CD2F1103CE97E693
bootloader/src/main.cpp,tracked,1633,149F62B0BB80CE818D73B8D562E4F2E57C0942ADECBE23368C9BDE4A29AEFBB1
bootloader/test/README,tracked,529,95291BCE496CD8B6F92AB6F9359119D77F02FC22EEC7047CC38CC818A38C2B5D
bootloader/test/test_boot_policy/test_main.cpp,tracked,14197,50FAD5FA7914F7A05E174CDBB76606772D1C06A269D22B5F21D0A4B71A0E8055
core/.gitignore,tracked,243,D70187EFFB80B35DE684770385AA8EBCDBEE18EA394E3C7A6DDC439F17B162C5
core/.pio/build/native/.sconsign311.dblite,ignored,18110,68D3BA2092BE2DAE265A3C1C75E19EFA5E76BDBCAC023881DCD1782F48C52D47
core/.pio/build/native/lib8c3/Unity/unity.o,ignored,23967,8C1687294783AF8D1D00587DB0719335CD9A3C341355F1D99757B0287C9DB1B7
core/.pio/build/native/lib8c3/libUnity.a,ignored,25068,DD9417E9CB85F61CACDC6013A970D3A3C33867D933D87792669E136F0568D750
core/.pio/build/native/program.exe,ignored,334824,9C4634D5B26661D710C699FD82AE10DCBD844D387366D60742B46C739386E5D1
core/.pio/build/native/test/test_f411_rx_ring/test_main.o,ignored,18243,85B6426E530C1E22EFAB47AAE54A9AF017D9484048AA639EE7A1C8E517E9DFCC
core/.pio/build/native/test/test_sitl/test_main.o,ignored,283169,16F55613D5CB9C8E4921F590E94F69B17664724FCEFF9CD6C3E2036DC5EADF7E
core/.pio/build/native/unity_config/unity_config.c,ignored,1248,59CB68D147FB1AD0C1BB292315B6397DFB75F6C8471DA76A8C3D7DFE37AD456B
core/.pio/build/native/unity_config/unity_config.h,ignored,649,E1D3C88093BECB74DD6B39231A35F2EB967319806E17E45A1023791FDAC5B4A2
core/.pio/build/native/unity_config_build/unity_config.o,ignored,1761,8D593F2ED35A2B3C62BC827C36D978276BCEE2CAD4CCE224DA301222B36868B7
core/.pio/build/nucleo_f411re_payload_controller/.sconsign311.dblite,ignored,1417148,77D72D40559F60E7F9A11542633D693C0B3BE32E7F1C156DE5D6F2342CB6D797
core/.pio/build/nucleo_f411re_payload_controller/FrameworkCMSISDevice/gcc/startup_stm32f411xe.o,ignored,4912,3764CD400FB9970FC2376A91336C23E3CA609D67C525BDFACA9B62B5A41925AD
core/.pio/build/nucleo_f411re_payload_controller/FrameworkCMSISDevice/system_stm32f4xx.o,ignored,1656,D827D57979CA077433B61814758A1D17E721FABAC50F472C80E09AEA0384D086
core/.pio/build/nucleo_f411re_payload_controller/FrameworkHALDriver/Src/stm32f4xx_hal.o,ignored,6236,DDDF3349D0BFF21733F8637DBEF1270115C11607E2E877DB8FA64AD9517F0BE7
core/.pio/build/nucleo_f411re_payload_controller/FrameworkHALDriver/Src/stm32f4xx_hal_adc.o,ignored,7660,103AD21F12B902BF57A18A7B3A30693700F090E8A79E43F0A1E1E422966AB66F
core/.pio/build/nucleo_f411re_payload_controller/FrameworkHALDriver/Src/stm32f4xx_hal_adc_ex.o,ignored,5740,E964E8E14EBDC4B9E796C9DF3055158EBF2A341419F87769AF85C05FFCF582CD
core/.pio/build/nucleo_f411re_payload_controller/FrameworkHALDriver/Src/stm32f4xx_hal_can.o,ignored,800,3E533336A2B3466416B613D59665537914F4B0B72798DDA4C0D864AB93358872
core/.pio/build/nucleo_f411re_payload_controller/FrameworkHALDriver/Src/stm32f4xx_hal_cec.o,ignored,800,C18CBEB3617B120B098809674A85B46EA0CC363D3C9DAB2F42CEC4F0B7B3AA12
core/.pio/build/nucleo_f411re_payload_controller/FrameworkHALDriver/Src/stm32f4xx_hal_cortex.o,ignored,4800,5F1B33D7EEE2CC4F9E8DA00500990086873124DFDE4D3DE124237D4C67DDCF5D
core/.pio/build/nucleo_f411re_payload_controller/FrameworkHALDriver/Src/stm32f4xx_hal_crc.o,ignored,1960,0EE0A215233A4ECD7F00FEB2BD0E7BAC084BBBE418A029EBA881A8902D66212B
core/.pio/build/nucleo_f411re_payload_controller/FrameworkHALDriver/Src/stm32f4xx_hal_cryp.o,ignored,800,203A1C0B6D9750F6CF70C068438C4BF8EABEF67E015353B41ADAE2FBFD2643CC
core/.pio/build/nucleo_f411re_payload_controller/FrameworkHALDriver/Src/stm32f4xx_hal_cryp_ex.o,ignored,804,A0A24B62994FF9FBC87D276016E02E5C1A2B7C2EABF20BD6A16DE99929237381
core/.pio/build/nucleo_f411re_payload_controller/FrameworkHALDriver/Src/stm32f4xx_hal_dac.o,ignored,800,C8D74CFEA9F7F13303E3A7B08F67F133E7D2E081605A7AB301028932BC2AA286
core/.pio/build/nucleo_f411re_payload_controller/FrameworkHALDriver/Src/stm32f4xx_hal_dac_ex.o,ignored,804,97321E7932763F2714131832EBD4A00FA385E0BC6AAF34689EC834EEDB3DC1C1
core/.pio/build/nucleo_f411re_payload_controller/FrameworkHALDriver/Src/stm32f4xx_hal_dcmi.o,ignored,800,FE875E0AEF4F1F3EA0F74898626FE1A98717BF5441B77F61A3B56778E11870EA
core/.pio/build/nucleo_f411re_payload_controller/FrameworkHALDriver/Src/stm32f4xx_hal_dcmi_ex.o,ignored,804,9B5281EC5C7F1E8D34BF181BF89F2EED63601F014282AB8BBE618999112ABE58
core/.pio/build/nucleo_f411re_payload_controller/FrameworkHALDriver/Src/stm32f4xx_hal_dfsdm.o,ignored,800,2A5767ECAA26A7638BCF3DFF930C33A677E729A3C278F9CF565C7AABDB6D5D36
core/.pio/build/nucleo_f411re_payload_controller/FrameworkHALDriver/Src/stm32f4xx_hal_dma.o,ignored,4840,4B8EDA710960BDFE6EC61C615676AE69856E528E3863F5FE26BB8A35B3D2718E
core/.pio/build/nucleo_f411re_payload_controller/FrameworkHALDriver/Src/stm32f4xx_hal_dma2d.o,ignored,800,9034C783A02E89177950BE432B69E6013E2A71C9BDEA1A6A8D4333F771003EE8
core/.pio/build/nucleo_f411re_payload_controller/FrameworkHALDriver/Src/stm32f4xx_hal_dma_ex.o,ignored,4196,E6B29C6B935C7F54AD6BB5FF89DD02274578166528DBBE0A593939B813C79DF5
core/.pio/build/nucleo_f411re_payload_controller/FrameworkHALDriver/Src/stm32f4xx_hal_dsi.o,ignored,800,F83C5B4E1647EF3B976C5C034B6D7FE65733EBEDE56657645BA1C1F1ADA4552A
core/.pio/build/nucleo_f411re_payload_controller/FrameworkHALDriver/Src/stm32f4xx_hal_eth.o,ignored,800,855E0672B5171E9F685830571A099B289F0D76662EA1D987458DE2A4F62FE140
core/.pio/build/nucleo_f411re_payload_controller/FrameworkHALDriver/Src/stm32f4xx_hal_exti.o,ignored,2696,BDF7D7E9FBCFEAF369472C3DB5A6C851CB1834D0B522730814C9776328BE13D8
core/.pio/build/nucleo_f411re_payload_controller/FrameworkHALDriver/Src/stm32f4xx_hal_flash.o,ignored,4796,C927A03D1445B904F74DF3D68A6D583AE2CE3CC844B4B3A85E7AED57EC8445A1
core/.pio/build/nucleo_f411re_payload_controller/FrameworkHALDriver/Src/stm32f4xx_hal_flash_ex.o,ignored,3712,92AB067ACA5AD08AF41A0ECAC2D6F8F6F8A53C2FD1C34949BA075E221E3D10B9
core/.pio/build/nucleo_f411re_payload_controller/FrameworkHALDriver/Src/stm32f4xx_hal_flash_ramfunc.o,ignored,1400,4F53C48C15C3CBCCD450483D2F114C69C8D613BE24327811120FA56D3E4A36B3
core/.pio/build/nucleo_f411re_payload_controller/FrameworkHALDriver/Src/stm32f4xx_hal_fmpi2c.o,ignored,804,ABA0F31848533BC94DB060EC104FBA208B1F5FC99C298C6D38B2968BD998BF65
core/.pio/build/nucleo_f411re_payload_controller/FrameworkHALDriver/Src/stm32f4xx_hal_fmpi2c_ex.o,ignored,804,E1C34E2FB3C3F0B91D44AD1FB0EE77ED49FB9F2B99E54329AD812C01B134AE51
core/.pio/build/nucleo_f411re_payload_controller/FrameworkHALDriver/Src/stm32f4xx_hal_fmpsmbus.o,ignored,804,BD770F87376A1234D75531C6CA23B9835B3C5A00D2FDE781617C173186D1D56D
core/.pio/build/nucleo_f411re_payload_controller/FrameworkHALDriver/Src/stm32f4xx_hal_fmpsmbus_ex.o,ignored,808,600AD23E1E17F7204671260E6994E2B1D0142404B32F8F90A189EC65D4F05C09
core/.pio/build/nucleo_f411re_payload_controller/FrameworkHALDriver/Src/stm32f4xx_hal_gpio.o,ignored,2740,9266F9A08E34877F6D97F7B86AF40A241A77CB9A0F60010B0E9E9ABA3A14582D
core/.pio/build/nucleo_f411re_payload_controller/FrameworkHALDriver/Src/stm32f4xx_hal_hash.o,ignored,800,AEA0DAFB8659E2B8212135B2C7D6A86C7A9C273EF30AC5CC4A59F454E1C1525C
core/.pio/build/nucleo_f411re_payload_controller/FrameworkHALDriver/Src/stm32f4xx_hal_hash_ex.o,ignored,804,87E2BBF1E932F22AC6A0BA8D611B1866F1D51DF9F9626220FCC3E9D5E69CAE2B
core/.pio/build/nucleo_f411re_payload_controller/FrameworkHALDriver/Src/stm32f4xx_hal_hcd.o,ignored,9236,8B1B3C455F074CB0A9EBE446CE1AFB404E42934D068E88CCED7FC40792D84763
core/.pio/build/nucleo_f411re_payload_controller/FrameworkHALDriver/Src/stm32f4xx_hal_i2c.o,ignored,27004,67EF2D9B9867083F4C950235B07B54F3FFB6F7D192F6D9344BA32956E63A9A78
core/.pio/build/nucleo_f411re_payload_controller/FrameworkHALDriver/Src/stm32f4xx_hal_i2c_ex.o,ignored,1236,E4D276FCC53344BDA0E55B6844281A793973B6AA445ED71FD54133859C909925
core/.pio/build/nucleo_f411re_payload_controller/FrameworkHALDriver/Src/stm32f4xx_hal_i2s.o,ignored,8308,E1A60C816FB1F3824B71F58A6474181D4BE23565E79FACC00946E3F54729D588
core/.pio/build/nucleo_f411re_payload_controller/FrameworkHALDriver/Src/stm32f4xx_hal_i2s_ex.o,ignored,5216,CF5266949C14AA5C5BCF8F4397A42074CFA1E3826D206904BD535DB8F0C3AA79
core/.pio/build/nucleo_f411re_payload_controller/FrameworkHALDriver/Src/stm32f4xx_hal_irda.o,ignored,11564,CBA613CAE81A2CF4889E915368AB6736CAAF30F3AB9FEF45C99ABB8173FF4E0E
core/.pio/build/nucleo_f411re_payload_controller/FrameworkHALDriver/Src/stm32f4xx_hal_iwdg.o,ignored,1232,5D9D0978B83EA089A462A185E7D85589132D187857B2C191B0567CBD07CD4621
core/.pio/build/nucleo_f411re_payload_controller/FrameworkHALDriver/Src/stm32f4xx_hal_lptim.o,ignored,800,6EED5528F321E57380749E2CD1025CC9EE860297EF19ACED0D53650552CFE132
core/.pio/build/nucleo_f411re_payload_controller/FrameworkHALDriver/Src/stm32f4xx_hal_ltdc.o,ignored,800,220472507CB97703BF728C054F78A726D61BC1F463385BB4ED14353A06D79980
core/.pio/build/nucleo_f411re_payload_controller/FrameworkHALDriver/Src/stm32f4xx_hal_ltdc_ex.o,ignored,804,2BC128224ABAAF6A122C1C234E8799B5BDF1CBEE9D331515CAEDB17DA67DAAAB
core/.pio/build/nucleo_f411re_payload_controller/FrameworkHALDriver/Src/stm32f4xx_hal_mmc.o,ignored,13656,3E166915C7A997D71B8920A60C0F18D810DE7F5B38F274EA20867345291ACFDF
core/.pio/build/nucleo_f411re_payload_controller/FrameworkHALDriver/Src/stm32f4xx_hal_nand.o,ignored,800,7A6D3AB722253E5A062C9D9FF588C16F82A53C6605938AB10DB4B9A8B7695BB8
core/.pio/build/nucleo_f411re_payload_controller/FrameworkHALDriver/Src/stm32f4xx_hal_nor.o,ignored,800,1AC0AA74C10197F042E2FEA55EE301882E046B5007F685E6AED65705E1695F19
core/.pio/build/nucleo_f411re_payload_controller/FrameworkHALDriver/Src/stm32f4xx_hal_pccard.o,ignored,804,E97D2D8E7BCE021F99584E55F51C61751906AA40ED94588CBDB95702AD1CB5E3
core/.pio/build/nucleo_f411re_payload_controller/FrameworkHALDriver/Src/stm32f4xx_hal_pcd.o,ignored,11204,36A575E5A3B6B49C389E12BD025740F9C5DC5C03C98B5D70BFF2E216F7C03860
core/.pio/build/nucleo_f411re_payload_controller/FrameworkHALDriver/Src/stm32f4xx_hal_pcd_ex.o,ignored,1428,16BFE7723768A5F4661F7430CAB0221008BE8765463108D8B08262930D13F021
core/.pio/build/nucleo_f411re_payload_controller/FrameworkHALDriver/Src/stm32f4xx_hal_pwr.o,ignored,3952,FCCE6F1400339BACFAB5291FAE84E3F0F64E66FF630D7CE68DA06423F5412189
core/.pio/build/nucleo_f411re_payload_controller/FrameworkHALDriver/Src/stm32f4xx_hal_pwr_ex.o,ignored,3176,8849EC4FE3764757372DBE857CFCB989EC238D3A2D13622259CB4B68A069F720
core/.pio/build/nucleo_f411re_payload_controller/FrameworkHALDriver/Src/stm32f4xx_hal_qspi.o,ignored,800,B6AC9CEDFF537436DFFDCBB9767BE95640A8FD929BAC0B54E79CF99D7F5D6A50
core/.pio/build/nucleo_f411re_payload_controller/FrameworkHALDriver/Src/stm32f4xx_hal_rcc.o,ignored,5596,54FE89FDCE7FCB68829E2E20D8969732141F7657708B5D805941D3DA796F8554
core/.pio/build/nucleo_f411re_payload_controller/FrameworkHALDriver/Src/stm32f4xx_hal_rcc_ex.o,ignored,3372,4E1B466550E96EAC16CC1CEACF4C101633A95ACCFA33E1C747D58E150A67B726
core/.pio/build/nucleo_f411re_payload_controller/FrameworkHALDriver/Src/stm32f4xx_hal_rng.o,ignored,800,D1E5BC3B4EAFD198AC93C0353109D760CE5F29E38B9CEDEF966179C843E9F45B
core/.pio/build/nucleo_f411re_payload_controller/FrameworkHALDriver/Src/stm32f4xx_hal_rtc.o,ignored,7668,CB726C1730B5EBD6C8740CB25F5B7D5EF340BB30B50256D804C6096319B394A4
core/.pio/build/nucleo_f411re_payload_controller/FrameworkHALDriver/Src/stm32f4xx_hal_rtc_ex.o,ignored,9376,18B88F4E240A3B11FA47D7B46958D841D9875B80D7136BF3FFCB44FB88F9A1A9
core/.pio/build/nucleo_f411re_payload_controller/FrameworkHALDriver/Src/stm32f4xx_hal_sai.o,ignored,800,D0A8DE955B949980AED904A83713FD686CE140612FDCB7CD2A25185F4BE88B03
core/.pio/build/nucleo_f411re_payload_controller/FrameworkHALDriver/Src/stm32f4xx_hal_sai_ex.o,ignored,804,30BD8667FF364FCE28F9C88825D834AFBEE2808EB37570D72BC60D8199F21493
core/.pio/build/nucleo_f411re_payload_controller/FrameworkHALDriver/Src/stm32f4xx_hal_sd.o,ignored,13708,856D2847915770831BC6FDD1AD4DA72BAD7A44EBFE6F9D8CC3747C667CE6D41C
core/.pio/build/nucleo_f411re_payload_controller/FrameworkHALDriver/Src/stm32f4xx_hal_sdram.o,ignored,800,A7AA0E7945B22734BAF9C1E6A080D0D5991AEEC48DFE04954C382114C33A0483
core/.pio/build/nucleo_f411re_payload_controller/FrameworkHALDriver/Src/stm32f4xx_hal_smartcard.o,ignored,10052,D12A657B92B2B7629F76617BDEF4214CC10C2E7D6E1300819C0477F691FCE696
core/.pio/build/nucleo_f411re_payload_controller/FrameworkHALDriver/Src/stm32f4xx_hal_smbus.o,ignored,9772,CCFB82B3117C9BB7C0F9754DB09723DD0183C7865218E1C52148DEFB20B8C656
core/.pio/build/nucleo_f411re_payload_controller/FrameworkHALDriver/Src/stm32f4xx_hal_spdifrx.o,ignored,804,13D2BC51F175BB14F9C46B66AC472DD61601A956EC2BC89750D255556944B2FC
core/.pio/build/nucleo_f411re_payload_controller/FrameworkHALDriver/Src/stm32f4xx_hal_spi.o,ignored,18692,99D131C863650CD34365538085E6B3F46129C6B9524C475E0B59D545BD7B7697
core/.pio/build/nucleo_f411re_payload_controller/FrameworkHALDriver/Src/stm32f4xx_hal_sram.o,ignored,800,6BA24DCFA85118518970BFBE1EB5EB24899D5C292D93B1EA1DB4A6B99CAE1EC1
core/.pio/build/nucleo_f411re_payload_controller/FrameworkHALDriver/Src/stm32f4xx_hal_tim.o,ignored,31312,35E1D76A618AC43F7C3213DE2B6F529558087ACA51C5423154173D1903D0E402
core/.pio/build/nucleo_f411re_payload_controller/FrameworkHALDriver/Src/stm32f4xx_hal_tim_ex.o,ignored,12660,BF69A3185E9652B09BF6EDC5FDB0523D25160D49F22B9618362022E521D3D5A5
core/.pio/build/nucleo_f411re_payload_controller/FrameworkHALDriver/Src/stm32f4xx_hal_uart.o,ignored,16812,DA1D0A9E9AB30A0129F2480BEAE37BB08DD59AC4FA84BF15AA0D13D1C903C866
core/.pio/build/nucleo_f411re_payload_controller/FrameworkHALDriver/Src/stm32f4xx_hal_usart.o,ignored,11508,2C24EF036D9E7BBC3E33AF686A49243F29EBC12E89BEB037203CC8F47CA0FD4B
core/.pio/build/nucleo_f411re_payload_controller/FrameworkHALDriver/Src/stm32f4xx_hal_wwdg.o,ignored,1656,D778256BCC1C62EAA339248094DD35A8FD906E57FE45045C244B91A91954E669
core/.pio/build/nucleo_f411re_payload_controller/FrameworkHALDriver/Src/stm32f4xx_ll_adc.o,ignored,800,ABB7B591FBC5DD601804FDB83EAFF21F9E8C18379D7FF5F2A6C07106819DC5DA
core/.pio/build/nucleo_f411re_payload_controller/FrameworkHALDriver/Src/stm32f4xx_ll_crc.o,ignored,800,AF4DCFE692C2D321C3A25A68706B3496DC99D987BEE675CB6C40A4FE76288827
core/.pio/build/nucleo_f411re_payload_controller/FrameworkHALDriver/Src/stm32f4xx_ll_dac.o,ignored,800,7B799D485295DAF9149ABB5BA78F4C69EAAB8D969114DA5D18277E71D5F104B7
core/.pio/build/nucleo_f411re_payload_controller/FrameworkHALDriver/Src/stm32f4xx_ll_dma.o,ignored,800,5FB2A877044A829E432EA2BE8F903235CC8FE940BFADB89A38BCB74AC70FA234
core/.pio/build/nucleo_f411re_payload_controller/FrameworkHALDriver/Src/stm32f4xx_ll_dma2d.o,ignored,800,605B8C0DA5677DDEE68108F4B7131C846DDE5E4BE387000DB4DB086556087F65
core/.pio/build/nucleo_f411re_payload_controller/FrameworkHALDriver/Src/stm32f4xx_ll_exti.o,ignored,800,EBC120B9E257C9BDBDDA4EF36663580636E033F751F2890359C4F7AC37389DDF
core/.pio/build/nucleo_f411re_payload_controller/FrameworkHALDriver/Src/stm32f4xx_ll_fmc.o,ignored,800,0808A31B6ABBA557803905ED6D977D6D08FCAFC6938717812FAA3092AA1E175C
core/.pio/build/nucleo_f411re_payload_controller/FrameworkHALDriver/Src/stm32f4xx_ll_fmpi2c.o,ignored,800,E2245DBA2518D358B1C4ABE944ADC2176423DD794C9FF0C9F36404F025392AF1
core/.pio/build/nucleo_f411re_payload_controller/FrameworkHALDriver/Src/stm32f4xx_ll_fsmc.o,ignored,800,CB720E44749E512D8A78A7B9B7BE7EB6C1E35E085905F94232E1F1DD6A04B78A
core/.pio/build/nucleo_f411re_payload_controller/FrameworkHALDriver/Src/stm32f4xx_ll_gpio.o,ignored,800,972D7C6ABC933B3B7DFC9B33EF5DEDF349A6EB3A89E54A56A191DF9E2861A7A8
core/.pio/build/nucleo_f411re_payload_controller/FrameworkHALDriver/Src/stm32f4xx_ll_i2c.o,ignored,800,020050FDDE7020DAE697FEF2F3E97C33958F84F2A451C68C31663DD6C6A53C77
core/.pio/build/nucleo_f411re_payload_controller/FrameworkHALDriver/Src/stm32f4xx_ll_lptim.o,ignored,800,8A126245B6992EC14CDC77D037FD5B1869D50D6DD7EEC8A701989A7CF8917588
core/.pio/build/nucleo_f411re_payload_controller/FrameworkHALDriver/Src/stm32f4xx_ll_pwr.o,ignored,800,D95F5F8628E1172A4969BA8B32FA65F61F7ACB4FA407B25E70A4DBA896DBF257
core/.pio/build/nucleo_f411re_payload_controller/FrameworkHALDriver/Src/stm32f4xx_ll_rcc.o,ignored,800,ABFE7E63D248B56BAA4D55659ABA5CFCA5A44CFEFC3551C975DA69AC88E88F79
core/.pio/build/nucleo_f411re_payload_controller/FrameworkHALDriver/Src/stm32f4xx_ll_rng.o,ignored,800,48EB65CCB9B085368B71520F9EA2F3B35B5B3A9A2C6422F951184B8696F6BCD3
core/.pio/build/nucleo_f411re_payload_controller/FrameworkHALDriver/Src/stm32f4xx_ll_rtc.o,ignored,800,D2A614E530DF587FEC1D124B8A6D6D9D8AAC586BA2877D6035F669130A5C519F
core/.pio/build/nucleo_f411re_payload_controller/FrameworkHALDriver/Src/stm32f4xx_ll_sdmmc.o,ignored,10960,E98400B4B760718E71CA5760A50DEC29CC3EE1DA4A401C5E932D72835F2D9DE6
core/.pio/build/nucleo_f411re_payload_controller/FrameworkHALDriver/Src/stm32f4xx_ll_spi.o,ignored,800,0F176B31BC26BACFCCD7808D9BDD3D2788D655CF15A8BB0BB3815FBCC8B1B824
core/.pio/build/nucleo_f411re_payload_controller/FrameworkHALDriver/Src/stm32f4xx_ll_tim.o,ignored,800,7671FE2848963316B278EBA9387B9BBEA28AE34DA666C1312A27934D1B5FC9D0
core/.pio/build/nucleo_f411re_payload_controller/FrameworkHALDriver/Src/stm32f4xx_ll_usart.o,ignored,800,26224261D2B86E79ED6984D3CF9FC349A4E4807451271DDB21FED862EAAA27CC
core/.pio/build/nucleo_f411re_payload_controller/FrameworkHALDriver/Src/stm32f4xx_ll_usb.o,ignored,12632,BE7AED91AAB8DFBF366B1204492F5C031AAB1B0FB5DAE75416C9D22A1734DA51
core/.pio/build/nucleo_f411re_payload_controller/FrameworkHALDriver/Src/stm32f4xx_ll_utils.o,ignored,3024,8671EF342A390815B4EA5F9A95D3ACE0B3E952C57637559E08A1E39AA8675CA1
core/.pio/build/nucleo_f411re_payload_controller/firmware.bin,ignored,19832,8686113C4A83E1600EBE66FB3B3F8795853011B4B0E69D91F9E68EBB3FD8FE68
core/.pio/build/nucleo_f411re_payload_controller/firmware.elf,ignored,158152,9AA52D103E977A8B18968A0B7F3D69E74361AC5E5FFDFA6B3CBC49A3AD722D78
core/.pio/build/nucleo_f411re_payload_controller/lib89f/FreeRTOS/event_groups.o,ignored,4044,D9D4975B23322FA185D6407A8EFB66F73E36F66E125375D6F7DB189B8D1B81AC
core/.pio/build/nucleo_f411re_payload_controller/lib89f/FreeRTOS/list.o,ignored,1544,558DB115F84F584E908710BD7BF1AAC9860847BDE1FCD1DA57553E86340461B7
core/.pio/build/nucleo_f411re_payload_controller/lib89f/FreeRTOS/portable/GCC/ARM_CM4F/port.o,ignored,4992,DA00AABC68DE00839B46B82F71A43D1BEE9A40FC97A2B05EB5A3CEAF496EB328
core/.pio/build/nucleo_f411re_payload_controller/lib89f/FreeRTOS/queue.o,ignored,10072,73EAFC76A3C611F1C11AC2E529E6E1F830157BE57D7C2CE44F17010C2DAA83DD
core/.pio/build/nucleo_f411re_payload_controller/lib89f/FreeRTOS/stream_buffer.o,ignored,8576,A21CA74C72136F2C5240DE766855F7504E422C9AD199910D0CEC455D1C669F7D
core/.pio/build/nucleo_f411re_payload_controller/lib89f/FreeRTOS/tasks.o,ignored,24776,FE5CDCED3A333B43B4337466E9F5D921DED1DD58C043DADD241DB00A4575589C
core/.pio/build/nucleo_f411re_payload_controller/lib89f/FreeRTOS/timers.o,ignored,8660,44F953BFCF06D24CCF8C906C3A37463D2BD8FA3A6810D8F337800B41E8FF7E2B
core/.pio/build/nucleo_f411re_payload_controller/lib89f/libFreeRTOS.a,ignored,66694,E5EB2F006085E157339752222D0B84ABCD06DA338ED167C932FA1B53C19F6CA5
core/.pio/build/nucleo_f411re_payload_controller/libFrameworkCMSISDevice.a,ignored,8558,10F224588794F4796CA0C3FCCD4EC670F466540E3144C6261C72EB036BE72727
core/.pio/build/nucleo_f411re_payload_controller/src/bsp/f4/Stm32Gpio.o,ignored,5108,64F3E0D2C158A6470B7FEC15605700B7C7B15FBCFE6C452854F1B807A498230A
core/.pio/build/nucleo_f411re_payload_controller/src/bsp/f4/Stm32Timing.o,ignored,2772,5D32240F57E8E9A1F7571EAAD1D561561F89638E578378CFA4FDCB0E76943530
core/.pio/build/nucleo_f411re_payload_controller/src/bsp/f4/Stm32Uart.o,ignored,3004,BE430545DC8F767B4A41842D8015C160ED691C43413A39794B096FE8CB1BCAF9
core/.pio/build/nucleo_f411re_payload_controller/src/bsp/f4/SystemReset.o,ignored,1024,5912CC808DCA5446FE8C0E7C2868364DA3A69A273EDB27CB632D9BE4C4640CE3
core/.pio/build/nucleo_f411re_payload_controller/src/main.o,ignored,38320,646315CB57AC0D07B044712BA7C393200A3F8DAB0E1BA5D5E20C5D292689AC37
core/.pio/build/nucleo_f411re_payload_controller/src/stress/StressTestTask.o,ignored,800,587FAA8B010A4F58A1CA72937864DD81D23F8D2552BA03EA3B256662B706DD9C
core/.pio/build/nucleo_g431rb_payload_demo/.sconsign311.dblite,ignored,1123833,EF0781962B5A96EDB899026CBE1D2E5E8A32937A286054056FE0AAC5D6A48894
core/.pio/build/nucleo_g431rb_payload_demo/FrameworkCMSISDevice/gcc/startup_stm32g431xx.o,ignored,5592,139D08796609872D3E7106325A0A2C151F330561AC6889B5DFAF9FB77E57F15E
core/.pio/build/nucleo_g431rb_payload_demo/FrameworkCMSISDevice/system_stm32g4xx.o,ignored,1660,62C8A2C9268FBD8C37F07136487C01C765CC1B320399297C2172059651258DCB
core/.pio/build/nucleo_g431rb_payload_demo/FrameworkHALDriver/Src/stm32g4xx_hal.o,ignored,8456,DA6679CBBC2A2CC26CA07EE7642EEFCA9B6DED38F805B73CA3EFA889D4D006C9
core/.pio/build/nucleo_g431rb_payload_demo/FrameworkHALDriver/Src/stm32g4xx_hal_adc.o,ignored,12576,96FF0C380746049F54986DEF4C0C1B114B0BF2D9C53AA5755B9B1810EFED4F48
core/.pio/build/nucleo_g431rb_payload_demo/FrameworkHALDriver/Src/stm32g4xx_hal_adc_ex.o,ignored,11416,0AE32E21508F723DE7B9574F5047D69C66BA2ABCBAC681CFE3DE5DDC587D36FB
core/.pio/build/nucleo_g431rb_payload_demo/FrameworkHALDriver/Src/stm32g4xx_hal_comp.o,ignored,3224,34143BCC163CEC88F1A17D881BA074517618620C92FEA78C9B6E6F38D11C13D9
core/.pio/build/nucleo_g431rb_payload_demo/FrameworkHALDriver/Src/stm32g4xx_hal_cordic.o,ignored,5108,1012275894A5D544D1889159538D8A70B9DBE8DCAF363F4C61C846BE2A076CF8
core/.pio/build/nucleo_g431rb_payload_demo/FrameworkHALDriver/Src/stm32g4xx_hal_cortex.o,ignored,4628,74DA78595ACBAD3C84062A5C92EBB4C42DF95B9697352F4F2D47ADA6591B143C
core/.pio/build/nucleo_g431rb_payload_demo/FrameworkHALDriver/Src/stm32g4xx_hal_crc.o,ignored,2692,D67349BF486972A227CC3179509E3736B204A91531BA3FBA05D7E0AD5E5A237D
core/.pio/build/nucleo_g431rb_payload_demo/FrameworkHALDriver/Src/stm32g4xx_hal_crc_ex.o,ignored,1376,E025F596F166925A96492F13B6B2AFD69212E560EB7B5F3F86D453460393A7DB
core/.pio/build/nucleo_g431rb_payload_demo/FrameworkHALDriver/Src/stm32g4xx_hal_cryp.o,ignored,800,6BF3C0FC681BFD6FAAE56A2C90AA894573E78CF98F94A3FA982A5A86B6F88D86
core/.pio/build/nucleo_g431rb_payload_demo/FrameworkHALDriver/Src/stm32g4xx_hal_cryp_ex.o,ignored,804,E1002BB0C630E74195988F24D0E845173D29AE8945A03A642C3A77499644D3A3
core/.pio/build/nucleo_g431rb_payload_demo/FrameworkHALDriver/Src/stm32g4xx_hal_dac.o,ignored,5844,97DE719A04050597F58FFF8C83D3D2255AB10BD47D8EB549800E2F34A6C2CFE1
core/.pio/build/nucleo_g431rb_payload_demo/FrameworkHALDriver/Src/stm32g4xx_hal_dac_ex.o,ignored,5880,19F77CBC05C9C379BA1403732B9C05217A4081C6DA25354F0E8C0EC5BEBC79F0
core/.pio/build/nucleo_g431rb_payload_demo/FrameworkHALDriver/Src/stm32g4xx_hal_dma.o,ignored,4592,6BEA8925083FC01ABCE30D617AC6D6DAD0A508C6CBF61084D01380A775B5038D
core/.pio/build/nucleo_g431rb_payload_demo/FrameworkHALDriver/Src/stm32g4xx_hal_dma_ex.o,ignored,1880,2033A588699535BB386042085748F87B9CC80F5CCA646A074AE472BFD459943A
core/.pio/build/nucleo_g431rb_payload_demo/FrameworkHALDriver/Src/stm32g4xx_hal_exti.o,ignored,2804,421635F14C19480172E8BCC85A9A49D8994499F46C2BE5075A2D553D9CCEC63C
core/.pio/build/nucleo_g431rb_payload_demo/FrameworkHALDriver/Src/stm32g4xx_hal_fdcan.o,ignored,13924,5F4FB9B5DA8616F13245F32A73D939469111FF29CB3AA7820F1410AC473931D2
core/.pio/build/nucleo_g431rb_payload_demo/FrameworkHALDriver/Src/stm32g4xx_hal_flash.o,ignored,4272,43D53BDA832E790418D100A4D471B53DC7CD8C5A3ABF28E705FFA0A9A2CE804F
core/.pio/build/nucleo_g431rb_payload_demo/FrameworkHALDriver/Src/stm32g4xx_hal_flash_ex.o,ignored,4192,BC91B9C8A0D48E8248947E1BF94C756637CDC13528978C36ADD6AFFB6FD77878
core/.pio/build/nucleo_g431rb_payload_demo/FrameworkHALDriver/Src/stm32g4xx_hal_flash_ramfunc.o,ignored,1112,E54B500A8C773E14D950EE3BF10DCAA6DBB28D397C24F6DB2BCCDEA88C2F0A55
core/.pio/build/nucleo_g431rb_payload_demo/FrameworkHALDriver/Src/stm32g4xx_hal_fmac.o,ignored,10584,80019E81B24CDC23ED604EC9E73D4EE7C29B7D41BC0652E355AA1E79B6298A24
core/.pio/build/nucleo_g431rb_payload_demo/FrameworkHALDriver/Src/stm32g4xx_hal_gpio.o,ignored,2724,176180C14C1A84AC661ADEF5C49C5D5454AF4EED2D27AF864DE842038FEBB0D5
core/.pio/build/nucleo_g431rb_payload_demo/FrameworkHALDriver/Src/stm32g4xx_hal_hrtim.o,ignored,800,F1569B2052060B13273010E8B90E4091495D96221D839668AECAD55747D31BCE
core/.pio/build/nucleo_g431rb_payload_demo/FrameworkHALDriver/Src/stm32g4xx_hal_i2c.o,ignored,29552,D734BF716DB486782BA6710EA8E523D3B9DD3B8247571C108F6D1F383C9EF868
core/.pio/build/nucleo_g431rb_payload_demo/FrameworkHALDriver/Src/stm32g4xx_hal_i2c_ex.o,ignored,2112,B587D4BC6CD0E5A251496438F5110D39D352E95C308F744C5DFEE9830B343000
core/.pio/build/nucleo_g431rb_payload_demo/FrameworkHALDriver/Src/stm32g4xx_hal_i2s.o,ignored,7512,FAFE75D8F576BEEB0DC35688761EC60BA98478B8EB5826DEFEB04824121DC03D
core/.pio/build/nucleo_g431rb_payload_demo/FrameworkHALDriver/Src/stm32g4xx_hal_irda.o,ignored,12296,5BD67CEE6084EFC3F4E4E7E2FA5723F7BE78880C089E7324286228C1FB324D7F
core/.pio/build/nucleo_g431rb_payload_demo/FrameworkHALDriver/Src/stm32g4xx_hal_iwdg.o,ignored,1240,94BE8A35F6EB148ED4FC213CDE5F35A62C31230DB39A1A507D96BB2EBD00B377
core/.pio/build/nucleo_g431rb_payload_demo/FrameworkHALDriver/Src/stm32g4xx_hal_lptim.o,ignored,11180,AE3106D3784A44D12530CF86CE66E9E2C15712AEE77FE52705B73D139DAE02F9
core/.pio/build/nucleo_g431rb_payload_demo/FrameworkHALDriver/Src/stm32g4xx_hal_nand.o,ignored,800,6BD4FFED0899326102721F01CA0F915CA6E75E960E8C8FD1849EF6349C3E9FCF
core/.pio/build/nucleo_g431rb_payload_demo/FrameworkHALDriver/Src/stm32g4xx_hal_nor.o,ignored,800,4817CF3C45E8C3DF36C43AE31E5347C4B2F4C98C8AB4B689DDB1CA78E1592C95
core/.pio/build/nucleo_g431rb_payload_demo/FrameworkHALDriver/Src/stm32g4xx_hal_opamp.o,ignored,3424,8BAE427E255433BAA4E66359F80A369E4D79672030405F7BF8B9117B670F7499
core/.pio/build/nucleo_g431rb_payload_demo/FrameworkHALDriver/Src/stm32g4xx_hal_opamp_ex.o,ignored,2032,2B4A2F60228D229CE35F01B7E638366FE90C5DFA380A9ABACF8E7BB8706BB354
core/.pio/build/nucleo_g431rb_payload_demo/FrameworkHALDriver/Src/stm32g4xx_hal_pcd.o,ignored,10784,C95C5CAFA3941668261E9DE38B333EF03EFE1FEF7304602C1A244CC2751B3AEE
core/.pio/build/nucleo_g431rb_payload_demo/FrameworkHALDriver/Src/stm32g4xx_hal_pcd_ex.o,ignored,2524,E0CDB111506BAD0BD979C8E2AC92FB5C54D4FC845AFB0BDFBD30A5F807F38F37
core/.pio/build/nucleo_g431rb_payload_demo/FrameworkHALDriver/Src/stm32g4xx_hal_pwr.o,ignored,3992,77DD29B2F17666701C019464AA030B3E909832DD7DB5F4B5E5F4EE487053295D
core/.pio/build/nucleo_g431rb_payload_demo/FrameworkHALDriver/Src/stm32g4xx_hal_pwr_ex.o,ignored,9196,B2BBFE30D573261AE9734E42AF5E18040C47628B6A04969776DB3D3F68577D7C
core/.pio/build/nucleo_g431rb_payload_demo/FrameworkHALDriver/Src/stm32g4xx_hal_qspi.o,ignored,800,C9898659DF00E5D22A52404BD89B3264B95FF2ACF295274B0B7E867DFE188EF9
core/.pio/build/nucleo_g431rb_payload_demo/FrameworkHALDriver/Src/stm32g4xx_hal_rcc.o,ignored,6424,46CEB8AC130F75BECB034654D614C016F43700402FF7DA558C771100D78D76F2
core/.pio/build/nucleo_g431rb_payload_demo/FrameworkHALDriver/Src/stm32g4xx_hal_rcc_ex.o,ignored,7124,176BC53F6A2C4E12206CB6982E83C768B4129E2B64AC214F8A94ADD755AE0673
core/.pio/build/nucleo_g431rb_payload_demo/FrameworkHALDriver/Src/stm32g4xx_hal_rng.o,ignored,3052,10D912DE6E12704B1E80A140924FA4C84C4C4B61EE39126D679B26828F0A903C
core/.pio/build/nucleo_g431rb_payload_demo/FrameworkHALDriver/Src/stm32g4xx_hal_rtc.o,ignored,7772,B6894504863398A88EA65C0763DF717D23505326504549CDDB0AC4BBAE6D4C3E
core/.pio/build/nucleo_g431rb_payload_demo/FrameworkHALDriver/Src/stm32g4xx_hal_rtc_ex.o,ignored,11640,C2C1C9177388625A10E93404C70A90DEAEC0A3A34CB4B3515B6DAFAA07C6010F
core/.pio/build/nucleo_g431rb_payload_demo/FrameworkHALDriver/Src/stm32g4xx_hal_sai.o,ignored,12776,18DCBE0DB45E34D96CB54AA36E2E4C30A2B4C82B8D660F9741A531BF77B46EF1
core/.pio/build/nucleo_g431rb_payload_demo/FrameworkHALDriver/Src/stm32g4xx_hal_sai_ex.o,ignored,1056,F176E0C8520604A08D6E14213657DA40C725898BB26B6B764D4078D5978A9770
core/.pio/build/nucleo_g431rb_payload_demo/FrameworkHALDriver/Src/stm32g4xx_hal_smartcard.o,ignored,13280,0554E268D32427215A1D923DC792F1D875EC9BA9A8B898FB5C337FAC87A19025
core/.pio/build/nucleo_g431rb_payload_demo/FrameworkHALDriver/Src/stm32g4xx_hal_smartcard_ex.o,ignored,3568,7976485E888EF51C7EAFDED7EB7A468BCF3589962191272F4FBC878B7CADFFDA
core/.pio/build/nucleo_g431rb_payload_demo/FrameworkHALDriver/Src/stm32g4xx_hal_smbus.o,ignored,10572,5F52EE02965EB5FD53A946AB19C4A2DF0C35DA8CAC26B596C168EEA52A3992FB
core/.pio/build/nucleo_g431rb_payload_demo/FrameworkHALDriver/Src/stm32g4xx_hal_smbus_ex.o,ignored,1660,A258D698AC85235B227284CF2FD43CD413F0296C291955CEE92B16B1517BF43E
core/.pio/build/nucleo_g431rb_payload_demo/FrameworkHALDriver/Src/stm32g4xx_hal_spi.o,ignored,20880,6323511453D021AACFEF53C1829644F8FE4D2439B395B59B70DA65D06781FFAA
core/.pio/build/nucleo_g431rb_payload_demo/FrameworkHALDriver/Src/stm32g4xx_hal_spi_ex.o,ignored,980,B08C447B71E81E83DB895884120DC0166C3649656A2FFF847A3BF50715A52C21
core/.pio/build/nucleo_g431rb_payload_demo/FrameworkHALDriver/Src/stm32g4xx_hal_sram.o,ignored,800,98F90BB4129B867B7D7D0020B8772442D6C37CDEC9095552B96FDED75C89EC57
core/.pio/build/nucleo_g431rb_payload_demo/FrameworkHALDriver/Src/stm32g4xx_hal_tim.o,ignored,34220,4F0AAC45AA7BA1F671BDDD194ACE65F23D4A9276466CC8AAB1F842D21BF62748
core/.pio/build/nucleo_g431rb_payload_demo/FrameworkHALDriver/Src/stm32g4xx_hal_tim_ex.o,ignored,19176,A4E62FBC3BB55E40F29C104F3A4D2774A218BB4D1218C9903DA3EAD0AB2B8D46
core/.pio/build/nucleo_g431rb_payload_demo/FrameworkHALDriver/Src/stm32g4xx_hal_uart.o,ignored,23224,3B9F09C3E189F10B0B0ED1667B8D888617EB808F3FFE0DFEF4BAE6CC85BCB07C
core/.pio/build/nucleo_g431rb_payload_demo/FrameworkHALDriver/Src/stm32g4xx_hal_uart_ex.o,ignored,5680,262483A0B9A573FEC066CFF5D32278640DB131C9B3618F77B29E8CD00A831581
core/.pio/build/nucleo_g431rb_payload_demo/FrameworkHALDriver/Src/stm32g4xx_hal_usart.o,ignored,15520,3F25CD6B14070B1F311EC494FE91FFBEC582559FC37C0FAD27CB71B41BB2E929
core/.pio/build/nucleo_g431rb_payload_demo/FrameworkHALDriver/Src/stm32g4xx_hal_usart_ex.o,ignored,3328,03231CEA6176AFB623682E98B5F0C5EF0121AC093EDDAF892DF1A644FCF8F3D4
core/.pio/build/nucleo_g431rb_payload_demo/FrameworkHALDriver/Src/stm32g4xx_hal_wwdg.o,ignored,1656,7F3F5D9239CD0636CAACAD841EF3DC2F7AC75E55DCDC538ADB60A7DAFA18B4A7
core/.pio/build/nucleo_g431rb_payload_demo/FrameworkHALDriver/Src/stm32g4xx_ll_adc.o,ignored,800,BAD56D6FA79C7962FC9C5499643F5912FECFCE4B2C0517945125F3E3B377CA78
core/.pio/build/nucleo_g431rb_payload_demo/FrameworkHALDriver/Src/stm32g4xx_ll_comp.o,ignored,800,3C4C5A50EEBC1C7D7A54AA198B873DBCD8FCCFD34378DBA912CEFEF511B8DEDA
core/.pio/build/nucleo_g431rb_payload_demo/FrameworkHALDriver/Src/stm32g4xx_ll_cordic.o,ignored,800,C8D4E0F8E74C960EE56182C3BDE58BA83CD36FF2BF0B07BB5F91DA2E40C57958
core/.pio/build/nucleo_g431rb_payload_demo/FrameworkHALDriver/Src/stm32g4xx_ll_crc.o,ignored,800,3CD964B77EA4DFCD2317F87969F28862B9CB5A716B5162873520E833AE4AB204
core/.pio/build/nucleo_g431rb_payload_demo/FrameworkHALDriver/Src/stm32g4xx_ll_crs.o,ignored,800,153F1B40ADD16025C83A791D7C70BB1AFC37EFA6784EC2C1739080D7E92CE6D5
core/.pio/build/nucleo_g431rb_payload_demo/FrameworkHALDriver/Src/stm32g4xx_ll_dac.o,ignored,800,4C0477C2C2EFED09B2574CE7B001EDF30C3D562291E11AA823C36EFA16806D5B
core/.pio/build/nucleo_g431rb_payload_demo/FrameworkHALDriver/Src/stm32g4xx_ll_dma.o,ignored,800,63C8B1818CA6EB72674BCB84FED43AC5110E714A8B72F196C34B93FD66628395
core/.pio/build/nucleo_g431rb_payload_demo/FrameworkHALDriver/Src/stm32g4xx_ll_exti.o,ignored,800,4826AFF774EB25273773813DAB0FFF1C4EA877EC2A2AF9000083E20D425D0F67
core/.pio/build/nucleo_g431rb_payload_demo/FrameworkHALDriver/Src/stm32g4xx_ll_fmac.o,ignored,800,83D510C29C891D19A67C7A2078565DAFC1500536ED3581D8A478B3CCC7084320
core/.pio/build/nucleo_g431rb_payload_demo/FrameworkHALDriver/Src/stm32g4xx_ll_fmc.o,ignored,800,157859E84EB115F08B7EA156CDF4CD3FD9982F551B537F8BA5DA5B6B3848E305
core/.pio/build/nucleo_g431rb_payload_demo/FrameworkHALDriver/Src/stm32g4xx_ll_gpio.o,ignored,800,740910DDB627369281F9067B1601E21A6818EBD13F7747422F89C4AE95566735
core/.pio/build/nucleo_g431rb_payload_demo/FrameworkHALDriver/Src/stm32g4xx_ll_hrtim.o,ignored,800,8314DE3AD3879458A3EDF5B274910EEA03225DBD5F7C7CEBB865B3EA1B5ECD55
core/.pio/build/nucleo_g431rb_payload_demo/FrameworkHALDriver/Src/stm32g4xx_ll_i2c.o,ignored,800,22444FFB2A826892ECE5BC5653F233E44C38AE822A7ABF6A35E3667344625C4C
core/.pio/build/nucleo_g431rb_payload_demo/FrameworkHALDriver/Src/stm32g4xx_ll_lptim.o,ignored,800,AB9F2821491A4EA8CA81D30579C819CCE05DE4F8AC4E41EE177A776855E14349
core/.pio/build/nucleo_g431rb_payload_demo/FrameworkHALDriver/Src/stm32g4xx_ll_lpuart.o,ignored,800,2C1F92E9D18D98BDEF0CD84D82BA75B230F2329B09ED67E01997C33771AC7AB9
core/.pio/build/nucleo_g431rb_payload_demo/FrameworkHALDriver/Src/stm32g4xx_ll_opamp.o,ignored,800,A8B2C0618D669596B4F5F34E5E0937EC006BA0BEE4713EAD4C34718A2B7C3FE1
core/.pio/build/nucleo_g431rb_payload_demo/FrameworkHALDriver/Src/stm32g4xx_ll_pwr.o,ignored,800,9CDF68A84DED3E748F4435861CA22FB0F99606F98854991372582D4D3E062FE0
core/.pio/build/nucleo_g431rb_payload_demo/FrameworkHALDriver/Src/stm32g4xx_ll_rcc.o,ignored,800,0C846C15394EFECF285F43616158253960CDD4C75E3841A2BB50382815149776
core/.pio/build/nucleo_g431rb_payload_demo/FrameworkHALDriver/Src/stm32g4xx_ll_rng.o,ignored,800,734F1E44F51E4A8C5B6F8EF9CB747B0EF0DFB7968809101CC54B6B2DF3CD1C96
core/.pio/build/nucleo_g431rb_payload_demo/FrameworkHALDriver/Src/stm32g4xx_ll_rtc.o,ignored,800,3FA0DEE1BB5E85D0393BDC145AE8CFE58B3D54F4FDA2FDC9DC3CA68489503F77
core/.pio/build/nucleo_g431rb_payload_demo/FrameworkHALDriver/Src/stm32g4xx_ll_spi.o,ignored,800,60820A3020B1BF044265BE60E6FA0B69216E32C56B5256ECBFB486BA82122E58
core/.pio/build/nucleo_g431rb_payload_demo/FrameworkHALDriver/Src/stm32g4xx_ll_tim.o,ignored,800,67733D0844E10AC616E400257CFCF2AA0E3C18DD7A5D3C7AC03405D9E8621692
core/.pio/build/nucleo_g431rb_payload_demo/FrameworkHALDriver/Src/stm32g4xx_ll_ucpd.o,ignored,800,9A8555BEB969EFC4905F732D38B1B456B7AB0787B0F2C5C80883E2A0B76C1CAD
core/.pio/build/nucleo_g431rb_payload_demo/FrameworkHALDriver/Src/stm32g4xx_ll_usart.o,ignored,800,E60A48394EEF5D9A6630B3D4FB730606D4268C2217387EE6F4F10AAB5B6489D2
core/.pio/build/nucleo_g431rb_payload_demo/FrameworkHALDriver/Src/stm32g4xx_ll_usb.o,ignored,6648,07B2D39D5D8694F2E167ACDA4ECFB4E2043272E151A79EEC06F0274FE54056E6
core/.pio/build/nucleo_g431rb_payload_demo/FrameworkHALDriver/Src/stm32g4xx_ll_utils.o,ignored,2988,373A5CF365D0A4B24C08FFB455A8CA76CA7E858FBDD82AB69A806B3F6ECCAF07
core/.pio/build/nucleo_g431rb_payload_demo/firmware.bin,ignored,20304,4FA1559F7F52199A8A28831298852720FAB7A23AE7084F2F6E21E1B77F3EA752
core/.pio/build/nucleo_g431rb_payload_demo/firmware.elf,ignored,92416,056C859AAF5F8A877262846269CF35EB72E824895355DBD80D21C8E19D38994A
core/.pio/build/nucleo_g431rb_payload_demo/lib89f/FreeRTOS/event_groups.o,ignored,4044,D9D4975B23322FA185D6407A8EFB66F73E36F66E125375D6F7DB189B8D1B81AC
core/.pio/build/nucleo_g431rb_payload_demo/lib89f/FreeRTOS/list.o,ignored,1544,558DB115F84F584E908710BD7BF1AAC9860847BDE1FCD1DA57553E86340461B7
core/.pio/build/nucleo_g431rb_payload_demo/lib89f/FreeRTOS/portable/GCC/ARM_CM4F/port.o,ignored,4992,DA00AABC68DE00839B46B82F71A43D1BEE9A40FC97A2B05EB5A3CEAF496EB328
core/.pio/build/nucleo_g431rb_payload_demo/lib89f/FreeRTOS/queue.o,ignored,10072,73EAFC76A3C611F1C11AC2E529E6E1F830157BE57D7C2CE44F17010C2DAA83DD
core/.pio/build/nucleo_g431rb_payload_demo/lib89f/FreeRTOS/stream_buffer.o,ignored,8576,A21CA74C72136F2C5240DE766855F7504E422C9AD199910D0CEC455D1C669F7D
core/.pio/build/nucleo_g431rb_payload_demo/lib89f/FreeRTOS/tasks.o,ignored,24776,FE5CDCED3A333B43B4337466E9F5D921DED1DD58C043DADD241DB00A4575589C
core/.pio/build/nucleo_g431rb_payload_demo/lib89f/FreeRTOS/timers.o,ignored,8660,44F953BFCF06D24CCF8C906C3A37463D2BD8FA3A6810D8F337800B41E8FF7E2B
core/.pio/build/nucleo_g431rb_payload_demo/lib89f/libFreeRTOS.a,ignored,66694,1F69C987276A3AF73CB7483CEFC0DB4091663734E63253C33B9A4651574959CA
core/.pio/build/nucleo_g431rb_payload_demo/libFrameworkCMSISDevice.a,ignored,9548,B80EC05F512A212C043D4BBA14AB172EAA0719FE341CBC2CE3BB84D302D3A0D5
core/.pio/build/nucleo_g431rb_payload_demo/src/bsp/g4/Stm32G4BoardUart.o,ignored,2104,3707F94906C40CE4437A6DA8FD8FB07362C5B60D1EA5275720C95442F9F243C2
core/.pio/build/nucleo_g431rb_payload_demo/src/bsp/g4/Stm32G4Gpio.o,ignored,5212,24EFE29C4B60772FC40A6F31A3535CE0B42F801653788590EC6E7D5916ACB44A
core/.pio/build/nucleo_g431rb_payload_demo/src/bsp/g4/Stm32G4Timing.o,ignored,2804,2FB37C90BADAF78B6B8097029BD47E021B3A277C7D575ED5BA0C8BD7ADEDA876
core/.pio/build/nucleo_g431rb_payload_demo/src/bsp/g4/Stm32G4Uart.o,ignored,4892,ECB90755CF5B511436ED7FF3F27ADE0FEEC16465786187B74ED6E38199BDBBA2
core/.pio/build/nucleo_g431rb_payload_demo/src/bsp/g4/SystemReset.o,ignored,1024,5912CC808DCA5446FE8C0E7C2868364DA3A69A273EDB27CB632D9BE4C4640CE3
core/.pio/build/nucleo_g431rb_payload_demo/src/main.o,ignored,32264,97D3709E213FE8E70972B8072F13EC4B79C56545BC9D95914F3B33DDD0543E9C
core/.pio/build/nucleo_g431rb_payload_demo/src/stress/StressTestTask.o,ignored,800,587FAA8B010A4F58A1CA72937864DD81D23F8D2552BA03EA3B256662B706DD9C
core/.pio/build/project.checksum,ignored,40,FDC09894F5785554634454F6281E165D958067102D470C11A74068A9206A1B59
core/.pio/libdeps/native/Unity/.editorconfig,ignored,583,916722FD6E35343542AD0BC3A794A1654647A0FF035615D5C64F60F86C5AAEEF
core/.pio/libdeps/native/Unity/.gitattributes,ignored,590,D14FE4B2B44DFDB32C093F6425AFB488AC965B810F5BDDA156C04906403E9097
core/.pio/libdeps/native/Unity/.github/workflows/main.yml,ignored,860,61E7AB1CC72C1FFEA41D577E5243B861238B8B6FB1129F1CCEA1F23B9DD2210D
core/.pio/libdeps/native/Unity/.gitignore,ignored,387,E7A707FC79D7D9FA25EF9A33E9E2E6452F327BABBE86B11BF4B33960E3D60E88
core/.pio/libdeps/native/Unity/.piopm,ignored,158,4DC692C27A9FAFECB6AB382028785AD049F73A396830E9067148C8635066A510
core/.pio/libdeps/native/Unity/CMakeLists.txt,ignored,6348,DDBD7855B6F8D0C38B04495F13E6D99872890E2973D446BCDB61A7B5640CB823
core/.pio/libdeps/native/Unity/LICENSE.txt,ignored,1118,907D9E859C6433703C0C183DE3DDEAAF4BAF3D517382F8F368B2C190FD2581D1
core/.pio/libdeps/native/Unity/README.md,ignored,8309,24E9990B70B74368B3F03D0E083555CC826E37430D0963828120FF3DD37BEDEE
core/.pio/libdeps/native/Unity/auto/__init__.py,ignored,319,DC5F1A388CBFCAFB29A4A5B19838FA198B03B44FF6F24CBAE7F02EC24BB89C7F
core/.pio/libdeps/native/Unity/auto/colour_prompt.rb,ignored,3484,7D025DC3D3C144EC38D6034D8F30F8628A97BCB47326BE4E88A0F4689C8BCF80
core/.pio/libdeps/native/Unity/auto/colour_reporter.rb,ignored,1189,E427C53BB8CE2B734CEE8C9749D08DE478F1159023EBACD464DE036BD2AD66B1
core/.pio/libdeps/native/Unity/auto/extract_version.py,ignored,622,0139DBAA7C7BA9EFCD4C2E6FD6A531CD7C96DF4D56FC67C774BA987AD718FCE0
core/.pio/libdeps/native/Unity/auto/generate_config.yml,ignored,1592,280540CD9FAEBBB1972E8440171B51CC3FAF11172D366F86EEDBA566D15BD605
core/.pio/libdeps/native/Unity/auto/generate_module.rb,ignored,11480,5EF398DA03ADA7988C27E4CE3BD2A969C167D540782D835B3D01A06639C47A5C
core/.pio/libdeps/native/Unity/auto/generate_test_runner.rb,ignored,22388,6DFEBF6F2F315ED395614382BF4413E6882981663CE113CAC9A9B005BFDBE5AC
core/.pio/libdeps/native/Unity/auto/parse_output.rb,ignored,13963,8AB4D62E8D625DED0BBBE9004C426B2FEB5A32253D8F315D0DC21FE1596E23C1
core/.pio/libdeps/native/Unity/auto/run_test.erb,ignored,991,CD074E81CA884B36D5634E12492243001D110529B981D8E14AEB6D650A2BD183
core/.pio/libdeps/native/Unity/auto/stylize_as_junit.py,ignored,6728,8BEA3F7C639D98D00492F791499A2EB126ECEFE750EA810A23F898B3B2C9EAD1
core/.pio/libdeps/native/Unity/auto/stylize_as_junit.rb,ignored,7870,B77DCFF8E5B47069D6938139AD7A1B3F0B03910C096FC5DDA56901F6E65AF420
core/.pio/libdeps/native/Unity/auto/test_file_filter.rb,ignored,819,ABC7B8F5479342F72C0E899C8F684A5F63260B57298925FD7D6A86D47D30D075
core/.pio/libdeps/native/Unity/auto/type_sanitizer.rb,ignored,518,1EC15145E274C6262C8318932C5B49DC42E1DE356EDA866578602C1C3EDC6DF8
core/.pio/libdeps/native/Unity/auto/unity_test_summary.py,ignored,5163,9A738920C762920524CC3B6BABF6579951E058CAE272A7FDA677E9DBB9C5AB26
core/.pio/libdeps/native/Unity/auto/unity_test_summary.rb,ignored,4200,34AE8BB089E36BB69F23F5A28A87D8515A0444CA1C61CA3AB31DBA57BAA8E15B
core/.pio/libdeps/native/Unity/auto/yaml_helper.rb,ignored,572,E3D6BB4E33AF69AB715790620DBF0C775BCDC521FB96314EA1BFF8DEE40D4553
core/.pio/libdeps/native/Unity/examples/example_1/makefile,ignored,2319,E6DB4F6B1F64BE61A81CBBE1B9AA22B88136A5495BC743A8A65477ABF6915DE5
core/.pio/libdeps/native/Unity/examples/example_1/meson.build,ignored,968,BE8C73A2515D1A4539AEFFF83FE990534EB5BB2CE095EA18ED600CC8C67442B9
core/.pio/libdeps/native/Unity/examples/example_1/readme.txt,ignored,287,A87DD987594B19AC4D171EAC704C611A9225DF3C4C693201E252DCE3FB865F59
core/.pio/libdeps/native/Unity/examples/example_1/src/ProductionCode.c,ignored,1177,D16BF252A40CB2AFC82226E9B9C521D600779803E97BB708CF7066BAA8B9A484
core/.pio/libdeps/native/Unity/examples/example_1/src/ProductionCode.h,ignored,416,08E9E4C21CB7F2E5F9302A3F72D6829B3D0E2B09D22E2988E1F208A03E880BF1
core/.pio/libdeps/native/Unity/examples/example_1/src/ProductionCode2.c,ignored,655,E64976D5356E9D88A23770CD4B625A864B086CEC341F98E7C4DA3981812D20D4
core/.pio/libdeps/native/Unity/examples/example_1/src/ProductionCode2.h,ignored,389,1233FA975323D342C2DDB1FBAAE2E587D07B7101230E0D1456E463CC28235F27
core/.pio/libdeps/native/Unity/examples/example_1/subprojects/unity.wrap,ignored,77,93991B6297F1567D6742B642C45E4A5B3DC6C1827D71658086D80B8575328DA3
core/.pio/libdeps/native/Unity/examples/example_1/test/TestProductionCode.c,ignored,2703,09AA195FD45BCDC0F6D845ECF8B38070598D6526F8E6398623E226F5EC2AF278
core/.pio/libdeps/native/Unity/examples/example_1/test/TestProductionCode2.c,ignored,887,93DEFF7BA980BE0AC6ED3F7AAFD92E56F3CC2B62A77AD978BEE33218F4C13CFE
core/.pio/libdeps/native/Unity/examples/example_1/test/test_runners/TestProductionCode2_Runner.c,ignored,1178,2C84D6B954A6810A7C509DC861EE0C18A562DD23A5DD7747EA524F0C1467D9A4
core/.pio/libdeps/native/Unity/examples/example_1/test/test_runners/TestProductionCode_Runner.c,ignored,1998,B6EC7BB984EDDEA80C178ECB30F6F772325A745FF9812A5E3F41F236C43E19E0
core/.pio/libdeps/native/Unity/examples/example_2/makefile,ignored,1873,C8572B87337683D2B28F49EEE7ED3396510B3560C24DB3B43AFF430801575E1F
core/.pio/libdeps/native/Unity/examples/example_2/readme.txt,ignored,175,A03BF4AC2D294A037189B42F7BF8FDFF0BF50524857E3F8933EBA76085F22F04
core/.pio/libdeps/native/Unity/examples/example_2/src/ProductionCode.c,ignored,1166,85BD096A3ECD02BBC45274A21FFD377EB7413C4E5F946113708BAB8C50510A06
core/.pio/libdeps/native/Unity/examples/example_2/src/ProductionCode.h,ignored,416,08E9E4C21CB7F2E5F9302A3F72D6829B3D0E2B09D22E2988E1F208A03E880BF1
core/.pio/libdeps/native/Unity/examples/example_2/src/ProductionCode2.c,ignored,651,DFC464DBE59EC75FCF8E6EF7CC3E4384A31FE28C8DFAC5E486DD0BFD4E14CA1B
core/.pio/libdeps/native/Unity/examples/example_2/src/ProductionCode2.h,ignored,389,1233FA975323D342C2DDB1FBAAE2E587D07B7101230E0D1456E463CC28235F27
core/.pio/libdeps/native/Unity/examples/example_2/test/TestProductionCode.c,ignored,2774,A8DA122B752C83E20C16475D4431F51ECF5EC2151D9F88451C17C78A1A1D62C7
core/.pio/libdeps/native/Unity/examples/example_2/test/TestProductionCode2.c,ignored,985,7D6CBCE19B71D3F782FB48D2E3204E94E48E0ADAC21D3F6FC74602EE4864D419
core/.pio/libdeps/native/Unity/examples/example_2/test/test_runners/TestProductionCode2_Runner.c,ignored,592,F33332449AA9AC063C6A25D410777D34EC8373C38DE6E5CD8FC7CC53B1820078
core/.pio/libdeps/native/Unity/examples/example_2/test/test_runners/TestProductionCode_Runner.c,ignored,1021,3B1DD5E131617DC8FA586975BB0107A81D03E879761517C48B8F889E9E249297
core/.pio/libdeps/native/Unity/examples/example_2/test/test_runners/all_tests.c,ignored,542,3737C6C174DFD92718D3FC33DF8CA686864BB3D067F49E807C2C9351238D4CBF
core/.pio/libdeps/native/Unity/examples/example_3/helper/UnityHelper.c,ignored,726,8AB6B54AB3365EBDEDEC086AA2A12D89A5A034DD685AFCFBAC0096FC1A26F5F0
core/.pio/libdeps/native/Unity/examples/example_3/helper/UnityHelper.h,ignored,804,17A123845FA535D3266E64AD12BECFC19FBEED52CD4A8A8D0794B21ACB18DD72
core/.pio/libdeps/native/Unity/examples/example_3/rakefile.rb,ignored,1063,12EC7B96CCA1CD5B0E8DCED0E63A3A036E99DB3D8DA914052E47804513AE9F17
core/.pio/libdeps/native/Unity/examples/example_3/rakefile_helper.rb,ignored,8239,EF97742B2D5E6DDC102B55A2667396DD439B7628C443AFEA96745833B53BE419
core/.pio/libdeps/native/Unity/examples/example_3/readme.txt,ignored,696,2AF5E731FB1DB0DDF5C739F0B08FB2724E4ACC7EFB7EE0A02FE474A3E69D284A
core/.pio/libdeps/native/Unity/examples/example_3/src/ProductionCode.c,ignored,1166,85BD096A3ECD02BBC45274A21FFD377EB7413C4E5F946113708BAB8C50510A06
core/.pio/libdeps/native/Unity/examples/example_3/src/ProductionCode.h,ignored,416,08E9E4C21CB7F2E5F9302A3F72D6829B3D0E2B09D22E2988E1F208A03E880BF1
core/.pio/libdeps/native/Unity/examples/example_3/src/ProductionCode2.c,ignored,651,DFC464DBE59EC75FCF8E6EF7CC3E4384A31FE28C8DFAC5E486DD0BFD4E14CA1B
core/.pio/libdeps/native/Unity/examples/example_3/src/ProductionCode2.h,ignored,389,1233FA975323D342C2DDB1FBAAE2E587D07B7101230E0D1456E463CC28235F27
core/.pio/libdeps/native/Unity/examples/example_3/target_gcc_32.yml,ignored,1232,28CE8022CB558905D5F607AAB7CABF183A830704B165926E7AA59E81EF0CACB6
core/.pio/libdeps/native/Unity/examples/example_3/test/TestProductionCode.c,ignored,2677,6F347E21E71AE36CF5C338F1DA0B9899E0DB3CB478E2206A91809D725CA58DCB
core/.pio/libdeps/native/Unity/examples/example_3/test/TestProductionCode2.c,ignored,885,79764A696ADB4919807DD9DEDAAFE375C8A1C0FA3F83C995B35989D6EDAD8EDB
core/.pio/libdeps/native/Unity/examples/example_4/meson.build,ignored,253,57C7DB3A2776992007EE17C8E1F8C7EB6279C346D20E7DDC968520E7F8A1AB91
core/.pio/libdeps/native/Unity/examples/example_4/readme.txt,ignored,425,D16FABA668694CACDE12746C58EC512DE301218543217A9644E4E269BEE8AB0C
core/.pio/libdeps/native/Unity/examples/example_4/src/ProductionCode.c,ignored,1177,D16BF252A40CB2AFC82226E9B9C521D600779803E97BB708CF7066BAA8B9A484
core/.pio/libdeps/native/Unity/examples/example_4/src/ProductionCode.h,ignored,416,08E9E4C21CB7F2E5F9302A3F72D6829B3D0E2B09D22E2988E1F208A03E880BF1
core/.pio/libdeps/native/Unity/examples/example_4/src/ProductionCode2.c,ignored,655,E64976D5356E9D88A23770CD4B625A864B086CEC341F98E7C4DA3981812D20D4
core/.pio/libdeps/native/Unity/examples/example_4/src/ProductionCode2.h,ignored,389,1233FA975323D342C2DDB1FBAAE2E587D07B7101230E0D1456E463CC28235F27
core/.pio/libdeps/native/Unity/examples/example_4/src/meson.build,ignored,544,94CFE0C2645B58533C4C416E3610835AE1336543E5AB6AE42AFC336E817F31BD
core/.pio/libdeps/native/Unity/examples/example_4/subprojects/unity.wrap,ignored,106,8A66C4F56C82AD363C5D3EBECFB848E3BDD902C768EE1E7A17C4C666A5C58B52
core/.pio/libdeps/native/Unity/examples/example_4/test/TestProductionCode.c,ignored,2704,CD07778F7419A0F1A1C878092410312C6D8BE17E5F362605F70D2C2CBD0AE5D7
core/.pio/libdeps/native/Unity/examples/example_4/test/TestProductionCode2.c,ignored,1020,25D4CACFD59AFAF97E18D9F8EB4181B8377217A3637BDE778BD1F2D5FF63FD61
core/.pio/libdeps/native/Unity/examples/example_4/test/meson.build,ignored,159,785BB1C9ED0714A8F7E53BBB808E584CF8C34BE90A42A7BBFF7DE7B7D4BA3889
core/.pio/libdeps/native/Unity/examples/example_4/test/test_runners/TestProductionCode2_Runner.c,ignored,1178,2C84D6B954A6810A7C509DC861EE0C18A562DD23A5DD7747EA524F0C1467D9A4
core/.pio/libdeps/native/Unity/examples/example_4/test/test_runners/TestProductionCode_Runner.c,ignored,1998,B6EC7BB984EDDEA80C178ECB30F6F772325A745FF9812A5E3F41F236C43E19E0
core/.pio/libdeps/native/Unity/examples/example_4/test/test_runners/meson.build,ignored,520,896A68A5A4B35AB4E05E3D4555250D56B2A36137415E67B9A90EAE3AEFB3CB71
core/.pio/libdeps/native/Unity/examples/unity_config.h,ignored,12235,2C9913CBBF06315356A3115CB606A8DAAF18C41F0891B5B87E10A6728DBFD237
core/.pio/libdeps/native/Unity/library.json,ignored,449,D30E422A51AEF4E810B65281E11DF70FD819828C2EEE54FDF80C6996FE6DA61B
core/.pio/libdeps/native/Unity/meson.build,ignored,1708,B90BFB870B5A79D3637376BF17212E2C51500879B3AAB1B201427B32CB1621DB
core/.pio/libdeps/native/Unity/meson_options.txt,ignored,370,8EB365B2E7A931C0FCADB283C4609A16DD94574E2C7826D86767051A400CEF93
core/.pio/libdeps/native/Unity/platformio-build.py,ignored,479,64758324D5CBDAC27AB01FC3B0B639DE165977FC1F608467274641AE0216A3D4
core/.pio/libdeps/native/Unity/src/meson.build,ignored,342,C00C9012F3A170D99133CC8A80036BC3C52E0782D5A286F93B31BB1106DCE65A
core/.pio/libdeps/native/Unity/src/unity.c,ignored,80805,B90E735A54CF3B3765AB6CAA955D11A1488EE73D9C6152CDC98576C2D17CB871
core/.pio/libdeps/native/Unity/src/unity.h,ignored,94225,9DB174D3C2C6424FD35C0980C5941D124C5EBB0F48E8172F997A2AA9554B64EA
core/.pio/libdeps/native/Unity/src/unity_internals.h,ignored,97587,FCD8B3F6B412AC0AB599547EB8A30B6D7F3F0AF77AAB31F7A1822A2A8FC9A2B2
core/.pio/libdeps/native/Unity/unityConfig.cmake,ignored,54,ADDF5BB044D859FDA5BF93B7060DF91E3950C813C84A460BA65F7EABA0FAC561
core/.pio/libdeps/native/integrity.dat,ignored,27,039210F7485CDBC2E39C9574A3F62A76C938CF646F09A55BA55AF2F82AF2B405
core/README.md,tracked,7584,048170E5EA6AD4C37DEB40B58E1304A33A0D293D6B6FA52CC9B05B2AC3BF2B81
core/include/README,tracked,351,904F0113F5000A7D2763893ECB2E00AF358AC9437FF08F716609794A4E17DCC0
core/include/bsp/CrossPlatformConfig.hpp,tracked,178,245F955FD03572B6B7064C70A8E1B3FD9E3C414E914AC5FA149CD1F4782B7EFF
core/include/bsp/f4/F411RxRing.hpp,tracked,1689,2D49A464FE3D7CCCAA11E65BD2F602269B7040E353CF974624203653983A5C95
core/include/bsp/f4/Stm32F411BoardUart.hpp,tracked,1731,BD9A45EC02AF34F89B1628A90345CB48C88B96EBFBEE0AC6389D5691B8870BDD
core/include/bsp/f4/Stm32F411InterruptUart.hpp,tracked,4154,76235CBCDAC442D6EDF4154235740E74C8A1A876E18BBA708D0AF33F1B559FCB
core/include/bsp/f4/Stm32Gpio.hpp,tracked,972,82BDC3E71E9DC3ADE0972A9C602EC8ED462687E755B38380ADAC4D169172B5B5
core/include/bsp/f4/Stm32Timing.hpp,tracked,393,C1BD01E537854331DE7222B864F4448410136623B2B8BD10DB87269C31CA8FBF
core/include/bsp/f4/Stm32Uart.hpp,tracked,700,52DB44BDA4D99C884E5A4112B57E9B0A3E6BAEA0123905340D16D0324396DD7C
core/include/bsp/g4/Stm32G4BoardUart.hpp,tracked,175,0CC5A2594A72F8B8BFBF96F24366F69F87268C59B6D4AF5DC2F8996F151305A3
core/include/bsp/g4/Stm32G4Gpio.hpp,tracked,976,E36F17CA45377632355E6885AD4E703F8281403C2F05F828A64524C773CB632D
core/include/bsp/g4/Stm32G4Timing.hpp,tracked,395,FCF7D7959846A1BCEF480B0BBD9DD653425B97611A4A895E707CEF844AA30797
core/include/bsp/g4/Stm32G4Uart.hpp,tracked,1299,EE825E271213F24F0825AEAB75F3F0ECA375BE41B030665A5E7C4EF084BAE7AE
core/include/comms/FsoFrame.hpp,tracked,3024,FDF835D337B93BDC35605D596D0113217DBFF7E4E8A3E1A804F03322E05816E2
core/include/comms/LaserPdmTx.hpp,tracked,1891,343FF18250E5E6587A8F5ECADEEB1864C59DF3A392E8B273AF6E6F708EBC735E
core/include/comms/PayloadLinkController.hpp,tracked,4277,10650766E04DEE449D26474AD36AEE5CA8274AC65A2A5B7A9D1A2C0C55CAE54C
core/include/comms/PayloadProtocol.hpp,tracked,9235,228F09020FC590C623DF6DF1ECF0EA050AEBD5B1380C5A5048CE74859D7594A3
core/include/core/BootFailSafe.hpp,tracked,913,2BACE8D8B9A810CF9E1D97115EF43529260AF9F0C6CED21EF4A24973E7812627
core/include/core/CriticalSection.hpp,tracked,1138,2E03F6D873A66BEE577ADCDB1992345D03A48E98775A8F9BD23282954F02834D
core/include/core/FaultLog.hpp,tracked,9303,2670E49CE24B0E17BC6C472BB10CD9EBD553EF403F53330B96641A0853AABEBE
core/include/core/FirmwareHealthMonitor.hpp,tracked,3868,2F2DEFD3638D6F40D37CC0373889F060EAAB8C93B9C0B48726D494F4FD2A7848
core/include/core/FixedTextWriter.hpp,tracked,1780,0C057755097666CDA5D60A4C76C242AE0AEC08F673AB734D8DBA15BF2530BCCB
core/include/core/MemoryConfig.hpp,tracked,56,B40A1D126A226DB3C014F02B31C4A705F1671CFF9485DF9F33BD02628504CDB9
core/include/core/SystemReset.hpp,tracked,104,5AE1E4AED6D5D82645F023498459D0E2CC3FEBDA520CFFBF91EFBC549C574F4F
core/include/core/TMR.hpp,tracked,3399,7136E5BA3650B71B338A8C2D90B7DF4E45BEF5B536E54525B6967B48D4775AA1
core/include/core/TaskHealth.hpp,tracked,6088,5C74AC8BB701F6D536D6B595E4A23B36622E30150217045F65CA1A80823B68AD
core/include/core/TaskHealthReporter.hpp,tracked,757,C5C18FC6C094C1D866B5A70BE0B352C32DEC7E190DBA37272FA70F8153542F43
core/include/core/Telemetry.hpp,tracked,5813,144C64C0E20B7A5DD13A1F787E91A9ECC841EA9CD3DD5E0F7767F586F2BF0C10
core/include/core/Watchdog.hpp,tracked,2445,11088E83DB34D0E49D5AF0294BFC0D7CDC38834CEBBCD0F26CE494C2E40A09EC
core/include/core/WatchdogRunner.hpp,tracked,1200,28D4F16F799D03C66AE70E7535ED906AC321C9362DDFA3FE20EAF4D3E87366C8
core/include/hal/IAdc.hpp,tracked,2943,28F1E0E5815FDE6E3853B460E2F271DA8676DFA6EEDD79B5F9AD140C04370B44
core/include/hal/ICanBus.hpp,tracked,3989,9B1CB06A774D5775D9E975848E59C03A7920E584D399E149B6A498F74D9279F1
core/include/hal/IFirmwareHealthStore.hpp,tracked,827,C8908A932BE7DAEE1BC9E5BE4DF3971739F94FFFD80F6219829F5651C098DF03
core/include/hal/IFlash.hpp,tracked,3692,E95553EF88ECDDB41102E1AF1D8EC8DC7AE8D137CE894F8B198CEE72F3A93A5A
core/include/hal/IGPIO.hpp,tracked,3206,AA1A105E070B602EC38478544652DEEC4C2DFFD6455057F99D0D276B3813CFA7
core/include/hal/II2cBus.hpp,tracked,5351,A2B1C2598E1C018A9A11512DB590B5EF9CC022B6BDA41E494238DD255904EB0A
core/include/hal/IPwm.hpp,tracked,2910,5CAF5C81E9FB0AFA6FD24D99F6B1EB4DA7E837E8AB62BF261B21AE1ADD91F4B3
core/include/hal/ISpiBus.hpp,tracked,3851,BA43482EDEAB89810956D51254BD1C0ADAECE11AA240CB8156CC036EDB69BBAB
core/include/hal/ITiming.hpp,tracked,1653,331922E6CF8D10BE52E35573F377DC465242925818D42905EBDBA95D7D683B4D
core/include/hal/IUart.hpp,tracked,2854,CB36F36826E23A58EADA321CA4AA2AFC53FC651A78C71D482D77C34D0060FA42
core/include/hal/IWatchdog.hpp,tracked,945,9466BD64B9A3787C809C9D9BD95A00AA97B06809062384D895FEF035D8C96E76
core/include/ldscripts/STM32G431RBTX_FLASH.ld,tracked,2944,E4724AE87B30B95D9D31E691FD37FE48A29B34C2B21CED379B5A28AFD7B84494
core/include/ldscripts/STM32G431RBTX_SLOT_B.ld,tracked,2766,460421FDA0578FB4BCEFE6C24C4EC8EC2AF7FFC772BDBB9DD1482921536D76CF
core/include/rtos_config/FreeRTOSConfig.h,tracked,3421,182CBE41EA1A0F83F4751CFC1CFB273B9BBEF495320D378A5E8426799488048F
core/include/rtos_config/WashiTask.hpp,tracked,2388,AD7D452935685DA9555A2CCC3BF82A60EAFDB5C649E04BA975FBEDE2AF735F17
core/lib/FreeRTOS/event_groups.c,tracked,36754,388502FF3F5BDF7F709CD3B22B459FBF91911BBE6F36754BBBFC5E2231FFB24F
core/lib/FreeRTOS/include/FreeRTOS.h,tracked,109665,1E34335D39150F5C29709377119477C44437519FBBC20DFFA6B59844B35AB76F
core/lib/FreeRTOS/include/StackMacros.h,tracked,1607,D95A10A836870A4F926EF34C8172E6F2FAE2AE16ECFD5F9EC083F181ADCEE8EA
core/lib/FreeRTOS/include/atomic.h,tracked,13751,2D0A3CD04FBFA4CA04E4DC8F417802C2615D441CABE45CD2A39F6224870FF0A2
core/lib/FreeRTOS/include/croutine.h,tracked,29347,35A03797355A7BCA500104549FAB4D4ACB2B086939D27A4B947B0CBC66CA7C80
core/lib/FreeRTOS/include/deprecated_definitions.h,tracked,7799,7F0DCBC6A61AEC1F775A566B7307E9E8E924581EE88611D04E2C19420CFDB067
core/lib/FreeRTOS/include/event_groups.h,tracked,36608,D6C98BC262F23639193748625728C3036FBC39374022E848E9649C8F838533E0
core/lib/FreeRTOS/include/list.h,tracked,25310,63B5CF31C558A7E99151D83C75781EAA12E77D6E5B6F7F8000E8125D0C761785
core/lib/FreeRTOS/include/message_buffer.h,tracked,45957,03A2ACA7E2108E7C7623A253285CD03DD4E34DAEA581FD71BEBB02B567B16E61
core/lib/FreeRTOS/include/mpu_prototypes.h,tracked,33606,ECD086F5C8307E993617F6EE36F90E569090700A3495B4646B4438A7DB0B8D86
core/lib/FreeRTOS/include/mpu_syscall_numbers.h,tracked,5965,A2BD18E4F073CABCBE38B28675C3859F7E2F8F69FB9752E792C4C8D6B1A0BC80
core/lib/FreeRTOS/include/mpu_wrappers.h,tracked,19076,94908AF88EA2AC3047B0F7FA69C0FBBDACA70F0F9FC7CCA8C36884AF8F6BF582
core/lib/FreeRTOS/include/newlib-freertos.h,tracked,2528,CBBD99A422CE78D91F2C29447273192BF088C1BD9C3D5AC548DCF5286BDED06E
core/lib/FreeRTOS/include/picolibc-freertos.h,tracked,4533,A8B34CF596F95498CADDC768D3DB6DC16DCC7A12D16771499FBFF54E9FBEF294
core/lib/FreeRTOS/include/portable.h,tracked,12175,01D1F5DADA6B9703FEADD65A619A72D9733D95C6DE3AEAA183C52374CA1FF8F1
core/lib/FreeRTOS/include/projdefs.h,tracked,7489,99FE2AF841E291B21E60C8CD36F62357DDC1F8C849264B8F050C1D3194F59FD8
core/lib/FreeRTOS/include/queue.h,tracked,75455,A6DB434775B9E88F2F7EC0489FC7D50C17E2415C158BE7832374DE5202BEA9C4
core/lib/FreeRTOS/include/semphr.h,tracked,51464,A04715E82CB6899E1780BBF341CFA2C7F7FE68EF81BC2416B77FA23D2AC4FFB2
core/lib/FreeRTOS/include/stack_macros.h,tracked,10063,94665E537208FFD03D6DF088DE34C42734B0085D2EFBD7B71516AE8CD785AF03
core/lib/FreeRTOS/include/stream_buffer.h,tracked,59880,DC24C3241267911B1AE22FF7CC22A77C4EC1258821902568C9BDDE44D8471DB5
core/lib/FreeRTOS/include/task.h,tracked,169719,1461D6D125676A9BFF0842DD97460CD72B3C7FD0A1DB64B39E634B99E947E6B1
core/lib/FreeRTOS/include/timers.h,tracked,67246,E84A6B34A3BC061D0174BCB380BA176C1E7967C31F1A3A5670ED1BA11F09FAE4
core/lib/FreeRTOS/list.c,tracked,10389,729CBADE5C3A032A1572D4A94719AF0C86AAFAB795CA2DC69D0F1975438730CA
core/lib/FreeRTOS/portable/GCC/ARM_CM4F/port.c,tracked,42677,7FD7815CAD4CEEA4794FC75703AAEE051EBDEA5BE4D8F6317D9593BD1BF763D2
core/lib/FreeRTOS/portable/GCC/ARM_CM4F/portmacro.h,tracked,10707,988C882FAB36FFF03DA1C3512716A3A259C3A69FDC5B5A7C2004B9CB9F9B1846
core/lib/FreeRTOS/queue.c,tracked,133126,12B7F97C1F39BDDA91735EDC0718F45EF5A369FA1C1BED6E4175EAD72456701D
core/lib/FreeRTOS/stream_buffer.c,tracked,77140,AC580F2A63D5C090B5E0525D0CC4FFD01C624C7E7DE4815C0E0F8CCBA6328B51
core/lib/FreeRTOS/tasks.c,tracked,370911,C781A9FCD5C8456A6F8A7C0B47BFEB2EA33F998B275A54BBDD4BF348D4735AF5
core/lib/FreeRTOS/timers.c,tracked,58478,6763E61ADEDD778D37E96B225DF7864BB80121AD60482215AF52A424A6AA41A6
core/lib/README,tracked,410,73A9DB47C269AB83C185BB9E1B3DBFD5F12441A145C4340A7624DC0A1C6410D8
core/platformio.ini,tracked,2585,88F98B7E7C349E13450995118F7C4172BAC7F7917C35783C60FC49E21707D0E5
core/scripts/hard_float_link.py,tracked,116,727DEAF0D5C00D71A659AEBE2425F3EC4FEF9069F21B0D5D0D600A5A698FC09A
core/scripts/profile_resources.ps1,tracked,2948,6EE8FE9112DD3BE7F2C65C605F7B78C27698E2B94DEF755705675894F5A3420E
core/scripts/strict_cpp_flags.py,tracked,229,1CFD15CCE7E85AE947D0571543DCEA9D00153462E957D1D55EC48942971FB3C7
core/src/app/F411UartMonitorTask.hpp,tracked,1668,DA188F733F45CA65E10317FD3BBB4AD9D2F230C47665C261C1A3AEA8559171D7
core/src/app/HeartbeatTask.hpp,tracked,1575,49F16C82AF047EAA9A7E8F85F9FD87B0A8FD38B59C1FD9A53F85BA8CD5882F7A
core/src/app/LaserTelemetryTask.hpp,tracked,4762,18D815A328DDF67DC7A7D88C0F1F674718B87700AE5086BD1024AD35D5B4CBC3
core/src/app/PayloadLinkTask.hpp,tracked,10808,F7C65C788732EEEDD27C926F4677DDA01E8DFA82CEEFB38F053BDDFDF4CCEFDE
core/src/app/TelemetryMockTask.hpp,tracked,2482,AE4116FBA1D8AB940A1FF825414CFC4C831BB55A1913FF76105998A6711A45A0
core/src/app/WatchdogTask.hpp,tracked,808,CB8E50791F7A76EA12F69658FD3DED66534E26586389221FE27698D66FF00F3E
core/src/bsp/f4/Stm32Gpio.cpp,tracked,3642,A19464CF5C08C613B6B992AF44199B004E14EB6D9C6852C30B23139CB5F1F4FA
core/src/bsp/f4/Stm32Timing.cpp,tracked,1108,10692DCF169E25DBE2B3682CB2C6120EE8B96C8F81C21218BDF0C2E255E83A13
core/src/bsp/f4/Stm32Uart.cpp,tracked,1852,354FF16608B432D0AE48DBDA4E8733D8034AAD3809FD419430940AA822506312
core/src/bsp/f4/SystemReset.cpp,tracked,281,6636AA43A83B523DD10AA34A58F3EA935807A4C1B909CC10BDFE736B38A50990
core/src/bsp/g4/Stm32G4BoardUart.cpp,tracked,2384,FDB2E101966EDB36B482FE9A869996A7BFCEF8B16495C2E8FEA7F230B9B1E74D
core/src/bsp/g4/Stm32G4Gpio.cpp,tracked,3787,7FC65CAD55866FAB2738E1B5B9DEC73DBA18910F2BD3942BB7C03A437034083B
core/src/bsp/g4/Stm32G4Timing.cpp,tracked,1132,CD1453609CBCE1050226300454C56FB72FD6DE1425343DCFB6849DC09AD9941D
core/src/bsp/g4/Stm32G4Uart.cpp,tracked,5820,E613E1A5E9698EEFBCAF2B78BA136DAC332E023FD08C8461D61F16D372AA4323
core/src/bsp/g4/SystemReset.cpp,tracked,281,926D2B993547667C8AB3024DA198C262ECC5D9B14AF66A443BA3F2C78877C2D3
core/src/main.cpp,tracked,16816,612B48458BEC43A10DFE1A16D3E1BA7A076B75DA6A1C22084AA31D34FCC67670
core/src/stress/StressTestTask.cpp,tracked,38,06F71CB4E1418A1A83AD2301C029DEC11FA6CEB641DB985501CAF5F8F879CCC5
core/src/stress/StressTestTask.hpp,tracked,4539,819571AE0924D834DC625BDCC4C2E519A344A8B65C2A527DBA1B777257F0DACD
core/test/README,tracked,529,95291BCE496CD8B6F92AB6F9359119D77F02FC22EEC7047CC38CC818A38C2B5D
core/test/mocks/MockAdc.hpp,tracked,2296,EAF0AA35367B8AB0A84AC23B9A3D9330BCA7FBD10F3D7A4F165D5CC85E4593B5
core/test/mocks/MockCanBus.hpp,tracked,4256,37EA6635E17536655728B8946680FD1C2A116EF6CBF34C0CF87F668FD1DF7D2A
core/test/mocks/MockGpio.hpp,tracked,2389,6CCB96AD0452B9A608E6CD1DA591B6E8F45B2956372A0566D58DDF7C2A34A630
core/test/mocks/MockI2cBus.hpp,tracked,4292,522F06C59BA8C3DE11E6840E5CD476FDDC3E436B7F254F3A0F3D85C628C6C99F
core/test/mocks/MockPwm.hpp,tracked,1681,340B673C062C7BF3D72802D98DCC14FB2A2403535EC86C1636068DA581312F6E
core/test/mocks/MockSpiBus.hpp,tracked,3504,F5C4F6FB7112032462B0CEC250E75A59F75D4EBC7F05741100325BE58E1231F7
core/test/mocks/MockTiming.hpp,tracked,793,7A0F2E34ADB8A9E319C2FB78E9EFC7F0ED62C233397090ECC8C94CA5F9D8FC4A
core/test/mocks/MockUart.hpp,tracked,3681,D76E99F97CDD9876DA165CEC3980FB1AC1B4196211AD624818EF587D1BFF9328
core/test/mocks/SitlRuntime.hpp,tracked,4952,24A9A35D5AAA8E256C0CBD1A7B720D154932F878BB0F3693ECA247CA908D4563
core/test/test_f411_rx_ring/test_main.cpp,tracked,3240,F891FBB54A4F195501F2CF4C8B2A214559E6C657E358700440F5FA65C73C8BAD
core/test/test_sitl/test_main.cpp,tracked,49664,BC3A4830213C1268EC85FFA6FC428D26D98E20C9DE9A683634A0FDCD5111628E
deliverables/WashiOS_Internship_Summary_TH.pptx,tracked,56940,8E71908FA0F34754770B9ED36EF394EF22470B3BCBE24C46AD654BC6D497A0C3
deliverables/WashiOS_User_Manual_TH.docx,tracked,20945,2C7365DBA31BE77DAE03EBBDA4B9F2A480AC5D0DC70212B17428DFD7022D7039
deliverables/WashiOS_User_Manual_TH.pdf,tracked,263756,14BE93D63329A0EDD1D65AAB2DEA633CC375FD5FD87D3B5BFF40D9A6E4B436AC
demo-payload/.gitignore,tracked,17,FE87927404D28F94B539478646C9BBCF049A365BE9B7FB82A3505B8FE4321076
demo-payload/.pio/build/native/.sconsign311.dblite,ignored,7724,1F3EF8C38E229A364052BFE3859C9CC3E6BF470F8A834A3944E5136FA136A4D7
demo-payload/.pio/build/native/libc37/Unity/unity.o,ignored,23967,8C1687294783AF8D1D00587DB0719335CD9A3C341355F1D99757B0287C9DB1B7
demo-payload/.pio/build/native/libc37/libUnity.a,ignored,25068,DD9417E9CB85F61CACDC6013A970D3A3C33867D933D87792669E136F0568D750
demo-payload/.pio/build/native/program.exe,ignored,162889,0CBE18CED09AB3F31867597BAB476664179BF09EEE61C1A840ABB5BA0E1E2F32
demo-payload/.pio/build/native/test/test_host_mode_command/test_main.o,ignored,8879,B71C34C4C2EF73752CE4DC2474321949869269408776B5B59D5900E7E8F8E5F4
demo-payload/.pio/build/native/unity_config/unity_config.c,ignored,1248,59CB68D147FB1AD0C1BB292315B6397DFB75F6C8471DA76A8C3D7DFE37AD456B
demo-payload/.pio/build/native/unity_config/unity_config.h,ignored,649,E1D3C88093BECB74DD6B39231A35F2EB967319806E17E45A1023791FDAC5B4A2
demo-payload/.pio/build/native/unity_config_build/unity_config.o,ignored,1761,8D593F2ED35A2B3C62BC827C36D978276BCEE2CAD4CCE224DA301222B36868B7
demo-payload/.pio/build/nucleo_f411re_payload/.sconsign311.dblite,ignored,1324513,383BD7238C3DFF4B8CFEADBDA3EC1935C044E17236D3D67F162678C1C4D6290E
demo-payload/.pio/build/nucleo_f411re_payload/FrameworkCMSISDevice/gcc/startup_stm32f411xe.o,ignored,4912,3764CD400FB9970FC2376A91336C23E3CA609D67C525BDFACA9B62B5A41925AD
demo-payload/.pio/build/nucleo_f411re_payload/FrameworkCMSISDevice/system_stm32f4xx.o,ignored,1620,300042A54FE0CC2FFE40034F34501A07DEC776E50492B0D9D4CD7905B87AF0E3
demo-payload/.pio/build/nucleo_f411re_payload/FrameworkHALDriver/Src/stm32f4xx_hal.o,ignored,6232,70989EC0E1AB690F0B0B27F852749399346AAD1270BAC0DE210767A9E6181E98
demo-payload/.pio/build/nucleo_f411re_payload/FrameworkHALDriver/Src/stm32f4xx_hal_adc.o,ignored,7652,33464F8CB28B9D8910C465043E7B385029B77CE14E7792E925D2A06DFA8162D6
demo-payload/.pio/build/nucleo_f411re_payload/FrameworkHALDriver/Src/stm32f4xx_hal_adc_ex.o,ignored,5736,9AAEF0EB1431DB5DC5961468E5CA4767F46D7A9B233A439C9FEEC8020783C53D
demo-payload/.pio/build/nucleo_f411re_payload/FrameworkHALDriver/Src/stm32f4xx_hal_can.o,ignored,796,7615CD32834790E59D5E012795033AEC38EF4C7BF9A85FEFF8E91567A9A3A6C3
demo-payload/.pio/build/nucleo_f411re_payload/FrameworkHALDriver/Src/stm32f4xx_hal_cec.o,ignored,796,30F416C07A640DF916694BD209DE3531AEC187EE9D1D6D424A4323821C62D25D
demo-payload/.pio/build/nucleo_f411re_payload/FrameworkHALDriver/Src/stm32f4xx_hal_cortex.o,ignored,4792,B604A7EEFA58B3DE7E142118EB9940FBD4DABA6721493ED90F40389143A6739D
demo-payload/.pio/build/nucleo_f411re_payload/FrameworkHALDriver/Src/stm32f4xx_hal_crc.o,ignored,1956,FBDD436B7E1D5EA335B4231DFCAA863D54F233BE4D1BAE1B6079C0B92E38743C
demo-payload/.pio/build/nucleo_f411re_payload/FrameworkHALDriver/Src/stm32f4xx_hal_cryp.o,ignored,796,C1FB41A82736668F370902848154F2EFA500717E64CD0E476C6F418DCD6C70C8
demo-payload/.pio/build/nucleo_f411re_payload/FrameworkHALDriver/Src/stm32f4xx_hal_cryp_ex.o,ignored,800,A9EEAB2231A8BCBE8E92D464291155DDAF3F53E6293C0D9D249EBC739B18FA0B
demo-payload/.pio/build/nucleo_f411re_payload/FrameworkHALDriver/Src/stm32f4xx_hal_dac.o,ignored,796,424661DF352B0E69BE7276AB482E1DE048D6C7BB6EDDBCF81D76492610AF2A8E
demo-payload/.pio/build/nucleo_f411re_payload/FrameworkHALDriver/Src/stm32f4xx_hal_dac_ex.o,ignored,800,9EDFA0727F5A398A46270C280776844EDB1522772414A6226F5EA23618DA9939
demo-payload/.pio/build/nucleo_f411re_payload/FrameworkHALDriver/Src/stm32f4xx_hal_dcmi.o,ignored,796,DA9E6B4DD3C75F700C9B753247DCE97F56F6E356256D1B9BAC885720748D925B
demo-payload/.pio/build/nucleo_f411re_payload/FrameworkHALDriver/Src/stm32f4xx_hal_dcmi_ex.o,ignored,800,3D8AAC300448D2C3387C88D1E7F90D79D6B9665E5A819B16C0B7459A19080235
demo-payload/.pio/build/nucleo_f411re_payload/FrameworkHALDriver/Src/stm32f4xx_hal_dfsdm.o,ignored,796,98ADBE57AB7386E45E41D23A61D726B66B55DD84DEA9994CE7EFF838F1960974
demo-payload/.pio/build/nucleo_f411re_payload/FrameworkHALDriver/Src/stm32f4xx_hal_dma.o,ignored,4832,E93B28E90B565CE8F51ED44C390321C7C38EE0894AC02B6D3FDF1153E4B8E02B
demo-payload/.pio/build/nucleo_f411re_payload/FrameworkHALDriver/Src/stm32f4xx_hal_dma2d.o,ignored,796,3D6748680AF9ABC90774E6C7B544B65B7E5B8D71BCF9E433216AD5DF7BC539CA
demo-payload/.pio/build/nucleo_f411re_payload/FrameworkHALDriver/Src/stm32f4xx_hal_dma_ex.o,ignored,4188,6A410C3650F49646CCF4C6F638E6E01A3319331CB4B55A5A68073017AB7FE026
demo-payload/.pio/build/nucleo_f411re_payload/FrameworkHALDriver/Src/stm32f4xx_hal_dsi.o,ignored,796,104E1AA151CEB12EAF9A5C43D8BDAAF914CFCC3C1FDDA3B9889DC23606C7146F
demo-payload/.pio/build/nucleo_f411re_payload/FrameworkHALDriver/Src/stm32f4xx_hal_eth.o,ignored,796,AE687EEAC1D5F209191D7B10ECE103393C580D2DF43D7C674DAEEA8EA98E9111
demo-payload/.pio/build/nucleo_f411re_payload/FrameworkHALDriver/Src/stm32f4xx_hal_exti.o,ignored,2692,B1408DEC7BA7F569835BE24421D19AD6A5DA55F6A4987BCD84E243FE0602A02D
demo-payload/.pio/build/nucleo_f411re_payload/FrameworkHALDriver/Src/stm32f4xx_hal_flash.o,ignored,4792,13BAAD844566D976F9AB43694012044A412045247598191486258F4418AF4B77
demo-payload/.pio/build/nucleo_f411re_payload/FrameworkHALDriver/Src/stm32f4xx_hal_flash_ex.o,ignored,3708,ABF2311E3B031A9E528818F18943AC5A0678A0391B4382D416945EB76312B706
demo-payload/.pio/build/nucleo_f411re_payload/FrameworkHALDriver/Src/stm32f4xx_hal_flash_ramfunc.o,ignored,1396,C81E377953411D50AFC84FFF0373B69289B0BF5CFD2AFBF41905B9EDA9294F55
demo-payload/.pio/build/nucleo_f411re_payload/FrameworkHALDriver/Src/stm32f4xx_hal_fmpi2c.o,ignored,800,6F7BAD5A9F18D2B3A913DD57B9CB6FDA5583AE746029EA2BA08CBC590FEA1929
demo-payload/.pio/build/nucleo_f411re_payload/FrameworkHALDriver/Src/stm32f4xx_hal_fmpi2c_ex.o,ignored,800,EE98AC2CC40D0B3D937E1608D2ADC2419B03623457A8BF0BF61BFE5D22622633
demo-payload/.pio/build/nucleo_f411re_payload/FrameworkHALDriver/Src/stm32f4xx_hal_fmpsmbus.o,ignored,800,A34700D990908194F8227A5ED081D0A07447E4CB1675428BE347BCF88A9B4986
demo-payload/.pio/build/nucleo_f411re_payload/FrameworkHALDriver/Src/stm32f4xx_hal_fmpsmbus_ex.o,ignored,804,2AD91A0D515ED610835BA0B96DA60A5876499A06DEF5DEB2C4F9C53CAAFB7F32
demo-payload/.pio/build/nucleo_f411re_payload/FrameworkHALDriver/Src/stm32f4xx_hal_gpio.o,ignored,2736,F2448EB7B19D057BBD6D497A1BEAAD7CFA29277BF0A1AEED7272CCF3667CEBE0
demo-payload/.pio/build/nucleo_f411re_payload/FrameworkHALDriver/Src/stm32f4xx_hal_hash.o,ignored,796,650FEC5D0758946F1743DDC2BE8E59A61D687744CAA00BA6AC14E9596B4D393C
demo-payload/.pio/build/nucleo_f411re_payload/FrameworkHALDriver/Src/stm32f4xx_hal_hash_ex.o,ignored,800,5045F4B8ED8FA8D75912D3723167D10E4D6ABAFD8F7ECADC38727E2314128182
demo-payload/.pio/build/nucleo_f411re_payload/FrameworkHALDriver/Src/stm32f4xx_hal_hcd.o,ignored,9232,7CA1DB381EB9DD04F6222E4737E56F0EF75C355B4D884659B9FEFF3CAAC0115E
demo-payload/.pio/build/nucleo_f411re_payload/FrameworkHALDriver/Src/stm32f4xx_hal_i2c.o,ignored,27000,4A82BA107FED146DFE51D30BD81387D15D776780F80F8AD757722F5C92AA0E4F
demo-payload/.pio/build/nucleo_f411re_payload/FrameworkHALDriver/Src/stm32f4xx_hal_i2c_ex.o,ignored,1232,1ACDBB3327A6FEA5C436F70F746D0ACFF16322697E5DF45425ADD6E1CBF77BE0
demo-payload/.pio/build/nucleo_f411re_payload/FrameworkHALDriver/Src/stm32f4xx_hal_i2s.o,ignored,8300,590BA16923E2857F0AECC4A2885E1A4B68730B03224B062CDCF537622CEC47EE
demo-payload/.pio/build/nucleo_f411re_payload/FrameworkHALDriver/Src/stm32f4xx_hal_i2s_ex.o,ignored,5212,1BEC1C38AA63E997E412A45D5A0AE253C7A51717B4845591ACDC8D85DD230675
demo-payload/.pio/build/nucleo_f411re_payload/FrameworkHALDriver/Src/stm32f4xx_hal_irda.o,ignored,11560,793C617398E20C2111F2274A884D4220C02E96589F130D70C89465C528FF3EF3
demo-payload/.pio/build/nucleo_f411re_payload/FrameworkHALDriver/Src/stm32f4xx_hal_iwdg.o,ignored,1224,B7C198CD56600CA08589573B6A8B82D817EE2962E880393909CDA982382AD75C
demo-payload/.pio/build/nucleo_f411re_payload/FrameworkHALDriver/Src/stm32f4xx_hal_lptim.o,ignored,796,4E46B04154DEEAC61F1EC6734BF40978E2212E28F7DDD4252F26AAA7BFE9D1E8
demo-payload/.pio/build/nucleo_f411re_payload/FrameworkHALDriver/Src/stm32f4xx_hal_ltdc.o,ignored,796,001B14D4A1C06499F22AB67B2818691839E96BA8E22FC117C55F56DFF7B541F3
demo-payload/.pio/build/nucleo_f411re_payload/FrameworkHALDriver/Src/stm32f4xx_hal_ltdc_ex.o,ignored,800,E6D8AD633D2D38A7982FA2170F1B44417EE583EB9C22A80B3C0FE65CD4D251E8
demo-payload/.pio/build/nucleo_f411re_payload/FrameworkHALDriver/Src/stm32f4xx_hal_mmc.o,ignored,13652,ACF0AA565E92492B783824EA6A0ECF45D37E69C59B26EF39D487019AB72C2E73
demo-payload/.pio/build/nucleo_f411re_payload/FrameworkHALDriver/Src/stm32f4xx_hal_nand.o,ignored,796,F384241E24F03002AF576E6900A415F18C4E9FC3A44804CAC6BBB0C54304EECE
demo-payload/.pio/build/nucleo_f411re_payload/FrameworkHALDriver/Src/stm32f4xx_hal_nor.o,ignored,796,B080F63684B070704FE3719439B29E0E29993AF06F5D675435C3350D92FAFE5B
demo-payload/.pio/build/nucleo_f411re_payload/FrameworkHALDriver/Src/stm32f4xx_hal_pccard.o,ignored,800,70224761A783C6F9CACBAB7FDC44C88B8420AF31BC4D6D792D989676ED8422F6
demo-payload/.pio/build/nucleo_f411re_payload/FrameworkHALDriver/Src/stm32f4xx_hal_pcd.o,ignored,11200,56F7A4EFC7B6664DB0195EA98F9C66C9D662E3826E3167587E131BFD450E5003
demo-payload/.pio/build/nucleo_f411re_payload/FrameworkHALDriver/Src/stm32f4xx_hal_pcd_ex.o,ignored,1424,CE39BBA3D880F806D5E02DB636D8871CFA60160EF01465DDBF821BEC64BE4E66
demo-payload/.pio/build/nucleo_f411re_payload/FrameworkHALDriver/Src/stm32f4xx_hal_pwr.o,ignored,3948,FDA9861DA22AE857434E6D6209C57B031336CC46A8B9AD49390677957C718652
demo-payload/.pio/build/nucleo_f411re_payload/FrameworkHALDriver/Src/stm32f4xx_hal_pwr_ex.o,ignored,3172,1ED681C51A661FCC6E166FA5EE660D2E6DA9847632731429B3ACF8BD86B0E1D3
demo-payload/.pio/build/nucleo_f411re_payload/FrameworkHALDriver/Src/stm32f4xx_hal_qspi.o,ignored,796,61AD307427F29C0B3900A6A53BD0E88950201D526EADF2081FE4B7B34EFB6A6F
demo-payload/.pio/build/nucleo_f411re_payload/FrameworkHALDriver/Src/stm32f4xx_hal_rcc.o,ignored,5592,A45925FDDD864AABAB800ECB2C80C2985ED963AA79789E4C46C41E531AF3A23B
demo-payload/.pio/build/nucleo_f411re_payload/FrameworkHALDriver/Src/stm32f4xx_hal_rcc_ex.o,ignored,3368,A346349D9DA7F5F632D72BDA28F0700DA2D7C758429B0308DE7B920D8F989016
demo-payload/.pio/build/nucleo_f411re_payload/FrameworkHALDriver/Src/stm32f4xx_hal_rng.o,ignored,796,E20316DA4EB99071D8F0C97F41FB899E6481557E18F6677A6EE24F5B47FC35D0
demo-payload/.pio/build/nucleo_f411re_payload/FrameworkHALDriver/Src/stm32f4xx_hal_rtc.o,ignored,7664,18F1A0353D512D13D8D21C9F1E940B588DD31426A3DCC526473C874973578684
demo-payload/.pio/build/nucleo_f411re_payload/FrameworkHALDriver/Src/stm32f4xx_hal_rtc_ex.o,ignored,9372,FFC76B3D77C4E0D63FBD1CD7770C807A7C76BF882183D15F74A593D4309BE126
demo-payload/.pio/build/nucleo_f411re_payload/FrameworkHALDriver/Src/stm32f4xx_hal_sai.o,ignored,796,FB7337B86E2CC85FB6107EB9A56AB1814283E3E89B951CEF64BE311AC31D38A0
demo-payload/.pio/build/nucleo_f411re_payload/FrameworkHALDriver/Src/stm32f4xx_hal_sai_ex.o,ignored,800,85647F0D77C71B81A04AAD7221AFCF2F3E2E15F693943E54296459B149DD4C9B
demo-payload/.pio/build/nucleo_f411re_payload/FrameworkHALDriver/Src/stm32f4xx_hal_sd.o,ignored,13704,9ED5631E5B240E976D28BA340800917926BB0AD4C4D9E437DDD7A1563AE5184D
demo-payload/.pio/build/nucleo_f411re_payload/FrameworkHALDriver/Src/stm32f4xx_hal_sdram.o,ignored,796,DE7398C8C486ECD374575EA14B086B244A88B75C9E61C27E1A1005B04FE8494B
demo-payload/.pio/build/nucleo_f411re_payload/FrameworkHALDriver/Src/stm32f4xx_hal_smartcard.o,ignored,10048,B8A4997B69A06FCAB409CF0D3A851A54135809693BAF2F39C7C96B0EBB1D5F64
demo-payload/.pio/build/nucleo_f411re_payload/FrameworkHALDriver/Src/stm32f4xx_hal_smbus.o,ignored,9768,AE944158A635D9FAA0ABF6028A86FCEC890701B53D432125EC2B02C501BD6597
demo-payload/.pio/build/nucleo_f411re_payload/FrameworkHALDriver/Src/stm32f4xx_hal_spdifrx.o,ignored,800,1036F1B51BEABB1EDE9854091EEFFA1645D7EA2EC0459E6963E7A5C479A05005
demo-payload/.pio/build/nucleo_f411re_payload/FrameworkHALDriver/Src/stm32f4xx_hal_spi.o,ignored,18676,10526EEF3814247CB63194D67DB80CB2C791E67208951D65CC12C7A4EED65E2D
demo-payload/.pio/build/nucleo_f411re_payload/FrameworkHALDriver/Src/stm32f4xx_hal_sram.o,ignored,796,483C4E787D27E2587693C946AE5E5AFC1F9924A669FDA6721FA0E90C4C993F8D
demo-payload/.pio/build/nucleo_f411re_payload/FrameworkHALDriver/Src/stm32f4xx_hal_tim.o,ignored,31308,17F62AD715044545E4B350278A34D5F36224BA2A900F2DE759709FD9D0F24850
demo-payload/.pio/build/nucleo_f411re_payload/FrameworkHALDriver/Src/stm32f4xx_hal_tim_ex.o,ignored,12656,B75AE3E6A3995327C94F02E12541C884E0F5326D308CA5ED48F68B83AC33E73E
demo-payload/.pio/build/nucleo_f411re_payload/FrameworkHALDriver/Src/stm32f4xx_hal_uart.o,ignored,16808,1C15303CF572BC136D271E4357DEAEE571E57E258F9C05CB3078B984887E7A3F
demo-payload/.pio/build/nucleo_f411re_payload/FrameworkHALDriver/Src/stm32f4xx_hal_usart.o,ignored,11500,6726CFF22090F7405A8EE5477E06EDD2C9B23C6DEBEAB97B8C913776DF469C68
demo-payload/.pio/build/nucleo_f411re_payload/FrameworkHALDriver/Src/stm32f4xx_hal_wwdg.o,ignored,1648,C26D37F311B3CED82CA086F6ACA05D19A5485C5BA3725CDDEAE9994846516B9B
demo-payload/.pio/build/nucleo_f411re_payload/FrameworkHALDriver/Src/stm32f4xx_ll_adc.o,ignored,796,14565C99C5F642E582AF1F2DBB7753D032860AC4F87DB7E48DA69C8F9649F631
demo-payload/.pio/build/nucleo_f411re_payload/FrameworkHALDriver/Src/stm32f4xx_ll_crc.o,ignored,796,4D848E521CD5DDE06D0B540D99FD52476D12EA52830C665E3F49047855D9AD25
demo-payload/.pio/build/nucleo_f411re_payload/FrameworkHALDriver/Src/stm32f4xx_ll_dac.o,ignored,796,18B4B4BD112E7E6A06AC7B1A17DB24EEB2C527DB57880E5D4EC903090B28C221
demo-payload/.pio/build/nucleo_f411re_payload/FrameworkHALDriver/Src/stm32f4xx_ll_dma.o,ignored,796,94DAB5CE0343887D7CF2CAEC69E9AA56ED9953BF94CF8BC50B2DFA4FE79BC327
demo-payload/.pio/build/nucleo_f411re_payload/FrameworkHALDriver/Src/stm32f4xx_ll_dma2d.o,ignored,796,0E9470A2FC34F63F7F27A44B41E4DED8DBF8E718D460188C0E07282B2236E38A
demo-payload/.pio/build/nucleo_f411re_payload/FrameworkHALDriver/Src/stm32f4xx_ll_exti.o,ignored,796,6A1B9B3930E83BF634D3512A4BB09A6E005CDD92BC34AFDC71B04014F520E594
demo-payload/.pio/build/nucleo_f411re_payload/FrameworkHALDriver/Src/stm32f4xx_ll_fmc.o,ignored,796,21D1B774242D0A6711D806CF7F841995E0ADE5D31DAB03D0B08BEDF1207B97AE
demo-payload/.pio/build/nucleo_f411re_payload/FrameworkHALDriver/Src/stm32f4xx_ll_fmpi2c.o,ignored,796,F93BBC90B05D9499C58995460CDA35947A48880834CF4DD4D410E53073B84128
demo-payload/.pio/build/nucleo_f411re_payload/FrameworkHALDriver/Src/stm32f4xx_ll_fsmc.o,ignored,796,F0A66B4E9A0CC8D5B5B69A072D64C59A84485AA888154CCA21ABF820602507A7
demo-payload/.pio/build/nucleo_f411re_payload/FrameworkHALDriver/Src/stm32f4xx_ll_gpio.o,ignored,796,0A1951B7961BDA0F33334B1007F5AE4F63D17747F55CE1C6D13E977D2D63222D
demo-payload/.pio/build/nucleo_f411re_payload/FrameworkHALDriver/Src/stm32f4xx_ll_i2c.o,ignored,796,08DD19B76A6B0AD003D337FF8E0BF9BE6A022847A98396E9CF106CB33B7E893C
demo-payload/.pio/build/nucleo_f411re_payload/FrameworkHALDriver/Src/stm32f4xx_ll_lptim.o,ignored,796,DCFC5B0DEA34BD0BB70FE975566766F8C115130CC408E48630F77D81C4F21850
demo-payload/.pio/build/nucleo_f411re_payload/FrameworkHALDriver/Src/stm32f4xx_ll_pwr.o,ignored,796,A75C6B35E03A716575318E78D39CBF5AC967C56988594785C7A60EBBD60F72B2
demo-payload/.pio/build/nucleo_f411re_payload/FrameworkHALDriver/Src/stm32f4xx_ll_rcc.o,ignored,796,492584037378B403C955D739BA120835117CD779D01C846768980172E94E688F
demo-payload/.pio/build/nucleo_f411re_payload/FrameworkHALDriver/Src/stm32f4xx_ll_rng.o,ignored,796,DDC6037B7FAACCB92D6B28F75D50A44380C6214ADAD764D86361EB038203C503
demo-payload/.pio/build/nucleo_f411re_payload/FrameworkHALDriver/Src/stm32f4xx_ll_rtc.o,ignored,796,95672D221329081C086EA0B6BD03B7F5813D43F8780EA2503CCBC831E2C27FE6
demo-payload/.pio/build/nucleo_f411re_payload/FrameworkHALDriver/Src/stm32f4xx_ll_sdmmc.o,ignored,10952,D4F36B38E461436960E305F82F177ED8B94962603CBE665A3876FE1FE669123F
demo-payload/.pio/build/nucleo_f411re_payload/FrameworkHALDriver/Src/stm32f4xx_ll_spi.o,ignored,796,0E4D097EBF446A94F945B43599EEB4326E48F577F7651E5503E800861CF3F100
demo-payload/.pio/build/nucleo_f411re_payload/FrameworkHALDriver/Src/stm32f4xx_ll_tim.o,ignored,796,38F411D2A3BC3F464A9E3D301F1B7F190B335E0BA65F2527FAC3999097BF62FA
demo-payload/.pio/build/nucleo_f411re_payload/FrameworkHALDriver/Src/stm32f4xx_ll_usart.o,ignored,796,C5E06E8DB982013A5A9421C10CE253AD31A213FDDAE6BD4796857D98AA741386
demo-payload/.pio/build/nucleo_f411re_payload/FrameworkHALDriver/Src/stm32f4xx_ll_usb.o,ignored,12624,BF993B04F2D786A9883B6BB3E062D725106F1852CF87F00B48C603F6434E4D90
demo-payload/.pio/build/nucleo_f411re_payload/FrameworkHALDriver/Src/stm32f4xx_ll_utils.o,ignored,3020,835EF95E059B757A83A06E8F437250AEDE535AD0237F3DAE69FA6953B6FA07AB
demo-payload/.pio/build/nucleo_f411re_payload/firmware.bin,ignored,8152,52F145488CAD9D3A9711F77DF1DFB9F76DFEAE6660FE9E1FBD5560AA738BFBBB
demo-payload/.pio/build/nucleo_f411re_payload/firmware.elf,ignored,143396,0BC0EAAA7830B001CD31F1805C1002275E62FAF8DE6BC8C1AF44ABF5A2005493
demo-payload/.pio/build/nucleo_f411re_payload/libFrameworkCMSISDevice.a,ignored,8522,2FA989565D5584B8E3F8C5C22000062849B70A3F36D00CF56590391C4EC25FE0
demo-payload/.pio/build/nucleo_f411re_payload/src/f411_main.o,ignored,16412,FE13AA6A38CD2B232499B98ADDFDAE58485D0D69016ADF154BF1A95AE210392E
demo-payload/.pio/build/nucleo_g474re/.sconsign311.dblite,ignored,1028880,F1926EC1E51AAB5D0A836BDCDA2ADBA5DE0561DB2A6E4F86585611EEEEBF1295
demo-payload/.pio/build/nucleo_g474re/FrameworkCMSISDevice/gcc/startup_stm32g474xx.o,ignored,6992,5AB74A722C13AE7238DF5A611FB1F9E03C93EE370F86F1464BFF48EE8C016487
demo-payload/.pio/build/nucleo_g474re/FrameworkCMSISDevice/system_stm32g4xx.o,ignored,1624,C952C597CBAD3B44659AE36BB2E12EB2808D5DB7881C1A3D9933F54DA988D018
demo-payload/.pio/build/nucleo_g474re/FrameworkHALDriver/Src/stm32g4xx_hal.o,ignored,8452,98007E4E2BFE98DE491A5469D0FC8F1F8777165EA7A795FD9F6E50FC5F2D6D6A
demo-payload/.pio/build/nucleo_g474re/FrameworkHALDriver/Src/stm32g4xx_hal_adc.o,ignored,13140,B9755067AD7F65379305CBE1934A9E09A1E986451A656FC580D769C4F5B8D9EE
demo-payload/.pio/build/nucleo_g474re/FrameworkHALDriver/Src/stm32g4xx_hal_adc_ex.o,ignored,11900,DF8043D867E084D633E4302CD37E65C67444F3ABCB90FDDECF154C94FDFA056D
demo-payload/.pio/build/nucleo_g474re/FrameworkHALDriver/Src/stm32g4xx_hal_comp.o,ignored,3544,1F0F1A3AFB0EC483789E9964F3375EE06277E6BD652AF49BFAF2526AF013ED41
demo-payload/.pio/build/nucleo_g474re/FrameworkHALDriver/Src/stm32g4xx_hal_cordic.o,ignored,5100,F88E9C703EF31BA43A77605A6FC0BBB8512741F0BEB299F288E06021285109D8
demo-payload/.pio/build/nucleo_g474re/FrameworkHALDriver/Src/stm32g4xx_hal_cortex.o,ignored,4624,DFE852EC0D028ADC98E69BA5C5D815030923BA2E06074D547198BE87CD649B9C
demo-payload/.pio/build/nucleo_g474re/FrameworkHALDriver/Src/stm32g4xx_hal_crc.o,ignored,2684,FAB61FC20CAA2761AC19E4D8E99CA67BFEA4FBFCAAD42F8A2B77AFD33FBFBE55
demo-payload/.pio/build/nucleo_g474re/FrameworkHALDriver/Src/stm32g4xx_hal_crc_ex.o,ignored,1372,07BB160F5348BEAC9BB15668C16C4CE982BCD2EAA90FD8E83D858039F62E434D
demo-payload/.pio/build/nucleo_g474re/FrameworkHALDriver/Src/stm32g4xx_hal_cryp.o,ignored,796,C95B1727E8E57319662B0DA89BC98C50F4033FA4BE4F20E9658870DC0F492025
demo-payload/.pio/build/nucleo_g474re/FrameworkHALDriver/Src/stm32g4xx_hal_cryp_ex.o,ignored,800,EB88DBF7E734E617454C683AA6AD39ECC10175235AC7EA9361484068C987E5FD
demo-payload/.pio/build/nucleo_g474re/FrameworkHALDriver/Src/stm32g4xx_hal_dac.o,ignored,5840,F5505F833B6A2BE90ADEFF7847C40FDEF07056182DD57E6996139CEFFCA90D41
demo-payload/.pio/build/nucleo_g474re/FrameworkHALDriver/Src/stm32g4xx_hal_dac_ex.o,ignored,5876,7F7F25749EBEB7B4459F27C9935D61B0CCFD23E4ACADFCBBE7E18078232B6043
demo-payload/.pio/build/nucleo_g474re/FrameworkHALDriver/Src/stm32g4xx_hal_dma.o,ignored,4584,8B57005F55C64FA0E594C0F04DC6199B7B592C2BE78EEA48FE6935F3850387E5
demo-payload/.pio/build/nucleo_g474re/FrameworkHALDriver/Src/stm32g4xx_hal_dma_ex.o,ignored,1872,CE5F68971B4A71F965BA27E346B16756E6D3DEBCCD4ED66D7BF468D65330ADEE
demo-payload/.pio/build/nucleo_g474re/FrameworkHALDriver/Src/stm32g4xx_hal_exti.o,ignored,2796,443D800C54FCFD8FCA961C3C78B87F0FB8682561AEEBCBB4F6499FC50F39BB5E
demo-payload/.pio/build/nucleo_g474re/FrameworkHALDriver/Src/stm32g4xx_hal_fdcan.o,ignored,13960,897D972A3647B0FA41EE9C19E91453E18882DFB457F15EDFEEBE70219297FC89
demo-payload/.pio/build/nucleo_g474re/FrameworkHALDriver/Src/stm32g4xx_hal_flash.o,ignored,4276,0361B2FCAA4DFC8089D7694D496F637423F71714CE24FA73A8047C39C59E3E1F
demo-payload/.pio/build/nucleo_g474re/FrameworkHALDriver/Src/stm32g4xx_hal_flash_ex.o,ignored,4892,B02BA6AF6AF9B07A2E480CC01C983923DD9616616F0050FE3BEC52EAF2358DB5
demo-payload/.pio/build/nucleo_g474re/FrameworkHALDriver/Src/stm32g4xx_hal_flash_ramfunc.o,ignored,1604,227F82DCB493772B28615D05281BFBCD228884287C0AB1C3339CD45DB1A097B7
demo-payload/.pio/build/nucleo_g474re/FrameworkHALDriver/Src/stm32g4xx_hal_fmac.o,ignored,10572,9198ED193D97588191816531EA90C65CD6F334D86BC3BD5465469A1784E02204
demo-payload/.pio/build/nucleo_g474re/FrameworkHALDriver/Src/stm32g4xx_hal_gpio.o,ignored,2720,11807279689CEE6861572B0F194E0398B0AC9DF530D07B8F1DEB2F86F3F77578
demo-payload/.pio/build/nucleo_g474re/FrameworkHALDriver/Src/stm32g4xx_hal_hrtim.o,ignored,42204,B237FDD100A3A712C1677450BA93586656A7521C472CFC0E9D522BFEE936BA2D
demo-payload/.pio/build/nucleo_g474re/FrameworkHALDriver/Src/stm32g4xx_hal_i2c.o,ignored,29540,60689C9ED0C382E244E521CD1F7DCD32B283E10F445B5C30F0EA898DCDAFBD8E
demo-payload/.pio/build/nucleo_g474re/FrameworkHALDriver/Src/stm32g4xx_hal_i2c_ex.o,ignored,2108,AAF6E8FFACED5CEF4D5C771F384EBB494453F9A2CB31A4BE3AB9E8EB695B92C7
demo-payload/.pio/build/nucleo_g474re/FrameworkHALDriver/Src/stm32g4xx_hal_i2s.o,ignored,7504,043A45F7EEA0EBBF5FFC5E31F4C3DE057D8EF2F14B6D7EE2DF167F7040F6C0E8
demo-payload/.pio/build/nucleo_g474re/FrameworkHALDriver/Src/stm32g4xx_hal_irda.o,ignored,12332,9D6BE5FE20D33A2204F221A78083B73636681E2397DE3CE6C94BEB5F48148C1D
demo-payload/.pio/build/nucleo_g474re/FrameworkHALDriver/Src/stm32g4xx_hal_iwdg.o,ignored,1236,C7ECDB0D278712B7B9424A7D57849EA2036E95A34CD6172EB580D053B3F5A3BE
demo-payload/.pio/build/nucleo_g474re/FrameworkHALDriver/Src/stm32g4xx_hal_lptim.o,ignored,11176,0FFF1248D39BD262BBDEF3964295E5FE54B71436D983CBCD6925D0228676DE2F
demo-payload/.pio/build/nucleo_g474re/FrameworkHALDriver/Src/stm32g4xx_hal_nand.o,ignored,9152,C6E05C3B98A8FA112C69D15A0F2ECDE2199B626C16E5B50214DC77D6BF81A34E
demo-payload/.pio/build/nucleo_g474re/FrameworkHALDriver/Src/stm32g4xx_hal_nor.o,ignored,7304,85A623FE4821BF27190841D86FAF84F79D7D4BBBCAF59F9AE42F104B896C50C3
demo-payload/.pio/build/nucleo_g474re/FrameworkHALDriver/Src/stm32g4xx_hal_opamp.o,ignored,3420,8ADC7EA87CBE934C248B4B13C415E8514E35C560233A4DAEA4708CAE0149BB0B
demo-payload/.pio/build/nucleo_g474re/FrameworkHALDriver/Src/stm32g4xx_hal_opamp_ex.o,ignored,3132,A4EF5F2443A3303D43F36CA30C084BB0BFAEE66AFECA49719677C451DC58CCA3
demo-payload/.pio/build/nucleo_g474re/FrameworkHALDriver/Src/stm32g4xx_hal_pcd.o,ignored,10776,2C93290E2F6B9B8694E90855FF048F38C4B05D4B7413CC34D8D0B9DDE4399C5A
demo-payload/.pio/build/nucleo_g474re/FrameworkHALDriver/Src/stm32g4xx_hal_pcd_ex.o,ignored,2520,EC983856ACC0CF57A94C5A133E911EA3323DDC1928F3C201088FB5D1482CD50C
demo-payload/.pio/build/nucleo_g474re/FrameworkHALDriver/Src/stm32g4xx_hal_pwr.o,ignored,3984,C5E9EC2DA2AFC2EC07D4F76F819321B9954BBD29B0A5C292F8E5F512E8E978D2
demo-payload/.pio/build/nucleo_g474re/FrameworkHALDriver/Src/stm32g4xx_hal_pwr_ex.o,ignored,9188,BD154A0810F65FA6DE08C7B184A8A0E2AB225A30234C41B234E05D4076A1711D
demo-payload/.pio/build/nucleo_g474re/FrameworkHALDriver/Src/stm32g4xx_hal_qspi.o,ignored,11536,848FDB43B39EC832C5899AB11EF99B62F3362C86F9F3308E8C9C124B34C22CBF
demo-payload/.pio/build/nucleo_g474re/FrameworkHALDriver/Src/stm32g4xx_hal_rcc.o,ignored,6420,A7305E8BB267926524324D6D78876CF777CC0AD378CDE5E88CA8334DF7EF62C2
demo-payload/.pio/build/nucleo_g474re/FrameworkHALDriver/Src/stm32g4xx_hal_rcc_ex.o,ignored,7516,91CDC5518D288E9724DF092748AC2315D264B346C307D052A0D93D81F3682B63
demo-payload/.pio/build/nucleo_g474re/FrameworkHALDriver/Src/stm32g4xx_hal_rng.o,ignored,3044,4DEF66322114466991FC06AE0BA44EC79AB1F07EA978092F67F15A387C611607
demo-payload/.pio/build/nucleo_g474re/FrameworkHALDriver/Src/stm32g4xx_hal_rtc.o,ignored,7768,4A85047000C8CB96DD2B9EC99BDF9E85095F4985A1EE0D2EC6E0EF48A916AFF1
demo-payload/.pio/build/nucleo_g474re/FrameworkHALDriver/Src/stm32g4xx_hal_rtc_ex.o,ignored,11636,A69BDB67AABBDE1E83360ADCC01C747B44CF07E6A0284A537E95B7C6E1E14248
demo-payload/.pio/build/nucleo_g474re/FrameworkHALDriver/Src/stm32g4xx_hal_sai.o,ignored,12756,A6AD8FC86D0D376E31AFE2A9E6AB0F96592463F5593773754DB0BFAF95BC4124
demo-payload/.pio/build/nucleo_g474re/FrameworkHALDriver/Src/stm32g4xx_hal_sai_ex.o,ignored,1052,5A22DEB51EFD6D44E8373FE05ADD273306EA40257A376097DE3225BC98153468
demo-payload/.pio/build/nucleo_g474re/FrameworkHALDriver/Src/stm32g4xx_hal_smartcard.o,ignored,13276,0DEADA2E8230EC43221C1453B7045F76B8D4DD4B1858E28C24CDCBB6E0F2017A
demo-payload/.pio/build/nucleo_g474re/FrameworkHALDriver/Src/stm32g4xx_hal_smartcard_ex.o,ignored,3560,CDB7709EF015A52D62B5E7FD6B08AEDE04EF5BD0668DEA13B1294712B0496355
demo-payload/.pio/build/nucleo_g474re/FrameworkHALDriver/Src/stm32g4xx_hal_smbus.o,ignored,10568,AE4734827E6A69B224DD7A77F0A9C8BC997F72650F4A32E6766F48017EB7C694
demo-payload/.pio/build/nucleo_g474re/FrameworkHALDriver/Src/stm32g4xx_hal_smbus_ex.o,ignored,1656,3DC696ADF82AB4630820958F8E14FB3BFAB938F50B1CCCA6B3E98063F29C8BAD
demo-payload/.pio/build/nucleo_g474re/FrameworkHALDriver/Src/stm32g4xx_hal_spi.o,ignored,20864,00C56551291BCAACEC6B3F980DFAD960D9A679806886C0BE453333008A94F6E4
demo-payload/.pio/build/nucleo_g474re/FrameworkHALDriver/Src/stm32g4xx_hal_spi_ex.o,ignored,976,6E982C569D1AE0C38540633CDA0373C0B0201E410276BCB5E30C3C5FEDFD6D08
demo-payload/.pio/build/nucleo_g474re/FrameworkHALDriver/Src/stm32g4xx_hal_sram.o,ignored,5328,1F09C2A4294E4D98A80043FA70D430907124CE67EAD453DE29D894766B72171B
demo-payload/.pio/build/nucleo_g474re/FrameworkHALDriver/Src/stm32g4xx_hal_tim.o,ignored,34680,26E49099100478EC3A621B5D1897F40588C1538782E92C4C33B0CB8C886618CC
demo-payload/.pio/build/nucleo_g474re/FrameworkHALDriver/Src/stm32g4xx_hal_tim_ex.o,ignored,18724,B5C3029E919269ADEF2CB34EF5FF89D5881831C740DD4E0CC921E9877F2DA931
demo-payload/.pio/build/nucleo_g474re/FrameworkHALDriver/Src/stm32g4xx_hal_uart.o,ignored,23248,78FE293A172A83D2CE704C8B6F0C773160AE7F74B5178F4EC0B64AC00A91D2CA
demo-payload/.pio/build/nucleo_g474re/FrameworkHALDriver/Src/stm32g4xx_hal_uart_ex.o,ignored,5676,BD9D14C72213D893EE07EB8B8434A390FDAD65F058F05AB90E5670AE3999277D
demo-payload/.pio/build/nucleo_g474re/FrameworkHALDriver/Src/stm32g4xx_hal_usart.o,ignored,15512,9B24398558CFBCC2B090D95D334A31382C52472DD41253268AE5431D434DD4D3
demo-payload/.pio/build/nucleo_g474re/FrameworkHALDriver/Src/stm32g4xx_hal_usart_ex.o,ignored,3324,F5FC2614C69E8AABC3BEC987124130D47C0002DF95A187F8F29035BB7ECB8DFB
demo-payload/.pio/build/nucleo_g474re/FrameworkHALDriver/Src/stm32g4xx_hal_wwdg.o,ignored,1648,4C16F2888C4C17DF25BCD6BEC1BFCB1E02CC267D9818E1CB993E8736911D6556
demo-payload/.pio/build/nucleo_g474re/FrameworkHALDriver/Src/stm32g4xx_ll_adc.o,ignored,796,9809A98CDE266F761814F909039DFA74BACEEEF862493E405416B28FA2BDB34B
demo-payload/.pio/build/nucleo_g474re/FrameworkHALDriver/Src/stm32g4xx_ll_comp.o,ignored,796,C7B44A32C66491038D6FBF8D3D263E4EBEE515EEACBB1F4C1A438D30A941AC4E
demo-payload/.pio/build/nucleo_g474re/FrameworkHALDriver/Src/stm32g4xx_ll_cordic.o,ignored,796,AF7CD2414CCDDEBCE8AA42B41A6E309AA28DCF523347E5E83A8C7D6D97F5A2A7
demo-payload/.pio/build/nucleo_g474re/FrameworkHALDriver/Src/stm32g4xx_ll_crc.o,ignored,796,74363C7FD5F6D38B57B548A9BE4A5309AFC75F0AAFB65AF81BB465DDA17A6DAD
demo-payload/.pio/build/nucleo_g474re/FrameworkHALDriver/Src/stm32g4xx_ll_crs.o,ignored,796,7226825E1DEAF2EDF0271C085824982B3357FE629A10C9E27B85B59DC048A057
demo-payload/.pio/build/nucleo_g474re/FrameworkHALDriver/Src/stm32g4xx_ll_dac.o,ignored,796,EDC0599FD186C7B80B4E3EF93B9FE92582A5AB69A52392839D41FB857FD229A9
demo-payload/.pio/build/nucleo_g474re/FrameworkHALDriver/Src/stm32g4xx_ll_dma.o,ignored,796,37FED335EE2BCEC21E98220FAF04B75FB7432586686323EB899993B6F06857DB
demo-payload/.pio/build/nucleo_g474re/FrameworkHALDriver/Src/stm32g4xx_ll_exti.o,ignored,796,7F180DAE7F54FA3601E163ED3D4CC91A5B8ED5F537421BE2506FD5D2BDAE00CB
demo-payload/.pio/build/nucleo_g474re/FrameworkHALDriver/Src/stm32g4xx_ll_fmac.o,ignored,796,7A70A1B6494CC516C554CA044AAE78B98ED8C86CB4D60F8778DEBD0D2CAAA020
demo-payload/.pio/build/nucleo_g474re/FrameworkHALDriver/Src/stm32g4xx_ll_fmc.o,ignored,3464,DFD0124A9006438ADBFBD09DD430ABD98920F95F59C8A6883741479C997C0E62
demo-payload/.pio/build/nucleo_g474re/FrameworkHALDriver/Src/stm32g4xx_ll_gpio.o,ignored,796,BDB8694372D13F8B1E08E58E4345D7A60D379487B158BC03F70419D82F0CB56A
demo-payload/.pio/build/nucleo_g474re/FrameworkHALDriver/Src/stm32g4xx_ll_hrtim.o,ignored,796,756EBC9E608B3F4A0FA5396B23998D8E889771241EF4DD72FC9E7DEF00462100
demo-payload/.pio/build/nucleo_g474re/FrameworkHALDriver/Src/stm32g4xx_ll_i2c.o,ignored,796,12E326E4F67102354C341344796BCECF62A26CDB10FCDF2304724B717C0CE135
demo-payload/.pio/build/nucleo_g474re/FrameworkHALDriver/Src/stm32g4xx_ll_lptim.o,ignored,796,3139F6A3997A4464A279DD9CA1DA921FC80BEB2B9E7A8098197092AB09DC4659
demo-payload/.pio/build/nucleo_g474re/FrameworkHALDriver/Src/stm32g4xx_ll_lpuart.o,ignored,796,E63B65D3211065B51726B441DEBDFBAB31C2AB250093EBEA364B0B79C2D5FA73
demo-payload/.pio/build/nucleo_g474re/FrameworkHALDriver/Src/stm32g4xx_ll_opamp.o,ignored,796,251E683890890662DDB4D29FF06940AF1BEBF044569932FD4F3EEF925203E932
demo-payload/.pio/build/nucleo_g474re/FrameworkHALDriver/Src/stm32g4xx_ll_pwr.o,ignored,796,3F7DA9B645C95AB325BE53EDC7B909E9BE26BAA4AF55FB71FFFAA5056B411790
demo-payload/.pio/build/nucleo_g474re/FrameworkHALDriver/Src/stm32g4xx_ll_rcc.o,ignored,796,11FCE5C3DB228F2D7EE06A699279ED180207012D6310FEAEB0511C65F164742E
demo-payload/.pio/build/nucleo_g474re/FrameworkHALDriver/Src/stm32g4xx_ll_rng.o,ignored,796,1BF075046883034C7E26271914B92F7AA732C90A9AA62ED997EBD3A3228DE17C
demo-payload/.pio/build/nucleo_g474re/FrameworkHALDriver/Src/stm32g4xx_ll_rtc.o,ignored,796,A5F56424AF54D4EDDF17B1D2E5EDE52A59E3008264EF37BB826B0CADAFD77CCF
demo-payload/.pio/build/nucleo_g474re/FrameworkHALDriver/Src/stm32g4xx_ll_spi.o,ignored,796,9F88A87F03E867901D51D1029CA6BD4872813E94D413E4DAC33DCE5DB3E4684B
demo-payload/.pio/build/nucleo_g474re/FrameworkHALDriver/Src/stm32g4xx_ll_tim.o,ignored,796,85610E367F8972CF63C707102A7C32952F2B03DC59E9BD23B32089C8E61078FD
demo-payload/.pio/build/nucleo_g474re/FrameworkHALDriver/Src/stm32g4xx_ll_ucpd.o,ignored,796,B8E7C75706207A7F13FB24E59BF4FAE1E7DCFAE02F44F86B96F722195FF87337
demo-payload/.pio/build/nucleo_g474re/FrameworkHALDriver/Src/stm32g4xx_ll_usart.o,ignored,796,052661DD7138A7E775AD5B73EADA1C27D2E63555711371263A73FC6579B80C4C
demo-payload/.pio/build/nucleo_g474re/FrameworkHALDriver/Src/stm32g4xx_ll_usb.o,ignored,6640,107A460E3780F13B518070BC5C05F0D5B9118AE5251985B0ABDC92E82B50FEA3
demo-payload/.pio/build/nucleo_g474re/FrameworkHALDriver/Src/stm32g4xx_ll_utils.o,ignored,2984,03605D4434C3DA14FE4C4B1FBF7DFBC549E53236819B9CC186AD8875245F6DBA
demo-payload/.pio/build/nucleo_g474re/firmware.bin,ignored,8944,5581492429080BD58177A37733981ABA12DA6074BA40EAC0157B86E027B479E7
demo-payload/.pio/build/nucleo_g474re/firmware.elf,ignored,144156,92E0C2A478991107EC78E5CDE207DAADB19362495EDDC6197DA78539C626CC13
demo-payload/.pio/build/nucleo_g474re/libFrameworkCMSISDevice.a,ignored,11688,BC56FE1B3701B476082F342D506EF7C0CCADFB3EC6347183E221091929F43010
demo-payload/.pio/build/nucleo_g474re/src/main.o,ignored,13416,9E3676A57A1844A659C905303C1EE2582D1DECBCF5380197A7B471F55C458063
demo-payload/.pio/build/project.checksum,ignored,40,AD89253485267B7614BF5F9C19C8DA55FA1EF0AA0AEB9E2D57A9C36A3F77402D
demo-payload/.pio/libdeps/native/Unity/.editorconfig,ignored,583,916722FD6E35343542AD0BC3A794A1654647A0FF035615D5C64F60F86C5AAEEF
demo-payload/.pio/libdeps/native/Unity/.gitattributes,ignored,590,D14FE4B2B44DFDB32C093F6425AFB488AC965B810F5BDDA156C04906403E9097
demo-payload/.pio/libdeps/native/Unity/.github/workflows/main.yml,ignored,860,61E7AB1CC72C1FFEA41D577E5243B861238B8B6FB1129F1CCEA1F23B9DD2210D
demo-payload/.pio/libdeps/native/Unity/.gitignore,ignored,387,E7A707FC79D7D9FA25EF9A33E9E2E6452F327BABBE86B11BF4B33960E3D60E88
demo-payload/.pio/libdeps/native/Unity/.piopm,ignored,158,4DC692C27A9FAFECB6AB382028785AD049F73A396830E9067148C8635066A510
demo-payload/.pio/libdeps/native/Unity/CMakeLists.txt,ignored,6348,DDBD7855B6F8D0C38B04495F13E6D99872890E2973D446BCDB61A7B5640CB823
demo-payload/.pio/libdeps/native/Unity/LICENSE.txt,ignored,1118,907D9E859C6433703C0C183DE3DDEAAF4BAF3D517382F8F368B2C190FD2581D1
demo-payload/.pio/libdeps/native/Unity/README.md,ignored,8309,24E9990B70B74368B3F03D0E083555CC826E37430D0963828120FF3DD37BEDEE
demo-payload/.pio/libdeps/native/Unity/auto/__init__.py,ignored,319,DC5F1A388CBFCAFB29A4A5B19838FA198B03B44FF6F24CBAE7F02EC24BB89C7F
demo-payload/.pio/libdeps/native/Unity/auto/colour_prompt.rb,ignored,3484,7D025DC3D3C144EC38D6034D8F30F8628A97BCB47326BE4E88A0F4689C8BCF80
demo-payload/.pio/libdeps/native/Unity/auto/colour_reporter.rb,ignored,1189,E427C53BB8CE2B734CEE8C9749D08DE478F1159023EBACD464DE036BD2AD66B1
demo-payload/.pio/libdeps/native/Unity/auto/extract_version.py,ignored,622,0139DBAA7C7BA9EFCD4C2E6FD6A531CD7C96DF4D56FC67C774BA987AD718FCE0
demo-payload/.pio/libdeps/native/Unity/auto/generate_config.yml,ignored,1592,280540CD9FAEBBB1972E8440171B51CC3FAF11172D366F86EEDBA566D15BD605
demo-payload/.pio/libdeps/native/Unity/auto/generate_module.rb,ignored,11480,5EF398DA03ADA7988C27E4CE3BD2A969C167D540782D835B3D01A06639C47A5C
demo-payload/.pio/libdeps/native/Unity/auto/generate_test_runner.rb,ignored,22388,6DFEBF6F2F315ED395614382BF4413E6882981663CE113CAC9A9B005BFDBE5AC
demo-payload/.pio/libdeps/native/Unity/auto/parse_output.rb,ignored,13963,8AB4D62E8D625DED0BBBE9004C426B2FEB5A32253D8F315D0DC21FE1596E23C1
demo-payload/.pio/libdeps/native/Unity/auto/run_test.erb,ignored,991,CD074E81CA884B36D5634E12492243001D110529B981D8E14AEB6D650A2BD183
demo-payload/.pio/libdeps/native/Unity/auto/stylize_as_junit.py,ignored,6728,8BEA3F7C639D98D00492F791499A2EB126ECEFE750EA810A23F898B3B2C9EAD1
demo-payload/.pio/libdeps/native/Unity/auto/stylize_as_junit.rb,ignored,7870,B77DCFF8E5B47069D6938139AD7A1B3F0B03910C096FC5DDA56901F6E65AF420
demo-payload/.pio/libdeps/native/Unity/auto/test_file_filter.rb,ignored,819,ABC7B8F5479342F72C0E899C8F684A5F63260B57298925FD7D6A86D47D30D075
demo-payload/.pio/libdeps/native/Unity/auto/type_sanitizer.rb,ignored,518,1EC15145E274C6262C8318932C5B49DC42E1DE356EDA866578602C1C3EDC6DF8
demo-payload/.pio/libdeps/native/Unity/auto/unity_test_summary.py,ignored,5163,9A738920C762920524CC3B6BABF6579951E058CAE272A7FDA677E9DBB9C5AB26
demo-payload/.pio/libdeps/native/Unity/auto/unity_test_summary.rb,ignored,4200,34AE8BB089E36BB69F23F5A28A87D8515A0444CA1C61CA3AB31DBA57BAA8E15B
demo-payload/.pio/libdeps/native/Unity/auto/yaml_helper.rb,ignored,572,E3D6BB4E33AF69AB715790620DBF0C775BCDC521FB96314EA1BFF8DEE40D4553
demo-payload/.pio/libdeps/native/Unity/examples/example_1/makefile,ignored,2319,E6DB4F6B1F64BE61A81CBBE1B9AA22B88136A5495BC743A8A65477ABF6915DE5
demo-payload/.pio/libdeps/native/Unity/examples/example_1/meson.build,ignored,968,BE8C73A2515D1A4539AEFFF83FE990534EB5BB2CE095EA18ED600CC8C67442B9
demo-payload/.pio/libdeps/native/Unity/examples/example_1/readme.txt,ignored,287,A87DD987594B19AC4D171EAC704C611A9225DF3C4C693201E252DCE3FB865F59
demo-payload/.pio/libdeps/native/Unity/examples/example_1/src/ProductionCode.c,ignored,1177,D16BF252A40CB2AFC82226E9B9C521D600779803E97BB708CF7066BAA8B9A484
demo-payload/.pio/libdeps/native/Unity/examples/example_1/src/ProductionCode.h,ignored,416,08E9E4C21CB7F2E5F9302A3F72D6829B3D0E2B09D22E2988E1F208A03E880BF1
demo-payload/.pio/libdeps/native/Unity/examples/example_1/src/ProductionCode2.c,ignored,655,E64976D5356E9D88A23770CD4B625A864B086CEC341F98E7C4DA3981812D20D4
demo-payload/.pio/libdeps/native/Unity/examples/example_1/src/ProductionCode2.h,ignored,389,1233FA975323D342C2DDB1FBAAE2E587D07B7101230E0D1456E463CC28235F27
demo-payload/.pio/libdeps/native/Unity/examples/example_1/subprojects/unity.wrap,ignored,77,93991B6297F1567D6742B642C45E4A5B3DC6C1827D71658086D80B8575328DA3
demo-payload/.pio/libdeps/native/Unity/examples/example_1/test/TestProductionCode.c,ignored,2703,09AA195FD45BCDC0F6D845ECF8B38070598D6526F8E6398623E226F5EC2AF278
demo-payload/.pio/libdeps/native/Unity/examples/example_1/test/TestProductionCode2.c,ignored,887,93DEFF7BA980BE0AC6ED3F7AAFD92E56F3CC2B62A77AD978BEE33218F4C13CFE
demo-payload/.pio/libdeps/native/Unity/examples/example_1/test/test_runners/TestProductionCode2_Runner.c,ignored,1178,2C84D6B954A6810A7C509DC861EE0C18A562DD23A5DD7747EA524F0C1467D9A4
demo-payload/.pio/libdeps/native/Unity/examples/example_1/test/test_runners/TestProductionCode_Runner.c,ignored,1998,B6EC7BB984EDDEA80C178ECB30F6F772325A745FF9812A5E3F41F236C43E19E0
demo-payload/.pio/libdeps/native/Unity/examples/example_2/makefile,ignored,1873,C8572B87337683D2B28F49EEE7ED3396510B3560C24DB3B43AFF430801575E1F
demo-payload/.pio/libdeps/native/Unity/examples/example_2/readme.txt,ignored,175,A03BF4AC2D294A037189B42F7BF8FDFF0BF50524857E3F8933EBA76085F22F04
demo-payload/.pio/libdeps/native/Unity/examples/example_2/src/ProductionCode.c,ignored,1166,85BD096A3ECD02BBC45274A21FFD377EB7413C4E5F946113708BAB8C50510A06
demo-payload/.pio/libdeps/native/Unity/examples/example_2/src/ProductionCode.h,ignored,416,08E9E4C21CB7F2E5F9302A3F72D6829B3D0E2B09D22E2988E1F208A03E880BF1
demo-payload/.pio/libdeps/native/Unity/examples/example_2/src/ProductionCode2.c,ignored,651,DFC464DBE59EC75FCF8E6EF7CC3E4384A31FE28C8DFAC5E486DD0BFD4E14CA1B
demo-payload/.pio/libdeps/native/Unity/examples/example_2/src/ProductionCode2.h,ignored,389,1233FA975323D342C2DDB1FBAAE2E587D07B7101230E0D1456E463CC28235F27
demo-payload/.pio/libdeps/native/Unity/examples/example_2/test/TestProductionCode.c,ignored,2774,A8DA122B752C83E20C16475D4431F51ECF5EC2151D9F88451C17C78A1A1D62C7
demo-payload/.pio/libdeps/native/Unity/examples/example_2/test/TestProductionCode2.c,ignored,985,7D6CBCE19B71D3F782FB48D2E3204E94E48E0ADAC21D3F6FC74602EE4864D419
demo-payload/.pio/libdeps/native/Unity/examples/example_2/test/test_runners/TestProductionCode2_Runner.c,ignored,592,F33332449AA9AC063C6A25D410777D34EC8373C38DE6E5CD8FC7CC53B1820078
demo-payload/.pio/libdeps/native/Unity/examples/example_2/test/test_runners/TestProductionCode_Runner.c,ignored,1021,3B1DD5E131617DC8FA586975BB0107A81D03E879761517C48B8F889E9E249297
demo-payload/.pio/libdeps/native/Unity/examples/example_2/test/test_runners/all_tests.c,ignored,542,3737C6C174DFD92718D3FC33DF8CA686864BB3D067F49E807C2C9351238D4CBF
demo-payload/.pio/libdeps/native/Unity/examples/example_3/helper/UnityHelper.c,ignored,726,8AB6B54AB3365EBDEDEC086AA2A12D89A5A034DD685AFCFBAC0096FC1A26F5F0
demo-payload/.pio/libdeps/native/Unity/examples/example_3/helper/UnityHelper.h,ignored,804,17A123845FA535D3266E64AD12BECFC19FBEED52CD4A8A8D0794B21ACB18DD72
demo-payload/.pio/libdeps/native/Unity/examples/example_3/rakefile.rb,ignored,1063,12EC7B96CCA1CD5B0E8DCED0E63A3A036E99DB3D8DA914052E47804513AE9F17
demo-payload/.pio/libdeps/native/Unity/examples/example_3/rakefile_helper.rb,ignored,8239,EF97742B2D5E6DDC102B55A2667396DD439B7628C443AFEA96745833B53BE419
demo-payload/.pio/libdeps/native/Unity/examples/example_3/readme.txt,ignored,696,2AF5E731FB1DB0DDF5C739F0B08FB2724E4ACC7EFB7EE0A02FE474A3E69D284A
demo-payload/.pio/libdeps/native/Unity/examples/example_3/src/ProductionCode.c,ignored,1166,85BD096A3ECD02BBC45274A21FFD377EB7413C4E5F946113708BAB8C50510A06
demo-payload/.pio/libdeps/native/Unity/examples/example_3/src/ProductionCode.h,ignored,416,08E9E4C21CB7F2E5F9302A3F72D6829B3D0E2B09D22E2988E1F208A03E880BF1
demo-payload/.pio/libdeps/native/Unity/examples/example_3/src/ProductionCode2.c,ignored,651,DFC464DBE59EC75FCF8E6EF7CC3E4384A31FE28C8DFAC5E486DD0BFD4E14CA1B
demo-payload/.pio/libdeps/native/Unity/examples/example_3/src/ProductionCode2.h,ignored,389,1233FA975323D342C2DDB1FBAAE2E587D07B7101230E0D1456E463CC28235F27
demo-payload/.pio/libdeps/native/Unity/examples/example_3/target_gcc_32.yml,ignored,1232,28CE8022CB558905D5F607AAB7CABF183A830704B165926E7AA59E81EF0CACB6
demo-payload/.pio/libdeps/native/Unity/examples/example_3/test/TestProductionCode.c,ignored,2677,6F347E21E71AE36CF5C338F1DA0B9899E0DB3CB478E2206A91809D725CA58DCB
demo-payload/.pio/libdeps/native/Unity/examples/example_3/test/TestProductionCode2.c,ignored,885,79764A696ADB4919807DD9DEDAAFE375C8A1C0FA3F83C995B35989D6EDAD8EDB
demo-payload/.pio/libdeps/native/Unity/examples/example_4/meson.build,ignored,253,57C7DB3A2776992007EE17C8E1F8C7EB6279C346D20E7DDC968520E7F8A1AB91
demo-payload/.pio/libdeps/native/Unity/examples/example_4/readme.txt,ignored,425,D16FABA668694CACDE12746C58EC512DE301218543217A9644E4E269BEE8AB0C
demo-payload/.pio/libdeps/native/Unity/examples/example_4/src/ProductionCode.c,ignored,1177,D16BF252A40CB2AFC82226E9B9C521D600779803E97BB708CF7066BAA8B9A484
demo-payload/.pio/libdeps/native/Unity/examples/example_4/src/ProductionCode.h,ignored,416,08E9E4C21CB7F2E5F9302A3F72D6829B3D0E2B09D22E2988E1F208A03E880BF1
demo-payload/.pio/libdeps/native/Unity/examples/example_4/src/ProductionCode2.c,ignored,655,E64976D5356E9D88A23770CD4B625A864B086CEC341F98E7C4DA3981812D20D4
demo-payload/.pio/libdeps/native/Unity/examples/example_4/src/ProductionCode2.h,ignored,389,1233FA975323D342C2DDB1FBAAE2E587D07B7101230E0D1456E463CC28235F27
demo-payload/.pio/libdeps/native/Unity/examples/example_4/src/meson.build,ignored,544,94CFE0C2645B58533C4C416E3610835AE1336543E5AB6AE42AFC336E817F31BD
demo-payload/.pio/libdeps/native/Unity/examples/example_4/subprojects/unity.wrap,ignored,106,8A66C4F56C82AD363C5D3EBECFB848E3BDD902C768EE1E7A17C4C666A5C58B52
demo-payload/.pio/libdeps/native/Unity/examples/example_4/test/TestProductionCode.c,ignored,2704,CD07778F7419A0F1A1C878092410312C6D8BE17E5F362605F70D2C2CBD0AE5D7
demo-payload/.pio/libdeps/native/Unity/examples/example_4/test/TestProductionCode2.c,ignored,1020,25D4CACFD59AFAF97E18D9F8EB4181B8377217A3637BDE778BD1F2D5FF63FD61
demo-payload/.pio/libdeps/native/Unity/examples/example_4/test/meson.build,ignored,159,785BB1C9ED0714A8F7E53BBB808E584CF8C34BE90A42A7BBFF7DE7B7D4BA3889
demo-payload/.pio/libdeps/native/Unity/examples/example_4/test/test_runners/TestProductionCode2_Runner.c,ignored,1178,2C84D6B954A6810A7C509DC861EE0C18A562DD23A5DD7747EA524F0C1467D9A4
demo-payload/.pio/libdeps/native/Unity/examples/example_4/test/test_runners/TestProductionCode_Runner.c,ignored,1998,B6EC7BB984EDDEA80C178ECB30F6F772325A745FF9812A5E3F41F236C43E19E0
demo-payload/.pio/libdeps/native/Unity/examples/example_4/test/test_runners/meson.build,ignored,520,896A68A5A4B35AB4E05E3D4555250D56B2A36137415E67B9A90EAE3AEFB3CB71
demo-payload/.pio/libdeps/native/Unity/examples/unity_config.h,ignored,12235,2C9913CBBF06315356A3115CB606A8DAAF18C41F0891B5B87E10A6728DBFD237
demo-payload/.pio/libdeps/native/Unity/library.json,ignored,449,D30E422A51AEF4E810B65281E11DF70FD819828C2EEE54FDF80C6996FE6DA61B
demo-payload/.pio/libdeps/native/Unity/meson.build,ignored,1708,B90BFB870B5A79D3637376BF17212E2C51500879B3AAB1B201427B32CB1621DB
demo-payload/.pio/libdeps/native/Unity/meson_options.txt,ignored,370,8EB365B2E7A931C0FCADB283C4609A16DD94574E2C7826D86767051A400CEF93
demo-payload/.pio/libdeps/native/Unity/platformio-build.py,ignored,479,64758324D5CBDAC27AB01FC3B0B639DE165977FC1F608467274641AE0216A3D4
demo-payload/.pio/libdeps/native/Unity/src/meson.build,ignored,342,C00C9012F3A170D99133CC8A80036BC3C52E0782D5A286F93B31BB1106DCE65A
demo-payload/.pio/libdeps/native/Unity/src/unity.c,ignored,80805,B90E735A54CF3B3765AB6CAA955D11A1488EE73D9C6152CDC98576C2D17CB871
demo-payload/.pio/libdeps/native/Unity/src/unity.h,ignored,94225,9DB174D3C2C6424FD35C0980C5941D124C5EBB0F48E8172F997A2AA9554B64EA
demo-payload/.pio/libdeps/native/Unity/src/unity_internals.h,ignored,97587,FCD8B3F6B412AC0AB599547EB8A30B6D7F3F0AF77AAB31F7A1822A2A8FC9A2B2
demo-payload/.pio/libdeps/native/Unity/unityConfig.cmake,ignored,54,ADDF5BB044D859FDA5BF93B7060DF91E3950C813C84A460BA65F7EABA0FAC561
demo-payload/.pio/libdeps/native/integrity.dat,ignored,27,039210F7485CDBC2E39C9574A3F62A76C938CF646F09A55BA55AF2F82AF2B405
demo-payload/README.md,tracked,2639,7D860903960A386B930179CBBCBFE118B4555A09B35CAE72D5F2F9B67C442BFD
demo-payload/docs/experiment-results.md,tracked,1064,1CCD65ED6B8FEDF5853E556E449F404ED05CEA2FC5B91B66F3E74DAA21510CEA
demo-payload/docs/presentation-script.md,tracked,1495,1D66D5E78D445C3F489E58CAF936104183E9DB232C0447D2F58A3A9ED4033104
demo-payload/platformio.ini,tracked,1117,ED2BC994784A0497457F949187C0AF30AC7B18084924C6E016E2BD964A051101
demo-payload/src/HostModeCommandParser.hpp,tracked,3452,23460BCDC2E6B77CDF3FAB9CFF0542C8987BE1A59DB6CEE3B3EB6FE0804DFFBE
demo-payload/src/f411_main.cpp,tracked,8968,0275FD31799420707E2AE87411497D7C50018E0E8ABF7F957030B000C7E974BD
demo-payload/src/main.cpp,tracked,13986,FB83C6AEFDB6A2488648B56E9AE1CFBF5FC87AEF6312915CCF7FA2C803C50EE5
demo-payload/test/test_host_mode_command/test_main.cpp,tracked,4914,223A4CE2901C2B70D594C3323EA2234B5016942F107E86D89715351D04589B07
docs/AI_RESEARCH_HANDOFF.md,tracked,29001,0ABD77FCFE8CB2085C45B7C1A9933052F121CCA33D3DC0D628CB0151ABB2338A
docs/DELIVERY_STATUS_TH.md,tracked,4594,7D78D0618CF55B661B18969D035752A712A6AD879BCE8133AFDF6728824BD105
docs/PRESENTATION_GUIDE_TH.md,tracked,10291,B29B367E60D3EE05B3AC8609DDFD0B8DF69CD4E0AD10275ABE82D9A05031276F
docs/THAI_USER_MANUAL.md,tracked,25239,08B236EC9FC91213E7CC5ACE606ED2B0D430DB09460EDF069EBC03C4F7374252
docs/WashiOS_User_Manual_TH.md,tracked,34818,36B659DB5DC99E9397E349334D9D31DC393A0B8D15A107C19AF59CFECB96276A
docs/flight_provisioning.md,tracked,2414,9D1DF4E707703CE4502E59A72B9D5A5C561CFF69F30C1CA04BEACB519F1B0008
handoff.md,tracked,5202,E9CD5A1C4B4AF0769CD0CAC3CC868DE829A581D63BCD1B08DAEE66C03F0C4D3D
research/icsec2026/CURRENT_STATE_20260901.md,tracked,21119,3758103CEDA3C6DD899FFF9667AC578F4C99088491BFE8FA83873E7AAD9FE580
research/icsec2026/FINAL_PUSH_PLAN.md,tracked,10355,3578FD2AC8EE9B6BB605100B61CEF56D8EEBCF09543325B48005E1DE7F44B302
research/icsec2026/LAB_EXTENSION_BRIEF.md,tracked,6133,636E73A62AF0FDF76BDE8BE51F3E2D44D20C21615F59EAC2A6FD9BEF2ED9A19B
research/icsec2026/NEXT_TASK.md,tracked,1026,167B17CE5C11372110196C64EF52337765ABB09EBB3A0807E086F67A934EA74E
research/icsec2026/README.md,untracked,1730,7E499990124471815D30EA62ABFDAE12048CF7976C05B8A4A7FAA5A9E8D77069
research/icsec2026/SESSION_STATE.md,tracked,127179,CD628A22D6E1860FCF4CBE6A9EB09AB00D8C6F2A474C5B40740760361E35C1D8
research/icsec2026/archive/manuscripts/evaluated_baseline_20260830/ANONYMITY_CLAIM_AUDIT.md,tracked,5627,CEA0A2CD65C9DBDEDB70F6CA5309441399C61197171A7DE9FAB7D2D405A42C75
research/icsec2026/archive/manuscripts/evaluated_baseline_20260830/SCIENTIFIC_REVIEW_V2.md,tracked,4710,1FE34EAB062B91E1FB5E9D7CD7D1567A02726843A2FFC9B1254752429E5DAB87
research/icsec2026/archive/manuscripts/evaluated_baseline_20260830/SUBMISSION_REQUIREMENTS.md,tracked,3286,A6FBDC46EE45BF50EF783D31E0110C775791AEB5742D9D94DC1D3C7136F9DD79
research/icsec2026/archive/manuscripts/evaluated_baseline_20260830/main.aux,tracked,5292,5FD13EB2B358E078A2ED790144343707E7CEB612613CC118C2B9E67EA0EC6987
research/icsec2026/archive/manuscripts/evaluated_baseline_20260830/main.bbl,tracked,2518,523964D8BEE39DC263EDDE956639C480201809DBB990ECAB62133B5C074A2C79
research/icsec2026/archive/manuscripts/evaluated_baseline_20260830/main.blg,tracked,389,9BBCD0CC58244CC983E57A0269BB7407F43B193D469E56B010756ED6D888940F
research/icsec2026/archive/manuscripts/evaluated_baseline_20260830/main.out,tracked,2877,E752739DBEDEDCB08F3A56A1341BAC19DA689EAA84805794563EE2AA1840626D
research/icsec2026/archive/manuscripts/evaluated_baseline_20260830/main.pdf,tracked,61683,992A1C9AA41F4295BF7F97CA081D79A7DE2ABBB4B419B2A0B82144C1B50928DF
research/icsec2026/archive/manuscripts/evaluated_baseline_20260830/main.tex,tracked,23246,401F269790498A62DE16801D606932741C2CE24FEDAD39AE70BF6D49880F2BC1
research/icsec2026/archive/manuscripts/evaluated_baseline_20260830/qa/RENDERED_PAGE_QA_V2.md,tracked,1959,F7B8342283CF86D27417639C0133F96ADE6A06E7BD8163C898AC7547C7434DC5
research/icsec2026/archive/manuscripts/evaluated_baseline_20260830/qa/main-text.txt,tracked,19066,F0E071149311DC03FADE4465D510B86DFDDBFD4069FFE7382AA07478B7E196C6
research/icsec2026/archive/manuscripts/evaluated_baseline_20260830/qa/page-1.png,tracked,540942,CAF8BCE3C43428205ADF61FACCEBB3565CFC07DB23256423B1EA5676AD3D37DE
research/icsec2026/archive/manuscripts/evaluated_baseline_20260830/qa/page-2.png,tracked,460914,1C147DFA992CE1F431370BED3AB80DF0E66C77F68CB93B28DBA34B90C7ACEAAB
research/icsec2026/archive/manuscripts/evaluated_baseline_20260830/qa/page-3.png,tracked,541348,A9ACA2338BF65F761A8DEFA680C86EEAB22A3F7A0060122245F4EA05EE9EBB1D
research/icsec2026/archive/manuscripts/evaluated_baseline_20260830/qa/page-4.png,tracked,563644,4634D86445D1438489EF8E0429EAD666993757D4CF0990F121D32F8628574BC5
research/icsec2026/archive/manuscripts/evaluated_baseline_20260830/qa/pdfinfo.txt,tracked,660,C7D7E4F441BAED7EAAC940C626A31DEDCB56F472054BA69A63B793662D5BB7C4
research/icsec2026/archive/manuscripts/evaluated_baseline_20260830/qa/pdfinfo_v2.txt,tracked,667,1A2105052CD88999B5EC4B669916641C0F43E68177E2461A66A49BB5BC4D5ED4
research/icsec2026/archive/manuscripts/evaluated_baseline_20260830/references.bib,tracked,2440,B936C7F6AF1E173CEB771D5BB430F3652846B759C494E71B674D3071D387AC00
research/icsec2026/archive/manuscripts/f411_candidate_20260902/INCLUSION_DECISION.md,tracked,670,9788C30FB10F1294DFCB61503731D4D8ECA2B3529008E15ADDF0AF32B6C9B430
research/icsec2026/archive/manuscripts/f411_candidate_20260902/MANUSCRIPT_DIFF.patch,tracked,14599,37D946F68AC77FAAA3ED490317E829AA5FD92EDF503A7790C7120D640ACE1E27
research/icsec2026/archive/manuscripts/f411_candidate_20260902/build.log,tracked,15185,EE805B07C4AB200BDE494CFABADAAC3F0C118C6D8E9151F79E5B8F44B56BD7A1
research/icsec2026/archive/manuscripts/f411_candidate_20260902/main.aux,tracked,5892,7335D309B96D5ED7B1409037C98A69A1A5DF83D4BB807D982EEE084E2F06EEC6
research/icsec2026/archive/manuscripts/f411_candidate_20260902/main.bbl,tracked,2462,309C235E5D7F55DC881375FABF5B67AD70AB766216879ED52211919A9D7CC8DB
research/icsec2026/archive/manuscripts/f411_candidate_20260902/main.blg,tracked,379,0D78A60ABC96272E29FC0AFDA82E8681D243D9DDF183989AE112163835C94C7B
research/icsec2026/archive/manuscripts/f411_candidate_20260902/main.log,tracked,27943,8BFA90880E37941487CC1490B3EFDC07734525B99124ACAEF1F0058A9A0E4524
research/icsec2026/archive/manuscripts/f411_candidate_20260902/main.out,tracked,3364,2331E0BD777DE3B64F185E8230F2A2636E7D41015B9F587D21A314A6FD39CEF2
research/icsec2026/archive/manuscripts/f411_candidate_20260902/main.pdf,tracked,66151,2E3E684431608396122F018BE45A17BA7F05FAD92F1E017934FC9F624395A3F5
research/icsec2026/archive/manuscripts/f411_candidate_20260902/main.tex,tracked,26355,E6E7942E895819FB9DA46CE28E31A8A1C39D39E453193A3445A18DD249236E44
research/icsec2026/archive/manuscripts/f411_candidate_20260902/pair_condition_pattern.pdf,tracked,15788,48D6D71AC3AF9024847B2F05D251B15F41ABFB57B9A0670E2F22E7E3AE93F245
research/icsec2026/archive/manuscripts/f411_candidate_20260902/qa/ANONYMITY_CLAIM_AUDIT.md,tracked,1822,45BBA0AF09AF5F24279FC89B8046973BB9937F10F32AACC579B864B6AEDBDFAB
research/icsec2026/archive/manuscripts/f411_candidate_20260902/qa/CLAIM_EVIDENCE_TRACEABILITY.json,tracked,1901,341E7F932AE38972A881C855F6AE1767D84BDE680B7BA00F7F47A9FEFBA3A9FD
research/icsec2026/archive/manuscripts/f411_candidate_20260902/qa/PAGE_COUNT.json,tracked,334,C0E9C97778DA54F0615AE8C10A511079A8EE96C26053A818E7313158507CF33E
research/icsec2026/archive/manuscripts/f411_candidate_20260902/qa/RENDERED_PAGE_QA.md,tracked,1237,706F909D9B9D573811CE858A4D8EB7CE3BC4CD1C90A89D2794A35E4F648DFF5B
research/icsec2026/archive/manuscripts/f411_candidate_20260902/qa/page-1.png,tracked,548074,EBE668EF9E774B222BA1035FFFF7F4FAB870BC398FB805EEF3FC7A7CF4855F64
research/icsec2026/archive/manuscripts/f411_candidate_20260902/qa/page-2.png,tracked,456973,894A9C2096F672DECD1BA578152CE8595DC07E625D65888138CF67BF9346EF9B
research/icsec2026/archive/manuscripts/f411_candidate_20260902/qa/page-3.png,tracked,538028,026FC1386D8D88E26744CF7FC81C363E462B6DB79D3BA768BBB1968D29ED2CD0
research/icsec2026/archive/manuscripts/f411_candidate_20260902/qa/page-4.png,tracked,572007,06E18B612F8F28AF18E18629B05C971834D5EA3C9E2FF48284DA68AB8E433071
research/icsec2026/archive/manuscripts/f411_candidate_20260902/qa/page-5.png,tracked,262782,F77E7C99644D4B769561E0416EFAE59A6BE0BC1D1F1CDAACE681726D9A121590
research/icsec2026/archive/manuscripts/f411_candidate_20260902/qa/pdfinfo.txt,tracked,667,13FB6DE3CC3F125417E58AD4FEE10CFC47A23EDDDFA867DDC5F6AE4735D61A34
research/icsec2026/archive/manuscripts/f411_candidate_20260902/references.bib,tracked,2440,B936C7F6AF1E173CEB771D5BB430F3652846B759C494E71B674D3071D387AC00
research/icsec2026/archive/manuscripts/f411_candidate_corrected_20260902/CLAIM_LANGUAGE_DIFF.patch,tracked,3638,6DD835A1AC9049024875818953A29CB1A892AD52DB336B5405509587387B10B1
research/icsec2026/archive/manuscripts/f411_candidate_corrected_20260902/INCLUSION_DECISION.md,tracked,773,B350895C0DF11F312A42B353E4A7D40DF55F029541DF789AD25AFF91CB4B9579
research/icsec2026/archive/manuscripts/f411_candidate_corrected_20260902/MANUSCRIPT_DIFF.patch,tracked,49911,8FE608172B4B6E0B137AEFAB932D14EAB0CEA7F43B502727AC23F1BEC48579C1
research/icsec2026/archive/manuscripts/f411_candidate_corrected_20260902/build.log,tracked,1242,323355CD2DF4B8F439564C3F4314ED25C24344276453E0BA02880100434DEE87
research/icsec2026/archive/manuscripts/f411_candidate_corrected_20260902/main.aux,tracked,5892,D83CE20631C665FF3AF6A8AB7C18267D91148DB7E9AFB21BD30FDF0AA1DC6240
research/icsec2026/archive/manuscripts/f411_candidate_corrected_20260902/main.bbl,tracked,2462,309C235E5D7F55DC881375FABF5B67AD70AB766216879ED52211919A9D7CC8DB
research/icsec2026/archive/manuscripts/f411_candidate_corrected_20260902/main.blg,tracked,379,0D78A60ABC96272E29FC0AFDA82E8681D243D9DDF183989AE112163835C94C7B
research/icsec2026/archive/manuscripts/f411_candidate_corrected_20260902/main.log,tracked,27943,CBEA95D5D5DF0144B3162AE2B4284C7C7D10F480E53292FACE6B310C32364CF2
research/icsec2026/archive/manuscripts/f411_candidate_corrected_20260902/main.out,tracked,3364,2331E0BD777DE3B64F185E8230F2A2636E7D41015B9F587D21A314A6FD39CEF2
research/icsec2026/archive/manuscripts/f411_candidate_corrected_20260902/main.pdf,tracked,66248,D346C39253B8BC44B96968A4509BED14369F0632742352ACA7EE5B8027F42ED3
research/icsec2026/archive/manuscripts/f411_candidate_corrected_20260902/main.tex,tracked,26451,BD2963900E834BD2623958776476EF4B4576983B8F2926D4FEDA27509D496924
research/icsec2026/archive/manuscripts/f411_candidate_corrected_20260902/pair_condition_pattern.pdf,tracked,15788,48D6D71AC3AF9024847B2F05D251B15F41ABFB57B9A0670E2F22E7E3AE93F245
research/icsec2026/archive/manuscripts/f411_candidate_corrected_20260902/qa/ANONYMITY_CLAIM_AUDIT.md,tracked,2158,610D17D06EA5ECC9D95D8E4166001FBA8A7D6B174C466AD3C82F714AF449C7B9
research/icsec2026/archive/manuscripts/f411_candidate_corrected_20260902/qa/CLAIM_BOUNDARY_SEARCH.md,tracked,791,8DE98B932BCAFD404B9988E35AA12F9D65C2CF54C6890B57544555D7E7F1AF50
research/icsec2026/archive/manuscripts/f411_candidate_corrected_20260902/qa/CLAIM_EVIDENCE_TRACEABILITY.json,tracked,2093,ACCD923846D091431B8CC1C628C473B07C02D2199A40560749990CCAF1C0B4C2
research/icsec2026/archive/manuscripts/f411_candidate_corrected_20260902/qa/PAGE_COUNT.json,tracked,344,7D030342DF51602EA842D71DBBEDE442E146BB487448D2D65FFC2C8C2E43E65D
research/icsec2026/archive/manuscripts/f411_candidate_corrected_20260902/qa/RENDERED_PAGE_QA.md,tracked,1283,A3E5179F5FE68DD16E1D363A26688A45C41ABF64A0944322F70EACE277783795
research/icsec2026/archive/manuscripts/f411_candidate_corrected_20260902/qa/page-1.png,tracked,547677,5638C3FEA6684691846B406ABF5AC85717579CB8ECDC43DD38136981909897F5
research/icsec2026/archive/manuscripts/f411_candidate_corrected_20260902/qa/page-2.png,tracked,455009,448D720BEBD01E6384DC92E0D51DB8B5B29CAE3F1DC6DB69955F47497D89C164
research/icsec2026/archive/manuscripts/f411_candidate_corrected_20260902/qa/page-3.png,tracked,579480,FA591679BA0D2EE6B56541204769DEC31368A20F4885B85508D4EB971CA607CE
research/icsec2026/archive/manuscripts/f411_candidate_corrected_20260902/qa/page-4.png,tracked,538304,FB012399B5A429514C3FAB54E9EA5057C19ED76BF3B87CDD6E0AA8A50831E3E3
research/icsec2026/archive/manuscripts/f411_candidate_corrected_20260902/qa/page-5.png,tracked,271520,AA476F4C94DC65840D55C5ECF5534F475E2E6F8EA57EE74EA0472A4D384152D9
research/icsec2026/archive/manuscripts/f411_candidate_corrected_20260902/qa/pdfinfo.txt,tracked,667,656CB1A20F47A648E44E14EC8A46A467682131A5A2B8D8E9749A120DA2802512
research/icsec2026/archive/manuscripts/f411_candidate_corrected_20260902/references.bib,tracked,2440,B936C7F6AF1E173CEB771D5BB430F3652846B759C494E71B674D3071D387AC00
research/icsec2026/archive/manuscripts/pre_final_active_20260902/CLAIM_LANGUAGE_DIFF.patch,tracked,3638,6DD835A1AC9049024875818953A29CB1A892AD52DB336B5405509587387B10B1
research/icsec2026/archive/manuscripts/pre_final_active_20260902/INCLUSION_DECISION.md,tracked,773,B350895C0DF11F312A42B353E4A7D40DF55F029541DF789AD25AFF91CB4B9579
research/icsec2026/archive/manuscripts/pre_final_active_20260902/MANUSCRIPT_DIFF.patch,tracked,49911,8FE608172B4B6E0B137AEFAB932D14EAB0CEA7F43B502727AC23F1BEC48579C1
research/icsec2026/archive/manuscripts/pre_final_active_20260902/build.log,tracked,1242,323355CD2DF4B8F439564C3F4314ED25C24344276453E0BA02880100434DEE87
research/icsec2026/archive/manuscripts/pre_final_active_20260902/main.aux,tracked,5904,82B0A8909F535A1562685212CEAC0CC7D845C38A3B9F23F2E0C0318C3CD051BE
research/icsec2026/archive/manuscripts/pre_final_active_20260902/main.bbl,tracked,2462,309C235E5D7F55DC881375FABF5B67AD70AB766216879ED52211919A9D7CC8DB
research/icsec2026/archive/manuscripts/pre_final_active_20260902/main.blg,tracked,379,0D78A60ABC96272E29FC0AFDA82E8681D243D9DDF183989AE112163835C94C7B
research/icsec2026/archive/manuscripts/pre_final_active_20260902/main.log,tracked,27906,90C0D260904C5C5AAAF233A8C92FF2C8B3464FE66E49286596DD9E381994795E
research/icsec2026/archive/manuscripts/pre_final_active_20260902/main.out,tracked,3280,B982D9023021B67106D323E32DAD38A97D15B10C04B6DBE11A49BD2128117205
research/icsec2026/archive/manuscripts/pre_final_active_20260902/main.pdf,tracked,68688,99E4180F4B172C1CC7BABFCF8BE92FCC5442B3868F7AAD1D32A13779849E765D
research/icsec2026/archive/manuscripts/pre_final_active_20260902/main.tex,tracked,28343,AA018D5E677D8C6ECAE93DEB33C068B01AC6050B5B57D47F303166BB750007B4
research/icsec2026/archive/manuscripts/pre_final_active_20260902/pair_condition_pattern.pdf,tracked,15788,48D6D71AC3AF9024847B2F05D251B15F41ABFB57B9A0670E2F22E7E3AE93F245
research/icsec2026/archive/manuscripts/pre_final_active_20260902/qa/ANONYMITY_CLAIM_AUDIT.md,tracked,2158,610D17D06EA5ECC9D95D8E4166001FBA8A7D6B174C466AD3C82F714AF449C7B9
research/icsec2026/archive/manuscripts/pre_final_active_20260902/qa/CLAIM_BOUNDARY_SEARCH.md,tracked,791,8DE98B932BCAFD404B9988E35AA12F9D65C2CF54C6890B57544555D7E7F1AF50
research/icsec2026/archive/manuscripts/pre_final_active_20260902/qa/CLAIM_EVIDENCE_TRACEABILITY.json,tracked,2093,ACCD923846D091431B8CC1C628C473B07C02D2199A40560749990CCAF1C0B4C2
research/icsec2026/archive/manuscripts/pre_final_active_20260902/qa/PAGE_COUNT.json,tracked,344,7D030342DF51602EA842D71DBBEDE442E146BB487448D2D65FFC2C8C2E43E65D
research/icsec2026/archive/manuscripts/pre_final_active_20260902/qa/RENDERED_PAGE_QA.md,tracked,1283,A3E5179F5FE68DD16E1D363A26688A45C41ABF64A0944322F70EACE277783795
research/icsec2026/archive/manuscripts/pre_final_active_20260902/qa/page-1.png,tracked,547677,5638C3FEA6684691846B406ABF5AC85717579CB8ECDC43DD38136981909897F5
research/icsec2026/archive/manuscripts/pre_final_active_20260902/qa/page-2.png,tracked,455009,448D720BEBD01E6384DC92E0D51DB8B5B29CAE3F1DC6DB69955F47497D89C164
research/icsec2026/archive/manuscripts/pre_final_active_20260902/qa/page-3.png,tracked,579480,FA591679BA0D2EE6B56541204769DEC31368A20F4885B85508D4EB971CA607CE
research/icsec2026/archive/manuscripts/pre_final_active_20260902/qa/page-4.png,tracked,538304,FB012399B5A429514C3FAB54E9EA5057C19ED76BF3B87CDD6E0AA8A50831E3E3
research/icsec2026/archive/manuscripts/pre_final_active_20260902/qa/page-5.png,tracked,271520,AA476F4C94DC65840D55C5ECF5534F475E2E6F8EA57EE74EA0472A4D384152D9
research/icsec2026/archive/manuscripts/pre_final_active_20260902/qa/pdfinfo.txt,tracked,667,656CB1A20F47A648E44E14EC8A46A467682131A5A2B8D8E9749A120DA2802512
research/icsec2026/archive/manuscripts/pre_final_active_20260902/qa/submission_readiness_20260902/ANONYMITY_PROVENANCE_CLAIM_AUDIT.md,tracked,1728,A17B6B949C42C58B69A2EB849DDAA9F83533EE9D7E2A183491AB190E848D51C8
research/icsec2026/archive/manuscripts/pre_final_active_20260902/qa/submission_readiness_20260902/RENDERED_PAGE_QA.md,tracked,1115,08EFA189B5666D5C5CFEB5C1E6E41A061B0A655A8FE32934D6F3CE45869B867A
research/icsec2026/archive/manuscripts/pre_final_active_20260902/qa/submission_readiness_20260902/page-1.png,tracked,555084,6C786F502636E251022E05EE065AC6CB0805A202D6DBFCB2FA08D3527E076332
research/icsec2026/archive/manuscripts/pre_final_active_20260902/qa/submission_readiness_20260902/page-2.png,tracked,454133,ECFA8BD877F59870932240E7FF7B5A80635E1745BC9BB717F6A97708339EA6CB
research/icsec2026/archive/manuscripts/pre_final_active_20260902/qa/submission_readiness_20260902/page-3.png,tracked,555780,248F25239C81CB05517DE9C2E69539C809A58ACCA27ACB00968CBB77367795C3
research/icsec2026/archive/manuscripts/pre_final_active_20260902/qa/submission_readiness_20260902/page-4.png,tracked,550871,A80651BE7C5BB504660DF7989C8641C05008DC8C52DE8F034F658DDA3488A9B4
research/icsec2026/archive/manuscripts/pre_final_active_20260902/qa/submission_readiness_20260902/page-5.png,tracked,468454,18872DD25AB346DB49A5ABE0F48928163D64C4D6F5BC03560597FC3BEA3A1B53
research/icsec2026/archive/manuscripts/pre_final_active_20260902/references.bib,tracked,2440,B936C7F6AF1E173CEB771D5BB430F3652846B759C494E71B674D3071D387AC00
research/icsec2026/archive/manuscripts/submission_candidate_20260902/SHA256SUMS.csv,tracked,1145,3A3B4543DBCC5E34F5DA69C80EFB94D5B9ED0659373D56D6ADC98F827EB8397E
research/icsec2026/archive/manuscripts/submission_candidate_20260902/main.bbl,tracked,2462,309C235E5D7F55DC881375FABF5B67AD70AB766216879ED52211919A9D7CC8DB
research/icsec2026/archive/manuscripts/submission_candidate_20260902/main.log,ignored,27906,90C0D260904C5C5AAAF233A8C92FF2C8B3464FE66E49286596DD9E381994795E
research/icsec2026/archive/manuscripts/submission_candidate_20260902/main.pdf,tracked,68688,99E4180F4B172C1CC7BABFCF8BE92FCC5442B3868F7AAD1D32A13779849E765D
research/icsec2026/archive/manuscripts/submission_candidate_20260902/main.tex,tracked,28343,AA018D5E677D8C6ECAE93DEB33C068B01AC6050B5B57D47F303166BB750007B4
research/icsec2026/archive/manuscripts/submission_candidate_20260902/qa/ANONYMITY_PROVENANCE_CLAIM_AUDIT.md,tracked,1728,A17B6B949C42C58B69A2EB849DDAA9F83533EE9D7E2A183491AB190E848D51C8
research/icsec2026/archive/manuscripts/submission_candidate_20260902/qa/RENDERED_PAGE_QA.md,tracked,1115,08EFA189B5666D5C5CFEB5C1E6E41A061B0A655A8FE32934D6F3CE45869B867A
research/icsec2026/archive/manuscripts/submission_candidate_20260902/qa/page-1.png,tracked,555084,6C786F502636E251022E05EE065AC6CB0805A202D6DBFCB2FA08D3527E076332
research/icsec2026/archive/manuscripts/submission_candidate_20260902/qa/page-2.png,tracked,454133,ECFA8BD877F59870932240E7FF7B5A80635E1745BC9BB717F6A97708339EA6CB
research/icsec2026/archive/manuscripts/submission_candidate_20260902/qa/page-3.png,tracked,555780,248F25239C81CB05517DE9C2E69539C809A58ACCA27ACB00968CBB77367795C3
research/icsec2026/archive/manuscripts/submission_candidate_20260902/qa/page-4.png,tracked,550871,A80651BE7C5BB504660DF7989C8641C05008DC8C52DE8F034F658DDA3488A9B4
research/icsec2026/archive/manuscripts/submission_candidate_20260902/qa/page-5.png,tracked,468454,18872DD25AB346DB49A5ABE0F48928163D64C4D6F5BC03560597FC3BEA3A1B53
research/icsec2026/archive/manuscripts/submission_candidate_20260902/references.bib,tracked,2440,B936C7F6AF1E173CEB771D5BB430F3652846B759C494E71B674D3071D387AC00
research/icsec2026/archive/manuscripts/tooling/validate_f411_claim_correction.py,tracked,11184,1306FBDE3A379BD5D9E6C836E5AD400A7F61907D448623B10F027A340BBEB370
research/icsec2026/cleanup/CLEANUP_PLAN.csv,untracked,559077,6A838DFB8B64F7B7C52AED8C6FEA728981131EB256F3AA6D2B7F52A0FD8D3827
research/icsec2026/cleanup/CLEANUP_REPORT.md,untracked,2248,2F0EAD8E4DBB90BEFB347E8956017C47885BA0251205AD7BB267336EDF162E29
research/icsec2026/cleanup/DUPLICATE_DISPOSITION.csv,untracked,46223,6791B780AF6DFBC9403C4C3BA08D81B8A02DD3040372DB6275A6289C6D103384
research/icsec2026/cleanup/PATH_RELOCATION.csv,untracked,42536,59788A176107732A8775328E92C58188E7F37F53782BBE92045FB1EEFAA3F68B
research/icsec2026/cleanup/POST_CLEANUP_INVENTORY.csv,untracked,277442,E633D8FC31835EE8382ABA4B9989CAC5F0F1E886D7E3CBC46FB0FBFF24C96BBE
research/icsec2026/cleanup/POST_CLEANUP_VALIDATION.json,untracked,1075,A7E564C286E0E3DA02953F53749206631FB25C75843BEAB5B6247EDD305DD348
research/icsec2026/cleanup/POST_ROLLBACK_VALIDATION.json,untracked,285,DC444E58BFB13BDE7B31C346A5668F581D3EEAAFB7E0D055444AF4702F6999ED
research/icsec2026/cleanup/PRE_CLEANUP_INVENTORY.csv,untracked,559077,6A838DFB8B64F7B7C52AED8C6FEA728981131EB256F3AA6D2B7F52A0FD8D3827
research/icsec2026/cleanup/PRE_CLEANUP_INVENTORY_SUMMARY.json,untracked,278,2A1735A2661ABE5111C02D746A3AF77FC3E57199A27D6FD0F09B1C9D467414B0
research/icsec2026/cleanup/PRE_CLEANUP_VALIDATION.json,untracked,634,D1EA089B7B94CCA511D14550F651C68003D17D13B3818A6E6F53A9B7AA3F3B68
research/icsec2026/cleanup/README.md,untracked,896,ACF599ABFA5E14C4A6329362FFEF863F3C97251A8EBD0A72DBEEA5CD79FFE74F
research/icsec2026/cleanup/RELOCATION_SUMMARY.json,untracked,173,4A832A05DEE0BDF4807DF30DFE8814579DAD42DCB1B8F1E3E95A25174E44CDA7
research/icsec2026/cleanup/finalize_cleanup_records.py,untracked,4731,4052E5EA9FDB552E94F479B323BD2CB06256C21180EDF7AC2AE6D33B0E4205D6
research/icsec2026/cleanup/prepare_cleanup.py,untracked,8818,EC15FB1D5EBB798A249642CDC43893152F425B66A8FCEE5441989028EEA36DF9
research/icsec2026/cleanup/validate_relocated_cleanup.py,untracked,5776,6891128DF0F586AADF74B6BB8A1624D9CD025FBAC44AFC6B8431A9E4ECAA5364
research/icsec2026/cleanup/verify_rollback.py,untracked,2327,37DDC5BA40CA35438EA8C0885C1FE800282B9259CE83AC3CD712095AD435236C
research/icsec2026/cleanup_freeze_20260902/FREEZE_PACKAGE_SHA256SUMS.csv,tracked,739,EF2A31F3082F814355699E14BA8E67136DD282224FF0EB20BDA4452FEB1DFE7E
research/icsec2026/cleanup_freeze_20260902/FREEZE_STATE.json,tracked,7099,CCE945884A1D82FB9641DB2CB19D81BE49396688D9AA7E62FC7419535A9489C4
research/icsec2026/cleanup_freeze_20260902/PROTECTED_EXTERNAL_BACKUP_FILES.csv,tracked,80515,EF7E2C6E4AECDF437555489B00F4EEBE43805849305D31D244B88ED1255A8B78
research/icsec2026/cleanup_freeze_20260902/PROTECTED_REPOSITORY_FILES.csv,tracked,153122,05B7C52877BCC8FC32A5FD22F54BE9882EA7C9B1224455C9C7DAC343A4527E18
research/icsec2026/cleanup_freeze_20260902/README.md,tracked,1385,A339C7B27A682C0C9B41B840471024A07BEEB53773ABBAC5CFEC164E4665DA93
research/icsec2026/cleanup_freeze_20260902/VALIDATION.json,tracked,264,5623E240755A62E9DE4084EEE8179923D2AEAC4A6FE15681D7213FF7DFD745BD
research/icsec2026/cleanup_freeze_20260902/generate_protected_manifest.py,tracked,9074,58A77C9FFB877D18B22F8070C6D29BEFD0FE7C0D9189CB60BB733E500ED676BC
research/icsec2026/cleanup_freeze_20260902/validate_protected_manifest.py,tracked,2210,9534C92E16907BB629DCC0A094374A0FF77AC9E2D83CADB0951B65D3C0E0D782
research/icsec2026/extension/.gitattributes,tracked,286,03FA9440247365D7D60A8C3BCB18445B115C16A4CD1E00A090303E8CF860B878
research/icsec2026/extension/BACKUP_COMPLETION.json,tracked,767,2B344A81FCEBB7B26C0A0FB45CB18C73C479DA020D9383F2492D1A08F8F88E13
research/icsec2026/extension/F411_FEASIBILITY_20260901.md,tracked,13609,95E22935445B1E3369E3E4809EF16A3B28FCB717A37DD8A1A26FCDFAE352FC21
research/icsec2026/extension/F411_PAIR1_CAMPAIGN_BACKUP_COMPLETION.json,tracked,736,BF72288B5590FF750EB3244BC3DC414E37533BAFEA6C66B69D60BDE7E02C0115
research/icsec2026/extension/F411_PAIR2_CAMPAIGN_BACKUP_COMPLETION.json,tracked,1132,0FDC36163F18C7B2920EEE44F7B53F30DB000E2A775FCE678CDB25572BB3EB01
research/icsec2026/extension/REPLICATION_BACKUP_COMPLETION.json,tracked,695,7D66858E8EE17F122383AAD5619B3593F67033C060C4EA2DC3A354C4FA69BFA0
research/icsec2026/extension/SCOPE_FEASIBILITY_BACKUP_COMPLETION.json,tracked,675,AA2D8EC8E1649B8689E7EFFC79D611E5650BA01ECB6317DBD11BEFADB090B7DD
research/icsec2026/extension/__pycache__/generate_f411_cross_pair_synthesis.cpython-312.pyc,ignored,22284,659B385AFD97979C788ABF734EC24A36340A3AC1646BF412D2C352DB0D4D2F99
research/icsec2026/extension/__pycache__/run_f411_campaign.cpython-312.pyc,ignored,39630,AA220A274C1FEEFAB883303121DB13506798BE39C6E7BB663E350F83049EB668
research/icsec2026/extension/__pycache__/run_f411_pair1.cpython-312.pyc,ignored,26608,AAFA2267515A54629E1FAB776AF4FF235CC49BB60557567710192BDCF6167692
research/icsec2026/extension/__pycache__/run_f411_pair2_campaign.cpython-312.pyc,ignored,2992,01FADFF3FAA7AE5CEFF807EF961B788B7ABE791E16B4D396A4749148F1DB12A2
research/icsec2026/extension/__pycache__/run_f411_scientific_pilot.cpython-312.pyc,ignored,22019,7454A7F93ABA76ABFBB55A2E6E575DC3018A3E871A99930FD24ABE3B696704B2
research/icsec2026/extension/__pycache__/run_g431b_replication.cpython-312.pyc,ignored,32884,F48B8A16E2CF21962725B03A14FA3F8B207AF007317F8C97FE7DBAAB42503EF2
research/icsec2026/extension/__pycache__/run_primary_extension.cpython-312.pyc,ignored,82025,F875D6A5B6C916925F0E76E808BFB53FB909B0E727D142CEFF46578582E9D8AE
research/icsec2026/extension/__pycache__/run_scope_capture.cpython-312.pyc,ignored,12126,5D6E940024A427AD7742B1816F3CAE29F5EEFD197F92CFCAB3D999FC98A9A736
research/icsec2026/extension/__pycache__/test_f411_campaign.cpython-312.pyc,ignored,5038,565FDC36A166AFBAE863A85D2DCD444BA4E60FE0880526FFB65164C09108D82A
research/icsec2026/extension/__pycache__/test_f411_cross_pair_synthesis.cpython-312.pyc,ignored,1911,1CF3B370453D24BB706890CEDFFD0FA34A0CDC480FD0E5EB69887801A462C120
research/icsec2026/extension/__pycache__/test_f411_pair1.cpython-312.pyc,ignored,2581,2C4BCEFDBF44CC03FF83F107110711CED7D1E5B1BA5FDDCB7B308729E44547DF
research/icsec2026/extension/__pycache__/test_f411_pair2_campaign.cpython-312.pyc,ignored,2511,F11219A189C4B9333E1F50A30E7797629E39DFEB4011AB8036D7CA49737A09B7
research/icsec2026/extension/__pycache__/test_f411_scientific_pilot.cpython-312.pyc,ignored,2799,2BE120AC9C3E04E060A890F17B224A2BE81F29B276D1D2DCBBEBA305A42B40CC
research/icsec2026/extension/__pycache__/test_g431b_replication.cpython-312.pyc,ignored,3001,30B368E8ED70E253C457D815A8987F1C9A2AB22D55080E19083B1482BAB41FC8
research/icsec2026/extension/__pycache__/test_primary_extension.cpython-312.pyc,ignored,7144,9CF8DA007C4CD12BE456EA25BA1620EE79B67CC0C058B8A4A9729867B3BAE37E
research/icsec2026/extension/__pycache__/validate_f411_campaign.cpython-312.pyc,ignored,10499,51D1540C6413D18CBFBC85B6876B05A3C7A9EA352E9AA4FF5F0BA8007F8DC965
research/icsec2026/extension/__pycache__/validate_f411_pair2_campaign.cpython-312.pyc,ignored,2385,B27FA543A10242BADDE4F6C42F07EF3458A207B577A4CD52EC28F2F8A2575254
research/icsec2026/extension/__pycache__/validate_f411_scientific_pilot.cpython-312.pyc,ignored,6940,C9ECA50D76951B3766EA94CA6398C73706C2E9DC95EA8BF14BC58DC258E3019B
research/icsec2026/extension/analysis/f411_claim_correction_20260902/CLAIM_CHANGE_RECORD.json,tracked,1298,14DBEF60BB3C1646F3C704260459AE02F872105308757A2CF3941DF0069523A0
research/icsec2026/extension/analysis/f411_claim_correction_20260902/CORRECTION_SHA256SUMS.csv,tracked,2837,B832BFA847EE553AC6AD142FFDFABFA5BAF2298D73A0B8A350A042A224311106
research/icsec2026/extension/analysis/f411_claim_correction_20260902/FINAL_VALIDATION.json,tracked,6473,4C4B2C2E373E3DF5D181ECBB0BA521512C131449D03ABA2510278D3CF5579F90
research/icsec2026/extension/analysis/f411_claim_correction_20260902/README.md,tracked,937,2F4441DF110C597CEDA4FCF9E3FC96497987B2F6A14340AEB6738856702BF28C
research/icsec2026/extension/analysis/f411_claim_correction_20260902/manuscript/CLAIM_LANGUAGE_DIFF.patch,tracked,3638,6DD835A1AC9049024875818953A29CB1A892AD52DB336B5405509587387B10B1
research/icsec2026/extension/analysis/f411_claim_correction_20260902/manuscript/INCLUSION_DECISION.md,tracked,773,B350895C0DF11F312A42B353E4A7D40DF55F029541DF789AD25AFF91CB4B9579
research/icsec2026/extension/analysis/f411_claim_correction_20260902/manuscript/MANUSCRIPT_DIFF.patch,tracked,49911,8FE608172B4B6E0B137AEFAB932D14EAB0CEA7F43B502727AC23F1BEC48579C1
research/icsec2026/extension/analysis/f411_claim_correction_20260902/manuscript/build.log,tracked,1242,323355CD2DF4B8F439564C3F4314ED25C24344276453E0BA02880100434DEE87
research/icsec2026/extension/analysis/f411_claim_correction_20260902/manuscript/main.aux,tracked,5892,D83CE20631C665FF3AF6A8AB7C18267D91148DB7E9AFB21BD30FDF0AA1DC6240
research/icsec2026/extension/analysis/f411_claim_correction_20260902/manuscript/main.bbl,tracked,2462,309C235E5D7F55DC881375FABF5B67AD70AB766216879ED52211919A9D7CC8DB
research/icsec2026/extension/analysis/f411_claim_correction_20260902/manuscript/main.blg,tracked,379,0D78A60ABC96272E29FC0AFDA82E8681D243D9DDF183989AE112163835C94C7B
research/icsec2026/extension/analysis/f411_claim_correction_20260902/manuscript/main.log,tracked,27943,CBEA95D5D5DF0144B3162AE2B4284C7C7D10F480E53292FACE6B310C32364CF2
research/icsec2026/extension/analysis/f411_claim_correction_20260902/manuscript/main.out,tracked,3364,2331E0BD777DE3B64F185E8230F2A2636E7D41015B9F587D21A314A6FD39CEF2
research/icsec2026/extension/analysis/f411_claim_correction_20260902/manuscript/main.pdf,tracked,66248,D346C39253B8BC44B96968A4509BED14369F0632742352ACA7EE5B8027F42ED3
research/icsec2026/extension/analysis/f411_claim_correction_20260902/manuscript/main.tex,tracked,26451,BD2963900E834BD2623958776476EF4B4576983B8F2926D4FEDA27509D496924
research/icsec2026/extension/analysis/f411_claim_correction_20260902/manuscript/pair_condition_pattern.pdf,tracked,15788,48D6D71AC3AF9024847B2F05D251B15F41ABFB57B9A0670E2F22E7E3AE93F245
research/icsec2026/extension/analysis/f411_claim_correction_20260902/manuscript/qa/ANONYMITY_CLAIM_AUDIT.md,tracked,2158,610D17D06EA5ECC9D95D8E4166001FBA8A7D6B174C466AD3C82F714AF449C7B9
research/icsec2026/extension/analysis/f411_claim_correction_20260902/manuscript/qa/CLAIM_BOUNDARY_SEARCH.md,tracked,791,8DE98B932BCAFD404B9988E35AA12F9D65C2CF54C6890B57544555D7E7F1AF50
research/icsec2026/extension/analysis/f411_claim_correction_20260902/manuscript/qa/CLAIM_EVIDENCE_TRACEABILITY.json,tracked,2093,ACCD923846D091431B8CC1C628C473B07C02D2199A40560749990CCAF1C0B4C2
research/icsec2026/extension/analysis/f411_claim_correction_20260902/manuscript/qa/PAGE_COUNT.json,tracked,344,7D030342DF51602EA842D71DBBEDE442E146BB487448D2D65FFC2C8C2E43E65D
research/icsec2026/extension/analysis/f411_claim_correction_20260902/manuscript/qa/RENDERED_PAGE_QA.md,tracked,1283,A3E5179F5FE68DD16E1D363A26688A45C41ABF64A0944322F70EACE277783795
research/icsec2026/extension/analysis/f411_claim_correction_20260902/manuscript/qa/page-1.png,tracked,547677,5638C3FEA6684691846B406ABF5AC85717579CB8ECDC43DD38136981909897F5
research/icsec2026/extension/analysis/f411_claim_correction_20260902/manuscript/qa/page-2.png,tracked,455009,448D720BEBD01E6384DC92E0D51DB8B5B29CAE3F1DC6DB69955F47497D89C164
research/icsec2026/extension/analysis/f411_claim_correction_20260902/manuscript/qa/page-3.png,tracked,579480,FA591679BA0D2EE6B56541204769DEC31368A20F4885B85508D4EB971CA607CE
research/icsec2026/extension/analysis/f411_claim_correction_20260902/manuscript/qa/page-4.png,tracked,538304,FB012399B5A429514C3FAB54E9EA5057C19ED76BF3B87CDD6E0AA8A50831E3E3
research/icsec2026/extension/analysis/f411_claim_correction_20260902/manuscript/qa/page-5.png,tracked,271520,AA476F4C94DC65840D55C5ECF5534F475E2E6F8EA57EE74EA0472A4D384152D9
research/icsec2026/extension/analysis/f411_claim_correction_20260902/manuscript/qa/pdfinfo.txt,tracked,667,656CB1A20F47A648E44E14EC8A46A467682131A5A2B8D8E9749A120DA2802512
research/icsec2026/extension/analysis/f411_claim_correction_20260902/manuscript/references.bib,tracked,2440,B936C7F6AF1E173CEB771D5BB430F3652846B759C494E71B674D3071D387AC00
research/icsec2026/extension/analysis/f411_cross_pair_integration_20260902/INTEGRATION_SHA256SUMS.csv,tracked,3493,4C0D6FC2AF25228AB3080677D5C14C58DB83029D9041D04610E93F22C3D4BA15
research/icsec2026/extension/analysis/f411_cross_pair_integration_20260902/INTEGRATION_VALIDATION.json,tracked,1812,36EC0728D192A3A8A4123CC2CDBDCC33DF842B025464D070E1BBCBC4AE9F37E8
research/icsec2026/extension/analysis/f411_cross_pair_integration_20260902/README.md,tracked,1196,C313B2B7310D05E921C0EFC699CBCA77BB41319103F5C812535566BBD0D7CD8C
research/icsec2026/extension/analysis/f411_cross_pair_integration_20260902/manuscript_candidate/INCLUSION_DECISION.md,tracked,670,9788C30FB10F1294DFCB61503731D4D8ECA2B3529008E15ADDF0AF32B6C9B430
research/icsec2026/extension/analysis/f411_cross_pair_integration_20260902/manuscript_candidate/MANUSCRIPT_DIFF.patch,tracked,14599,37D946F68AC77FAAA3ED490317E829AA5FD92EDF503A7790C7120D640ACE1E27
research/icsec2026/extension/analysis/f411_cross_pair_integration_20260902/manuscript_candidate/build.log,tracked,15185,EE805B07C4AB200BDE494CFABADAAC3F0C118C6D8E9151F79E5B8F44B56BD7A1
research/icsec2026/extension/analysis/f411_cross_pair_integration_20260902/manuscript_candidate/main.aux,tracked,5892,7335D309B96D5ED7B1409037C98A69A1A5DF83D4BB807D982EEE084E2F06EEC6
research/icsec2026/extension/analysis/f411_cross_pair_integration_20260902/manuscript_candidate/main.bbl,tracked,2462,309C235E5D7F55DC881375FABF5B67AD70AB766216879ED52211919A9D7CC8DB
research/icsec2026/extension/analysis/f411_cross_pair_integration_20260902/manuscript_candidate/main.blg,tracked,379,0D78A60ABC96272E29FC0AFDA82E8681D243D9DDF183989AE112163835C94C7B
research/icsec2026/extension/analysis/f411_cross_pair_integration_20260902/manuscript_candidate/main.log,tracked,27943,8BFA90880E37941487CC1490B3EFDC07734525B99124ACAEF1F0058A9A0E4524
research/icsec2026/extension/analysis/f411_cross_pair_integration_20260902/manuscript_candidate/main.out,tracked,3364,2331E0BD777DE3B64F185E8230F2A2636E7D41015B9F587D21A314A6FD39CEF2
research/icsec2026/extension/analysis/f411_cross_pair_integration_20260902/manuscript_candidate/main.pdf,tracked,66151,2E3E684431608396122F018BE45A17BA7F05FAD92F1E017934FC9F624395A3F5
research/icsec2026/extension/analysis/f411_cross_pair_integration_20260902/manuscript_candidate/main.tex,tracked,26355,E6E7942E895819FB9DA46CE28E31A8A1C39D39E453193A3445A18DD249236E44
research/icsec2026/extension/analysis/f411_cross_pair_integration_20260902/manuscript_candidate/pair_condition_pattern.pdf,tracked,15788,48D6D71AC3AF9024847B2F05D251B15F41ABFB57B9A0670E2F22E7E3AE93F245
research/icsec2026/extension/analysis/f411_cross_pair_integration_20260902/manuscript_candidate/qa/ANONYMITY_CLAIM_AUDIT.md,tracked,1822,45BBA0AF09AF5F24279FC89B8046973BB9937F10F32AACC579B864B6AEDBDFAB
research/icsec2026/extension/analysis/f411_cross_pair_integration_20260902/manuscript_candidate/qa/CLAIM_EVIDENCE_TRACEABILITY.json,tracked,1901,341E7F932AE38972A881C855F6AE1767D84BDE680B7BA00F7F47A9FEFBA3A9FD
research/icsec2026/extension/analysis/f411_cross_pair_integration_20260902/manuscript_candidate/qa/PAGE_COUNT.json,tracked,334,C0E9C97778DA54F0615AE8C10A511079A8EE96C26053A818E7313158507CF33E
research/icsec2026/extension/analysis/f411_cross_pair_integration_20260902/manuscript_candidate/qa/RENDERED_PAGE_QA.md,tracked,1237,706F909D9B9D573811CE858A4D8EB7CE3BC4CD1C90A89D2794A35E4F648DFF5B
research/icsec2026/extension/analysis/f411_cross_pair_integration_20260902/manuscript_candidate/qa/page-1.png,tracked,548074,EBE668EF9E774B222BA1035FFFF7F4FAB870BC398FB805EEF3FC7A7CF4855F64
research/icsec2026/extension/analysis/f411_cross_pair_integration_20260902/manuscript_candidate/qa/page-2.png,tracked,456973,894A9C2096F672DECD1BA578152CE8595DC07E625D65888138CF67BF9346EF9B
research/icsec2026/extension/analysis/f411_cross_pair_integration_20260902/manuscript_candidate/qa/page-3.png,tracked,538028,026FC1386D8D88E26744CF7FC81C363E462B6DB79D3BA768BBB1968D29ED2CD0
research/icsec2026/extension/analysis/f411_cross_pair_integration_20260902/manuscript_candidate/qa/page-4.png,tracked,572007,06E18B612F8F28AF18E18629B05C971834D5EA3C9E2FF48284DA68AB8E433071
research/icsec2026/extension/analysis/f411_cross_pair_integration_20260902/manuscript_candidate/qa/page-5.png,tracked,262782,F77E7C99644D4B769561E0416EFAE59A6BE0BC1D1F1CDAACE681726D9A121590
research/icsec2026/extension/analysis/f411_cross_pair_integration_20260902/manuscript_candidate/qa/pdfinfo.txt,tracked,667,13FB6DE3CC3F125417E58AD4FEE10CFC47A23EDDDFA867DDC5F6AE4735D61A34
research/icsec2026/extension/analysis/f411_cross_pair_integration_20260902/manuscript_candidate/references.bib,tracked,2440,B936C7F6AF1E173CEB771D5BB430F3652846B759C494E71B674D3071D387AC00
research/icsec2026/extension/analysis/f411_cross_pair_integration_20260902/synthesis/FRIDAY_GAP_DECISION.md,tracked,1395,70BBBE40F013BFC2C7DC838BBB84F61572CC25E2FE76999939155366FD416926
research/icsec2026/extension/analysis/f411_cross_pair_integration_20260902/synthesis/PROVENANCE.json,tracked,13323,716D874980AF631EA09F143797C6B045123E8DFC68FCF981D1354C73F024E5EC
research/icsec2026/extension/analysis/f411_cross_pair_integration_20260902/synthesis/SYNTHESIS.md,tracked,2751,E6206CF1479312AFAE23512DBB9FDD3029B9B3FC1CB773EA38361464A82064D2
research/icsec2026/extension/analysis/f411_cross_pair_integration_20260902/synthesis/condition_outcomes.csv,tracked,846,EEF215CD18CADF3DE9466A665CEF56D49FCAC25FFEBDB5555CD3F66260C6A259
research/icsec2026/extension/analysis/f411_cross_pair_integration_20260902/synthesis/pair_comparison.csv,tracked,882,F966F62B74A5D62E2E5F7A0012425B298A31B02A5CF501F15E5D5EEFE4F5BBCD
research/icsec2026/extension/analysis/f411_cross_pair_integration_20260902/synthesis/pair_condition_pattern.pdf,tracked,15788,48D6D71AC3AF9024847B2F05D251B15F41ABFB57B9A0670E2F22E7E3AE93F245
research/icsec2026/extension/analysis/f411_cross_pair_integration_20260902/synthesis/pair_condition_pattern.png,tracked,60048,1B7AEC66353ECC8760FA260C0D5F5ED58F7B6358B31A275C9442FAAB3671FAFD
research/icsec2026/extension/analysis/f411_cross_pair_synthesis_20260902/FAILED_GENERATION.json,tracked,495,8CA0FA15920EAF6399095898F17EC2F2DE6E5E81D43C1F49625E2482F1484F4D
research/icsec2026/extension/analysis/f411_cross_pair_synthesis_20260902_r2/FAILED_GENERATION.json,tracked,506,2FF9A7880C8A6D8CC82ABDC90CFE9DC03AC70B505BD6F03A12F4563EC24D73D6
research/icsec2026/extension/analysis/f411_cross_pair_synthesis_20260902_r3/FIGURE_QA_FAILED.md,tracked,329,D37EF3D7562542AEEF44E6857DB0C2B4A3C3FCDD3ED5241BA4C002A8756F2A71
research/icsec2026/extension/analysis/f411_cross_pair_synthesis_20260902_r3/PROVENANCE.json,tracked,13323,4AFCD26C14E1700AE9472675E9B4BBB359F73B9D61662ADDF41F6E40C3DA7136
research/icsec2026/extension/analysis/f411_cross_pair_synthesis_20260902_r3/SYNTHESIS.md,tracked,2751,E6206CF1479312AFAE23512DBB9FDD3029B9B3FC1CB773EA38361464A82064D2
research/icsec2026/extension/analysis/f411_cross_pair_synthesis_20260902_r3/condition_outcomes.csv,tracked,846,EEF215CD18CADF3DE9466A665CEF56D49FCAC25FFEBDB5555CD3F66260C6A259
research/icsec2026/extension/analysis/f411_cross_pair_synthesis_20260902_r3/pair_comparison.csv,tracked,882,F966F62B74A5D62E2E5F7A0012425B298A31B02A5CF501F15E5D5EEFE4F5BBCD
research/icsec2026/extension/analysis/f411_cross_pair_synthesis_20260902_r3/pair_condition_pattern.pdf,tracked,18735,3C951A85313BD4AFAF8644C5EBABE0A830611EAC8D2D4CA4149F7C84357512A1
research/icsec2026/extension/analysis/f411_cross_pair_synthesis_20260902_r3/pair_condition_pattern.png,tracked,77184,9E000D8452BDDBFD32C0F4325E858261E462C829B645E1963AC26C3F58C64502
research/icsec2026/extension/analysis/f411_cross_pair_synthesis_20260902_r4/FRIDAY_GAP_DECISION.md,tracked,1395,70BBBE40F013BFC2C7DC838BBB84F61572CC25E2FE76999939155366FD416926
research/icsec2026/extension/analysis/f411_cross_pair_synthesis_20260902_r4/PROVENANCE.json,tracked,13323,716D874980AF631EA09F143797C6B045123E8DFC68FCF981D1354C73F024E5EC
research/icsec2026/extension/analysis/f411_cross_pair_synthesis_20260902_r4/SYNTHESIS.md,tracked,2751,E6206CF1479312AFAE23512DBB9FDD3029B9B3FC1CB773EA38361464A82064D2
research/icsec2026/extension/analysis/f411_cross_pair_synthesis_20260902_r4/condition_outcomes.csv,tracked,846,EEF215CD18CADF3DE9466A665CEF56D49FCAC25FFEBDB5555CD3F66260C6A259
research/icsec2026/extension/analysis/f411_cross_pair_synthesis_20260902_r4/pair_comparison.csv,tracked,882,F966F62B74A5D62E2E5F7A0012425B298A31B02A5CF501F15E5D5EEFE4F5BBCD
research/icsec2026/extension/analysis/f411_cross_pair_synthesis_20260902_r4/pair_condition_pattern.pdf,tracked,15788,48D6D71AC3AF9024847B2F05D251B15F41ABFB57B9A0670E2F22E7E3AE93F245
research/icsec2026/extension/analysis/f411_cross_pair_synthesis_20260902_r4/pair_condition_pattern.png,tracked,60048,1B7AEC66353ECC8760FA260C0D5F5ED58F7B6358B31A275C9442FAAB3671FAFD
research/icsec2026/extension/analysis/submission_readiness_20260902/EVIDENCE_AND_CLAIM_AUDIT.md,tracked,2962,63926D52D96087B340743B90A6421F8B4CBCAB81868500B8B3CC80574C10E148
research/icsec2026/extension/analysis/submission_readiness_20260902/FAILED_VALIDATOR_ATTEMPT.json,tracked,370,CB8404B7AB3EF26535B5D1A92E9BBA4D716FE52919B84D41893F4670A4E199BA
research/icsec2026/extension/analysis/submission_readiness_20260902/FINAL_VALIDATION.json,tracked,4750,E060AEFFFDDC3F52696B5C3E43ADAB33A9E0706D5FCEF28147387DA7828F57BC
research/icsec2026/extension/analysis/submission_readiness_20260902/README.md,tracked,1710,562251685983ABADA0852B720FA69CB69784B895318723056BF8CF2DA94A037C
research/icsec2026/extension/analysis/submission_readiness_20260902/REQUIREMENTS_AND_REFERENCE_AUDIT.md,tracked,1741,2E3284A5AA0068F07DBCCD393AA81249C4C98BDBC49B10189B008EFFD152870B
research/icsec2026/extension/analysis/submission_readiness_20260902/SHA256SUMS.csv,tracked,645,E521FB300388C92554CDEE76D638C962881EE3F7416DAF3D5C1C4E3D6C3D352C
research/icsec2026/extension/analysis/submission_readiness_20260902/validate_submission_readiness.py,tracked,6780,18BA4C0C4F74EACB3AF9087731EA7DA59C677A08DE681DCB2B85C32357EF84C3
research/icsec2026/extension/evidence/f411_engdiag_20260901/.gitattributes,tracked,19,020BEFB2F472CC9304277628DA283A958D083C03C0A1C136729A8FC4048E1D0D
research/icsec2026/extension/evidence/f411_engdiag_20260901/ENGDIAG_SHA256SUMS.csv,tracked,3276,98846023F3285F5B9F60C5387E1C54FD6D5EEAA8D5E58A42720795EC9B328DE0
research/icsec2026/extension/evidence/f411_engdiag_20260901/bringup_validation.json,tracked,2074,A4C19AE1CBC444A047FD79B7D0F01ED0ADAA139700A29E3F320DDE78EC970492
research/icsec2026/extension/evidence/f411_engdiag_20260901/build_and_test_validation.json,tracked,1170,DB017C6DA6048EEE558C8DE8B291481C619495FDE389AA10C1317F92E9CA4FA4
research/icsec2026/extension/evidence/f411_engdiag_20260901/build_controller.log,ignored,12129,0590F622A09E3E9E413CF2B6251A86596FCB865DEA778491524B9491A3CDAA8F
research/icsec2026/extension/evidence/f411_engdiag_20260901/build_controller_clean.log,ignored,650,C048302B06AFB3E4D0AAB27D5B54632B4A019C6A5045B3F75D611B3D47612FB1
research/icsec2026/extension/evidence/f411_engdiag_20260901/build_payload.log,ignored,9855,01A8F53BAAE6141D8F176B6497AD52DA0DEF3799E3B55DB241E97FFDBCF7BC98
research/icsec2026/extension/evidence/f411_engdiag_20260901/build_payload_clean.log,ignored,595,23528ADCDC5FB4999AC35A20E385261A30D2ADA89FCEC2F68F44FC11914B5DFD
research/icsec2026/extension/evidence/f411_engdiag_20260901/commands.txt,tracked,1953,8D359C0F6F2433E9007DE3717B178628FA2007B9C304AADE2F85B2641147DDF6
research/icsec2026/extension/evidence/f411_engdiag_20260901/diagnostic_manifest.json,tracked,1484,9D6ECAC206B0960B79D3FA206ED2BEF22E6ADCE2997D3DAAE27C797B45227912
research/icsec2026/extension/evidence/f411_engdiag_20260901/engdiag_001_runtime_tick_probe.log,ignored,767,1CF35271F73B692824F37A5936225759D6467ABC4EBD7EE202F2A688860BC647
research/icsec2026/extension/evidence/f411_engdiag_20260901/engdiag_001_runtime_tick_probe_explicit.log,ignored,1111,AED625E5BF66938E943299884C3E802B6E58FB9F29C407D074BECF188FF8BEE9
research/icsec2026/extension/evidence/f411_engdiag_20260901/final_disposition.json,tracked,1126,7D8B0F92B5FD4970960D35CC2AE6F632606DF1F4FCD890EE4FB42A5EDE6AD80F
research/icsec2026/extension/evidence/f411_engdiag_20260901/firmware/f411_engdiag_controller_fixed.bin,ignored,19832,8686113C4A83E1600EBE66FB3B3F8795853011B4B0E69D91F9E68EBB3FD8FE68
research/icsec2026/extension/evidence/f411_engdiag_20260901/firmware/f411_engdiag_controller_fixed.elf,ignored,158152,9AA52D103E977A8B18968A0B7F3D69E74361AC5E5FFDFA6B3CBC49A3AD722D78
research/icsec2026/extension/evidence/f411_engdiag_20260901/firmware/f411_engdiag_payload.bin,ignored,8152,52F145488CAD9D3A9711F77DF1DFB9F76DFEAE6660FE9E1FBD5560AA738BFBBB
research/icsec2026/extension/evidence/f411_engdiag_20260901/firmware/f411_engdiag_payload.elf,ignored,143396,0BC0EAAA7830B001CD31F1805C1002275E62FAF8DE6BC8C1AF44ABF5A2005493
research/icsec2026/extension/evidence/f411_engdiag_20260901/fix.patch,tracked,605,95EDA676DBD3745509FD9B981116AEE41D799E2B1B33FA94A649F2CD6F8E1F0B
research/icsec2026/extension/evidence/f411_engdiag_20260901/fixcheck_validation.json,tracked,1466,AB205BB8EBD28C3CD320ED46898C3AD326DBEEE524805DB1E5C70239C9EF1885
research/icsec2026/extension/evidence/f411_engdiag_20260901/hardware_enumeration.json,tracked,609,94240DDAD339E00C933019715261ED85A44E06DC4BD67D959A13D70420ADFCCE
research/icsec2026/extension/evidence/f411_engdiag_20260901/raw/bringup/ENGDIAG_001_FIXCHECK/controller.log,ignored,2722,AA664D5D799C5EEB0CCCE5FD5C1CF29D676C24A91F67118E0674971148556597
research/icsec2026/extension/evidence/f411_engdiag_20260901/raw/bringup/ENGDIAG_001_FIXCHECK/flash_controller.log,ignored,1335,3EE658E32BECC6AF37FDF509399034BD49201E9E2FE0D5DC9CC83A531FB12F1C
research/icsec2026/extension/evidence/f411_engdiag_20260901/raw/bringup/ENGDIAG_001_FIXCHECK/flash_payload.log,ignored,1335,2AB32F0A2F969A52A1C180BA165BAAADB8813740E04E77E2206C072B5C9F7832
research/icsec2026/extension/evidence/f411_engdiag_20260901/raw/bringup/ENGDIAG_001_FIXCHECK/payload.log,ignored,471,17C7CEE7D4ECA3DA743DDAC37EBDCF0D95F4F6F5B68C8BF01FD5E34523990F88
research/icsec2026/extension/evidence/f411_engdiag_20260901/raw/bringup/ENGDIAG_001_FIXCHECK/run_metadata.json,tracked,332,C05CAC5461FB64E8152F42FBDE3F1A84BAE31D9C71D59FFD7831E07B0EEBDA5E
research/icsec2026/extension/evidence/f411_engdiag_20260901/runtime_hypothesis_validation.json,tracked,1473,F2F716FF7C6323E156A9F465C0C8018BA975E20F4DAA0E89CE02E2D556E3D480
research/icsec2026/extension/evidence/f411_engdiag_20260901/source_and_semantic_validation.json,tracked,1143,3935123D98B78934A9B57501D2B7346248B1337C4CF5DB4B734BC1DC3ABCA9FD
research/icsec2026/extension/evidence/f411_engdiag_20260901/static_hypothesis_audit.md,tracked,1242,447587F16090AB259B85883ECBA331B1DAE53EDB5B96412C37909517A2FE40EB
research/icsec2026/extension/evidence/f411_engdiag_20260901/test_core_native.log,ignored,4935,5D9693A2CD34568F31484BFF28911A61033865E9655B4438786580100DBB2A01
research/icsec2026/extension/evidence/f411_engdiag_20260901/test_extension_host.log,ignored,112,6DBC4A3D960ADA34D14DD84DBA0793AD691656B477E95F2757102904B7F0C4B1
research/icsec2026/extension/evidence/f411_engdiag_20260901/test_payload_native.log,ignored,1002,9F289C3B48E0B074FD7373A2DE2FC800F80D1A86AD54C26D4349DAC5ED448308
research/icsec2026/extension/evidence/f411_feasibility_20260901/BOARD_ENUMERATION.json,tracked,1878,4FB0D031A7D8DD8DE9573373A246EDD0336E46CBF71F2320F22ABC86B831B842
research/icsec2026/extension/evidence/f411_feasibility_20260901/F411_FEASIBILITY_SHA256SUMS.csv,tracked,632,540D3E46D206B9CE29806E291F8328D3B8C4F43F7A58471931AA3BEFB8A8930C
research/icsec2026/extension/evidence/f411_feasibility_20260901/FEASIBILITY_RESULT.json,tracked,1278,921486D9AB436CD2C0B01D5967B3BB61BF5E8C895D15B985D3350E42A864339C
research/icsec2026/extension/evidence/f411_feasibility_20260901/TOOLCHAIN_SANITY.json,tracked,1085,E3E2DDC7964BBB3054192299103E2937EA783353B5A3A7545E92A0A1CB8640F7
research/icsec2026/extension/evidence/f411_pair1_20260901/ACCOUNTING_CORRECTION_20260901.json,tracked,3436,44F4E2831668B4316783F72F6EC3762C286D43B7E3E8B01E096025B7C931A7B0
research/icsec2026/extension/evidence/f411_pair1_20260901/CORRECTED_FINAL_VALIDATION.json,tracked,1290,98B984E77345E36F3D9822F44AECE7966AAA33E389943E535CAB05727BEBD1FB
research/icsec2026/extension/evidence/f411_pair1_20260901/FINAL_CORRECTED_DISPOSITION.json,tracked,1176,DCA5CE85578BA8FC3BA6A3BEB55B873D92ACA9726A9C923BEF94A03CD019B4EA
research/icsec2026/extension/evidence/f411_pair1_20260901/PAIR1_CORRECTED_SHA256SUMS.csv,tracked,4158,A5C8BF48D7FD0E9CC3A120B890F11CA49FD8DBB6086FD594A321F14C778AC6C9
research/icsec2026/extension/evidence/f411_pair1_20260901/PAIR1_SHA256SUMS.csv,tracked,3609,AC00A0C93083FBB553408B2EE20DC283D9002B67F853D472B28D3067E2145A3F
research/icsec2026/extension/evidence/f411_pair1_20260901/attempt_ledger.json,tracked,937,6DA7C0E54EC2B8F54FC83A26F95F8ADF5A03F139F9A5212A6A8834ECC71D6D48
research/icsec2026/extension/evidence/f411_pair1_20260901/bringup_001_reconstructed_validation.json,tracked,1717,1679FC38A34CC28A6DCA321EDD21FB2A3E5D34F5FD45835EE556C74389257262
research/icsec2026/extension/evidence/f411_pair1_20260901/bringup_validation.json,tracked,2041,E9097FEEEC4B84F5CDEC45418CEDE7AD8204C34B892565E53D1BFB00F9C0D731
research/icsec2026/extension/evidence/f411_pair1_20260901/build/controller_clean_build.log,tracked,12779,F26DE8E26EC946872D9FD4D860CF10DFBA0FD65C57E45089F19366C2CBBDDB4F
research/icsec2026/extension/evidence/f411_pair1_20260901/build/controller_elf_header.log,tracked,993,C13E8FBAC02FA3766DCF3FF30965714BFD908B8DAC42D748F931E1F97756E528
research/icsec2026/extension/evidence/f411_pair1_20260901/build/controller_sections.log,tracked,1962,3F65F34CCAA2FD6D6B9E87824A4AF510C0D9D86095F8B482983B2C3C14545CD3
research/icsec2026/extension/evidence/f411_pair1_20260901/build/payload_clean_build.log,tracked,10450,B8152D1245E8528B68744EA24164A7004164F2E4177488DDFAE344D13C90B811
research/icsec2026/extension/evidence/f411_pair1_20260901/build/payload_elf_header.log,tracked,993,1E364E6DAC756ECDFC6FD9A6064CFA850726DF990B81395FCEE7E2F0E7BECF78
research/icsec2026/extension/evidence/f411_pair1_20260901/build/payload_sections.log,tracked,1733,8CD46972BC0E772355448C9218E3EABD1B6E6847E265DEA5B5EACA7FA454B7A2
research/icsec2026/extension/evidence/f411_pair1_20260901/configuration.json,tracked,948,2880F7351413915C93055373FB3A79608BD514A0A1655EA19BC5DA3D4DAC6789
research/icsec2026/extension/evidence/f411_pair1_20260901/final_disposition.json,tracked,2116,3F31622B27FF45D7800D56C133637D86168B9D6BB347577B95369680AD153BEA
research/icsec2026/extension/evidence/f411_pair1_20260901/final_validation.json,tracked,1078,00742A332214719680C712BE8C095AA56F66172CC4FCD7D972FA3EB41614862A
research/icsec2026/extension/evidence/f411_pair1_20260901/firmware/f411_p1_controller.bin,tracked,19820,F83B425A57CC31D4E81EC8D145CAE77C1AC81957A17A13161267EFDDE7ACB146
research/icsec2026/extension/evidence/f411_pair1_20260901/firmware/f411_p1_controller.elf,tracked,158152,14878B899FBCED958CF507FBF62E10F39A95CBE90A4C33A8C938396305D93452
research/icsec2026/extension/evidence/f411_pair1_20260901/firmware/f411_p1_payload.bin,tracked,8152,52F145488CAD9D3A9711F77DF1DFB9F76DFEAE6660FE9E1FBD5560AA738BFBBB
research/icsec2026/extension/evidence/f411_pair1_20260901/firmware/f411_p1_payload.elf,tracked,143396,0BC0EAAA7830B001CD31F1805C1002275E62FAF8DE6BC8C1AF44ABF5A2005493
research/icsec2026/extension/evidence/f411_pair1_20260901/hardware_assignment.json,tracked,736,735D6A63D513EBD7BA6031987B6F0AE9FD0C6B6BABB284326247076CC392E44C
research/icsec2026/extension/evidence/f411_pair1_20260901/manifest.json,tracked,2061,65C8764ADD092035BCDCD8227533BF374CA2A47EF66348727CEDA081ABF1FEB3
research/icsec2026/extension/evidence/f411_pair1_20260901/raw/bringup/BRINGUP_001/controller.log,tracked,727,0D8E1CB85B4733791D677B98F6D2E23F4CE7E9D8320109983CBC4A6111C18DBC
research/icsec2026/extension/evidence/f411_pair1_20260901/raw/bringup/BRINGUP_001/flash_controller.log,tracked,1335,4DC3CAF17693576CEFF8B72D6329F049801A3423DB1CF82352933B9DAD35CEF1
research/icsec2026/extension/evidence/f411_pair1_20260901/raw/bringup/BRINGUP_001/flash_payload.log,tracked,1335,91D8D9BE844BB6CC78B0637F4ABFDE27722D7A3DFA251000B4F548E5B3AE675D
research/icsec2026/extension/evidence/f411_pair1_20260901/raw/bringup/BRINGUP_001/payload.log,tracked,471,9C7568A22CFDF48900161092E2EBAF0765FD895258EA8EFD4C546532640FA0E3
research/icsec2026/extension/evidence/f411_pair1_20260901/raw/bringup/BRINGUP_001/pre_attempt_abort.json,tracked,556,A3C5A7872B2977B65B559B0940D5345CE7E1D4FD3251CD59C338AFFF06698685
research/icsec2026/extension/evidence/f411_pair1_20260901/raw/bringup/BRINGUP_002/controller.log,tracked,727,26DA2C95E79C57D86D825D6032E4A33B4D902D14714A9A06A65D061B65B782A2
research/icsec2026/extension/evidence/f411_pair1_20260901/raw/bringup/BRINGUP_002/controller_readable.txt,tracked,321,BD4D99D2407A152F9E7B799B007A01F63DA9CAC995B82175C30CF8F3F22F1FB4
research/icsec2026/extension/evidence/f411_pair1_20260901/raw/bringup/BRINGUP_002/flash_controller.log,tracked,1335,E647A9B383EA61142C87E4BBC4C3995E389B0693368B347128461E6AB9AE4D8F
research/icsec2026/extension/evidence/f411_pair1_20260901/raw/bringup/BRINGUP_002/flash_payload.log,tracked,1335,67EB20EA77E49345DD54B112181DC3EEF020834F5FE7D8840E229E17A0512886
research/icsec2026/extension/evidence/f411_pair1_20260901/raw/bringup/BRINGUP_002/payload.log,tracked,471,018F16C838FDADD54601543C097C01864110A6E79E42C1FE24C2458B2EABA2A8
research/icsec2026/extension/evidence/f411_pair1_20260901/raw/bringup/BRINGUP_002/payload_readable.txt,tracked,216,63FBA514609819E87ED70E7FCAE33C5FD0ADDC3D583D29530605240F35FD6BD3
research/icsec2026/extension/evidence/f411_pair1_20260901/semantic_preservation.json,tracked,1634,927343C7F4FD24437C26C7FB25EC606A3893FE361CCA7AD9171C66964053ADA2
research/icsec2026/extension/evidence/f411_pair1_20260901/software_validation.json,tracked,1888,DAAA34D2287F0741CE00FBC85305EAE4036C6C830145566E5867DEE0F2D2296A
research/icsec2026/extension/evidence/f411_pair1_20260901/test/core_native.log,tracked,4935,919466D2AAAEE4A5F943DB2FDECA851790FBEEECC74C4D652014455D39236921
research/icsec2026/extension/evidence/f411_pair1_20260901/test/extension_host.log,tracked,112,F44CD39A5BC04BB82FBBF9FC28ACD6ED1C118F27138E92D48B6B0D1F73807495
research/icsec2026/extension/evidence/f411_pair1_20260901/test/payload_native.log,tracked,1002,047417872444C803B710C2FD9E6BD702C99323DDCA34E8EA09FF98206D40C7AC
research/icsec2026/extension/evidence/f411_pair1_campaign_20260901_seed20260901_b3/.gitattributes,tracked,9,54DA72FFE7B7A9529B193FF0DE762C16C29616BE3C582B4ED940400E6D2A8DED
research/icsec2026/extension/evidence/f411_pair1_campaign_20260901_seed20260901_b3/F411_PAIR1_CAMPAIGN_SHA256SUMS.csv,tracked,10614,797F908BCFC5EB5450302360501016DCB23188996C15194D9CF91C8BE619C2BC
research/icsec2026/extension/evidence/f411_pair1_campaign_20260901_seed20260901_b3/PREACQUISITION_SHA256SUMS.csv,tracked,3288,F82C38B2017204D723F74223051CEEF64D3F354005999C7C7C3A6BCFCED1B2FC
research/icsec2026/extension/evidence/f411_pair1_campaign_20260901_seed20260901_b3/acquisition_protocol.json,tracked,812,28B8FC4FCDD98E324F988C1BFBC4687769AC582D9D5D60F4BF916F292C6A05D5
research/icsec2026/extension/evidence/f411_pair1_campaign_20260901_seed20260901_b3/acquisition_source_state.json,tracked,615,0AE19AEBE2EA276027A080EF34ADF71CCB360E1A6C211212FD97875CCF2EF83A
research/icsec2026/extension/evidence/f411_pair1_campaign_20260901_seed20260901_b3/attempt_ledger.json,tracked,4479,713420D07D91B178777F0774DAA8BDE07CFA63BF3D3E0DF02F57A26914A6DC57
research/icsec2026/extension/evidence/f411_pair1_campaign_20260901_seed20260901_b3/backup_plan.json,tracked,430,4C23F6E9A94484F58050146924292D9CF76DC4EA5F855F59982172F8C91CBE39
research/icsec2026/extension/evidence/f411_pair1_campaign_20260901_seed20260901_b3/build_controller.log,tracked,12129,4A6CE9F1044B0D1E7EDB6797E2277A41737DAD7D9E99029C731981831DB243A7
research/icsec2026/extension/evidence/f411_pair1_campaign_20260901_seed20260901_b3/build_controller_clean.log,tracked,650,4444A9E904C4BE83E7B9A40829DB04111CBF426EA3B7F5EFC387580DB5CE6255
research/icsec2026/extension/evidence/f411_pair1_campaign_20260901_seed20260901_b3/build_exit_codes.json,tracked,99,ACCF297128AC096381F0DDB02778362A7AE3FC61F1BE56884BB3CF354454D163
research/icsec2026/extension/evidence/f411_pair1_campaign_20260901_seed20260901_b3/build_payload.log,tracked,9855,1FED322733556A8968317F51A343776ADBE42FC06989FE55FDE7002ECDAABDA7
research/icsec2026/extension/evidence/f411_pair1_campaign_20260901_seed20260901_b3/build_payload_clean.log,tracked,595,D4F77AC765D21C0CFDA946EAE1F2C0756720D46B044456EB6B47ACEBA7A6EAFC
research/icsec2026/extension/evidence/f411_pair1_campaign_20260901_seed20260901_b3/build_test_validation.json,tracked,1057,D0662A1201942DDC9C6F5F891ADC5D158F56067C49084ACEE92EF2C4E0790D9D
research/icsec2026/extension/evidence/f411_pair1_campaign_20260901_seed20260901_b3/campaign_validation.json,tracked,124073,7E129C0158A7EF515760F4469336FF6799D5F1EB00E3F946AA1975E1C0556FEC
research/icsec2026/extension/evidence/f411_pair1_campaign_20260901_seed20260901_b3/commands.txt,tracked,1335,92CA3FA1BADAC8A74B7E77C530ADBE7682517C9DB5439B41F238267642AD9E21
research/icsec2026/extension/evidence/f411_pair1_campaign_20260901_seed20260901_b3/condition_definitions.json,tracked,361,DA9160BC45519023721F2A84CA7C2284321CC082CE51EA04DB08E59D57AF25C9
research/icsec2026/extension/evidence/f411_pair1_campaign_20260901_seed20260901_b3/controller_elf_header.txt,tracked,993,CBA9B046BE613EDBA13D7C4D4DDC7C6F297F8A7E7B282783B0799FE5604C97C6
research/icsec2026/extension/evidence/f411_pair1_campaign_20260901_seed20260901_b3/controller_sections_map.txt,tracked,1923,3EA830CEA137F755C20455E3CE3F2D0E945C9537E48BD21598D75373F8055F88
research/icsec2026/extension/evidence/f411_pair1_campaign_20260901_seed20260901_b3/controller_symbol_map.txt,tracked,13550,529D806DCA2A3D67DA8A934520BED83D461C98B7F5A89195904174FDBD528E47
research/icsec2026/extension/evidence/f411_pair1_campaign_20260901_seed20260901_b3/counter_delta_summary.json,tracked,1721,F9AC32FCA8D231243B8C8C9E51E0E4E5C9CA8315A30333476E0A703468B8AE71
research/icsec2026/extension/evidence/f411_pair1_campaign_20260901_seed20260901_b3/descriptive_condition_summary.json,tracked,2429,788847F6146624B30968111FF8D3BBCCD479B7C3C6BE881706BBC7E6EF795112
research/icsec2026/extension/evidence/f411_pair1_campaign_20260901_seed20260901_b3/execution_record.json,tracked,577,D458BA196C38235E38B649A27CAEE6758FAD82E2FBFB9381256335B79240FA5C
research/icsec2026/extension/evidence/f411_pair1_campaign_20260901_seed20260901_b3/final_attempt_ledger.json,tracked,4479,713420D07D91B178777F0774DAA8BDE07CFA63BF3D3E0DF02F57A26914A6DC57
research/icsec2026/extension/evidence/f411_pair1_campaign_20260901_seed20260901_b3/final_disposition.json,tracked,398,103E5B2C03CEBA4A6CEAC4A1C93742FC6D1968AE94CC859763A91D04EDDFC3EC
research/icsec2026/extension/evidence/f411_pair1_campaign_20260901_seed20260901_b3/final_validation.json,tracked,1329,96D96941861C157E544EE32A0BDB478DFFE1F55BCC5543AB07800510F652179B
research/icsec2026/extension/evidence/f411_pair1_campaign_20260901_seed20260901_b3/firmware/f411_p1_fixed_controller.bin,tracked,19832,8686113C4A83E1600EBE66FB3B3F8795853011B4B0E69D91F9E68EBB3FD8FE68
research/icsec2026/extension/evidence/f411_pair1_campaign_20260901_seed20260901_b3/firmware/f411_p1_fixed_controller.elf,tracked,158152,9AA52D103E977A8B18968A0B7F3D69E74361AC5E5FFDFA6B3CBC49A3AD722D78
research/icsec2026/extension/evidence/f411_pair1_campaign_20260901_seed20260901_b3/firmware/f411_p1_payload.bin,tracked,8152,52F145488CAD9D3A9711F77DF1DFB9F76DFEAE6660FE9E1FBD5560AA738BFBBB
research/icsec2026/extension/evidence/f411_pair1_campaign_20260901_seed20260901_b3/firmware/f411_p1_payload.elf,tracked,143396,0BC0EAAA7830B001CD31F1805C1002275E62FAF8DE6BC8C1AF44ABF5A2005493
research/icsec2026/extension/evidence/f411_pair1_campaign_20260901_seed20260901_b3/hardware_enumeration.json,tracked,627,27EE87256B242E37A8F0EAC284728FFCC8AA376AFA5963C9C480274187CD6576
research/icsec2026/extension/evidence/f411_pair1_campaign_20260901_seed20260901_b3/human_wiring_time_confirmation.json,tracked,689,FD9D8F1FAFAF2EA6F450160945175629968C0E3FA5563B5A8AAD22594464166D
research/icsec2026/extension/evidence/f411_pair1_campaign_20260901_seed20260901_b3/independent_validation.json,tracked,648,9D4D6F4AF887F8AE3668FEC00EDD606000BA95C6CF6F806DAA1DD8CD376DD210
research/icsec2026/extension/evidence/f411_pair1_campaign_20260901_seed20260901_b3/locked_attempt_ledger.json,tracked,2991,73BDB7CDBCCFCF24B9DD4B2521513407E3E576119E4D7637CFA1F32E9DC65076
research/icsec2026/extension/evidence/f411_pair1_campaign_20260901_seed20260901_b3/locked_manifest.json,tracked,3387,768B7DC702384B19464AAC1AB374716AF18E8EE26733B713814676AF4ED80FC1
research/icsec2026/extension/evidence/f411_pair1_campaign_20260901_seed20260901_b3/payload_elf_header.txt,tracked,993,1E364E6DAC756ECDFC6FD9A6064CFA850726DF990B81395FCEE7E2F0E7BECF78
research/icsec2026/extension/evidence/f411_pair1_campaign_20260901_seed20260901_b3/payload_sections_map.txt,tracked,1694,D48022E03AFA2E5B8BAB29205EC8F423408B9AB796275AB2EBED35FE0DE8A1FF
research/icsec2026/extension/evidence/f411_pair1_campaign_20260901_seed20260901_b3/payload_symbol_map.txt,tracked,6460,9D584D85F3384CC9C56DEE3CDA5569166224CD5283BD6EEA92D13A45AC9F981A
research/icsec2026/extension/evidence/f411_pair1_campaign_20260901_seed20260901_b3/port_close_status.json,tracked,126,4B3827FC4E3D597F428F0CBFD7C51E10F73CC63F7E7486BE8BE3C1DC9B333D58
research/icsec2026/extension/evidence/f411_pair1_campaign_20260901_seed20260901_b3/postacquisition_crosscheck.json,tracked,789,0446D908E36E152EC24725A41AD666462ADFCB02802F4AACDCABDEF186F07F85
research/icsec2026/extension/evidence/f411_pair1_campaign_20260901_seed20260901_b3/preacquisition_inventory_reconciliation.json,tracked,1264,1E7942C5134A86B14258515DCD464E1196EF867FB68F27A1226E76D177E2504E
research/icsec2026/extension/evidence/f411_pair1_campaign_20260901_seed20260901_b3/preacquisition_source_state.json,tracked,611,D4EF5710A409F6EDDD226F31C4181102B7E96D30B84B761F8606CC5168D8A13C
research/icsec2026/extension/evidence/f411_pair1_campaign_20260901_seed20260901_b3/preacquisition_validation.json,tracked,895,88446D1EA1A782EC4DC6D5E75088007384584B4471DFB43D9079324FA90A2D3F
research/icsec2026/extension/evidence/f411_pair1_campaign_20260901_seed20260901_b3/precheck_validation.json,tracked,5427,14474A0BD8778257FB9C644A61ADA6B8EC168AED4005DE67F4F444CD3A00F91A
research/icsec2026/extension/evidence/f411_pair1_campaign_20260901_seed20260901_b3/prior_inventory_validation.json,tracked,1269,67270C7E49CD477B2349FBAE6A8DD4E1FC5B7D0F84C2BDC61525CD936678E84A
research/icsec2026/extension/evidence/f411_pair1_campaign_20260901_seed20260901_b3/process_and_final_state.json,tracked,599,03C371E2378C2DCA2EA0A3EB3839B45070E3E81E10E12F80D14D64B652C976B4
research/icsec2026/extension/evidence/f411_pair1_campaign_20260901_seed20260901_b3/raw/master/controller.log,tracked,115021,89043F6A79A6BAE277641C5FC7C941F04AF9BC4D75193684BB514922D2C0C2DE
research/icsec2026/extension/evidence/f411_pair1_campaign_20260901_seed20260901_b3/raw/master/controller_readable.txt,tracked,54619,CFF1251C6DBCB4BF232F08DFBB9CB51FD02143EF74273DAD47EE8B41C5678036
research/icsec2026/extension/evidence/f411_pair1_campaign_20260901_seed20260901_b3/raw/master/flash_controller.log,tracked,1335,DC702BCECB6430F69FE4A6AF6BD1390E86B38B0D1639364772F06890B96980DB
research/icsec2026/extension/evidence/f411_pair1_campaign_20260901_seed20260901_b3/raw/master/flash_payload.log,tracked,1335,2AB32F0A2F969A52A1C180BA165BAAADB8813740E04E77E2206C072B5C9F7832
research/icsec2026/extension/evidence/f411_pair1_campaign_20260901_seed20260901_b3/raw/master/payload.log,tracked,4338,014BD162E556AA9514D69996FBC3F8B5FDEF4B04BACA9BB0EDF6DE59A9F5AA19
research/icsec2026/extension/evidence/f411_pair1_campaign_20260901_seed20260901_b3/raw/master/payload_readable.txt,tracked,2334,785118651FD883E8590B44B77A1A87F9ABFD17043DDFE1158B808473F70D09BD
research/icsec2026/extension/evidence/f411_pair1_campaign_20260901_seed20260901_b3/raw/rows/F411P1_C01_B1_NC/controller_readable.txt,tracked,3266,5494123783BA7932646F9F4AE18073D8F7EB977630CA4D428FB982A5E18ACBD6
research/icsec2026/extension/evidence/f411_pair1_campaign_20260901_seed20260901_b3/raw/rows/F411P1_C01_B1_NC/payload_readable.txt,tracked,110,45D1A0B0F3D5845F705DE75307E20AEC39C9DE93263ED5A4C083F9318E723B1E
research/icsec2026/extension/evidence/f411_pair1_campaign_20260901_seed20260901_b3/raw/rows/F411P1_C01_B1_NC/validation.json,tracked,9219,A47FF2E8989D839DB8F7ACB4FD4972AB55DD821E365A3EF9776195BFB407BE96
research/icsec2026/extension/evidence/f411_pair1_campaign_20260901_seed20260901_b3/raw/rows/F411P1_C02_B1_D110/controller_readable.txt,tracked,3212,623067043A59BA667D123BF74AF2AA2D1E6B587B70096764E8E577B2595B49CD
research/icsec2026/extension/evidence/f411_pair1_campaign_20260901_seed20260901_b3/raw/rows/F411P1_C02_B1_D110/payload_readable.txt,tracked,179,418FD42C2DA9A7E128FBF7E8B27BDE7AE27A93CC504F7910046D18B8D8A735E9
research/icsec2026/extension/evidence/f411_pair1_campaign_20260901_seed20260901_b3/raw/rows/F411P1_C02_B1_D110/validation.json,tracked,8595,0D5731F961727D254EB8DF735B8718A6AE21935FFC90186831F260ECE038D093
research/icsec2026/extension/evidence/f411_pair1_campaign_20260901_seed20260901_b3/raw/rows/F411P1_C03_B1_D090/controller_readable.txt,tracked,3408,BDB123850BB6A26A0C3876706E4777DDF8D68E06DEEF9A822A05AB32FF033A68
research/icsec2026/extension/evidence/f411_pair1_campaign_20260901_seed20260901_b3/raw/rows/F411P1_C03_B1_D090/payload_readable.txt,tracked,178,663B8E3E277DA009CC965329C66DECC4CCB0C0DCCBC8C0F91609AD218F73EC43
research/icsec2026/extension/evidence/f411_pair1_campaign_20260901_seed20260901_b3/raw/rows/F411P1_C03_B1_D090/validation.json,tracked,9394,9DC94C2D26BD60CF5F67ED5A07E6E1BAE8A71369B11009319618EE3A64F85EC4
research/icsec2026/extension/evidence/f411_pair1_campaign_20260901_seed20260901_b3/raw/rows/F411P1_C04_B1_D100/controller_readable.txt,tracked,3216,1A578B49362C6E30A749D98ADE7CC19ABB74FF718CEB5436EDE63E08020C07A1
research/icsec2026/extension/evidence/f411_pair1_campaign_20260901_seed20260901_b3/raw/rows/F411P1_C04_B1_D100/payload_readable.txt,tracked,179,C49A5ADE153C40B1F803025E014B3373197F2ADEA63E172B9ECA3E74C75FD1A8
research/icsec2026/extension/evidence/f411_pair1_campaign_20260901_seed20260901_b3/raw/rows/F411P1_C04_B1_D100/validation.json,tracked,8443,BDA0472D1890C8E7AE6323BD1A483ADC2D89D9856A0A061F95E2DD723465D18E
research/icsec2026/extension/evidence/f411_pair1_campaign_20260901_seed20260901_b3/raw/rows/F411P1_C05_B2_D090/controller_readable.txt,tracked,3416,9D47840ECADD966A2A2CB9E4ECAA930E13248E98B828569A50D5B244CAF030B6
research/icsec2026/extension/evidence/f411_pair1_campaign_20260901_seed20260901_b3/raw/rows/F411P1_C05_B2_D090/payload_readable.txt,tracked,178,3CE5838E84DB85B4887A8AEEF5EC27035464E7B1ABF8084A2701A0772C8488C9
research/icsec2026/extension/evidence/f411_pair1_campaign_20260901_seed20260901_b3/raw/rows/F411P1_C05_B2_D090/validation.json,tracked,9400,5C28BE73DFFAFB0EF26E66652961698969E7BE6D19DD8AC17C9B228995C55D1A
research/icsec2026/extension/evidence/f411_pair1_campaign_20260901_seed20260901_b3/raw/rows/F411P1_C06_B2_NC/controller_readable.txt,tracked,3416,EE50CA811E42E147D158BD4AEE5420A7F46EF50C566DBD4CE2ED873DC2CC35A9
research/icsec2026/extension/evidence/f411_pair1_campaign_20260901_seed20260901_b3/raw/rows/F411P1_C06_B2_NC/payload_readable.txt,tracked,110,54DADB7F0116F9283D7E7AAF95061FC5856F18423808EEE5E7257E1F2F8F56BF
research/icsec2026/extension/evidence/f411_pair1_campaign_20260901_seed20260901_b3/raw/rows/F411P1_C06_B2_NC/validation.json,tracked,9400,89DC8E57986CD6FDEAA6A5BA250698FADD4F74AF746F2300C7BA209AEA564573
research/icsec2026/extension/evidence/f411_pair1_campaign_20260901_seed20260901_b3/raw/rows/F411P1_C07_B2_D100/controller_readable.txt,tracked,3220,2E7D734CC3CF6FF58A92806C908270B53448056EB8B3D21DBB7D92AC5D7FDDE1
research/icsec2026/extension/evidence/f411_pair1_campaign_20260901_seed20260901_b3/raw/rows/F411P1_C07_B2_D100/payload_readable.txt,tracked,179,BA6DD773ADF8BF0D46BBDFA86086A44A0E2D965B34FA79E2FCAAAC9D5F4A4E2C
research/icsec2026/extension/evidence/f411_pair1_campaign_20260901_seed20260901_b3/raw/rows/F411P1_C07_B2_D100/validation.json,tracked,8617,A88C502D4C0920C62D577EA0B63C8F3DF54E78208307454C2D8522EDCC3F57EA
research/icsec2026/extension/evidence/f411_pair1_campaign_20260901_seed20260901_b3/raw/rows/F411P1_C08_B2_D110/controller_readable.txt,tracked,3220,3CDDEB4F19F00A3A60C31D7397A3EBA2CD5722E8D2F9FD63722A9BB598222C62
research/icsec2026/extension/evidence/f411_pair1_campaign_20260901_seed20260901_b3/raw/rows/F411P1_C08_B2_D110/payload_readable.txt,tracked,179,C0B1C4061AEE04B5EE6F8C761726736FD88CDEB3BDB07D390071AD961C51A07D
research/icsec2026/extension/evidence/f411_pair1_campaign_20260901_seed20260901_b3/raw/rows/F411P1_C08_B2_D110/validation.json,tracked,8435,D617ABCAD6BDABB1901A6EB82FBA1CAD102B685BEF4142332F2F83623FE744E9
research/icsec2026/extension/evidence/f411_pair1_campaign_20260901_seed20260901_b3/raw/rows/F411P1_C09_B3_D100/controller_readable.txt,tracked,3220,2366730DE13E6E669F3E2EC4742CCE761D9B1E3B9F2B3C3C787A0BE3D161240D
research/icsec2026/extension/evidence/f411_pair1_campaign_20260901_seed20260901_b3/raw/rows/F411P1_C09_B3_D100/payload_readable.txt,tracked,179,FF2A0F1768F8B006D403FEC3EEE9570A6065312C29C1D5556627FC120F836D5B
research/icsec2026/extension/evidence/f411_pair1_campaign_20260901_seed20260901_b3/raw/rows/F411P1_C09_B3_D100/validation.json,tracked,8612,957486FDE9C898FAAA39848C65862F5A0E3B062A527911B81E76C465B0FD73AB
research/icsec2026/extension/evidence/f411_pair1_campaign_20260901_seed20260901_b3/raw/rows/F411P1_C10_B3_D110/controller_readable.txt,tracked,3220,73517261B10D4BEA1217D5663EABA9708588F449B76B3CC8BD748178EB816508
research/icsec2026/extension/evidence/f411_pair1_campaign_20260901_seed20260901_b3/raw/rows/F411P1_C10_B3_D110/payload_readable.txt,tracked,179,1B48A94FF85A28806FE88A485479E6A4ABBA944A34BBDB8623793C51636F3D1B
research/icsec2026/extension/evidence/f411_pair1_campaign_20260901_seed20260901_b3/raw/rows/F411P1_C10_B3_D110/validation.json,tracked,8612,7653C8EB7DEF8C52655AFF3AD6D1D5000BFB1BA4DD2D41FFBFDB38A120F5CF7E
research/icsec2026/extension/evidence/f411_pair1_campaign_20260901_seed20260901_b3/raw/rows/F411P1_C11_B3_NC/controller_readable.txt,tracked,3416,2EDFFF6DE0BB668ACA228838A4604BACF14E616AD1E083582B492B5A16C9940E
research/icsec2026/extension/evidence/f411_pair1_campaign_20260901_seed20260901_b3/raw/rows/F411P1_C11_B3_NC/payload_readable.txt,tracked,110,E05D4D2C0C0DEF0D0C3E1571B91147B35C85E6416DAD95A2F3A1075EFC3A3F86
research/icsec2026/extension/evidence/f411_pair1_campaign_20260901_seed20260901_b3/raw/rows/F411P1_C11_B3_NC/validation.json,tracked,9400,0D687C70696DB29D16B751A42505FAE05DF30DB5A38DD34ACCE746D83320DD89
research/icsec2026/extension/evidence/f411_pair1_campaign_20260901_seed20260901_b3/raw/rows/F411P1_C12_B3_D090/controller_readable.txt,tracked,3416,DDBBA7C3A2261DF49984766B9D9AF914258325C55E5B9E2EC1723CFA7D9EB689
research/icsec2026/extension/evidence/f411_pair1_campaign_20260901_seed20260901_b3/raw/rows/F411P1_C12_B3_D090/payload_readable.txt,tracked,178,C2A3D78651BFFF49692FD9D5C5519D9C6B1DC83833CB12B51E67C861E0372F4F
research/icsec2026/extension/evidence/f411_pair1_campaign_20260901_seed20260901_b3/raw/rows/F411P1_C12_B3_D090/validation.json,tracked,9064,8B60D6AFDE1D10D80405392CBA5075C42471DF3BD4FD3B90173AAE83ACA49A7F
research/icsec2026/extension/evidence/f411_pair1_campaign_20260901_seed20260901_b3/row_boundary_ledger.jsonl,tracked,8164,A43547A93AA5C9889E29224FE8341853F086036ACE76ECADD11188D1F6473BDB
research/icsec2026/extension/evidence/f411_pair1_campaign_20260901_seed20260901_b3/run_plan.csv,tracked,399,88EDD7D47C40354D1C9DF8B0F7EC9A083198B4A6E5CBF4D453E947AD9B88BF45
research/icsec2026/extension/evidence/f411_pair1_campaign_20260901_seed20260901_b3/semantic_source_validation.json,tracked,901,125BE5E3BEDA7D00A2D61019FD9528E020CEBD759838E9323BE60D9E34A9A292
research/icsec2026/extension/evidence/f411_pair1_campaign_20260901_seed20260901_b3/test_core_native.log,tracked,4935,6B3F544CCEF12AD5EB9DA0E270853385A37D95107B5BAE48AFF557531548A38C
research/icsec2026/extension/evidence/f411_pair1_campaign_20260901_seed20260901_b3/test_exit_codes.json,tracked,50,1E30B411C3AE51A8E58986FA302FF6BE66127D1BBC29E73A8B9ABF89C761B9CC
research/icsec2026/extension/evidence/f411_pair1_campaign_20260901_seed20260901_b3/test_extension_host.log,tracked,120,FA44C50F1B64CDE46222E9BAD72BA13AD1E3321383BF418370141C8A31414C80
research/icsec2026/extension/evidence/f411_pair1_campaign_20260901_seed20260901_b3/test_payload_native.log,tracked,1002,62EA4F73C3D1D1122EFD1AC24210CD7C6E695095E9B0EE498CAA4A95C856E944
research/icsec2026/extension/evidence/f411_pair1_campaign_20260901_seed20260901_b3/unexpected_and_boundary_artifacts.json,tracked,2378,5B182DE9A320EB35680AD2540682F30069623DD9FE80854D1ABCADDF7363DECF
research/icsec2026/extension/evidence/f411_pair1_campaign_20260901_seed20260901_b3/validity_rules.json,tracked,521,2BED85AB810D3FC8278FE130D67DA26C3F726A9301D42696018F8DBA3D730E0C
research/icsec2026/extension/evidence/f411_pair1_scientific_pilot_20260901/.gitattributes,tracked,19,020BEFB2F472CC9304277628DA283A958D083C03C0A1C136729A8FC4048E1D0D
research/icsec2026/extension/evidence/f411_pair1_scientific_pilot_20260901/PREACQUISITION_SHA256SUMS.csv,tracked,2899,0123BCDA3590BF6151A12DF6A0BD1A71FC80F383EB838D44BD38D6B89EBC217D
research/icsec2026/extension/evidence/f411_pair1_scientific_pilot_20260901/SCIENTIFIC_PILOT_SHA256SUMS.csv,tracked,5140,B8B2DB1679A21747B80DB9209E7249C755C30CF8C62464E425906951E24295D1
research/icsec2026/extension/evidence/f411_pair1_scientific_pilot_20260901/acquisition_source_state.json,tracked,416,3B2F88E5093DD4EC3CAE80630308A213D2C7E5B4D6069D67976FFA3187CA7065
research/icsec2026/extension/evidence/f411_pair1_scientific_pilot_20260901/attempt_ledger.json,tracked,650,BB10D00F729DD2A159D9808A469E0794A6681152FFC6F439C2AA679F14B20EB1
research/icsec2026/extension/evidence/f411_pair1_scientific_pilot_20260901/build_controller.log,tracked,12129,0038A963103EB55FED4E2287985812FC93CFF61B3CE0D2EF2C6F6D901732DB98
research/icsec2026/extension/evidence/f411_pair1_scientific_pilot_20260901/build_controller_clean.log,tracked,650,EDEF0DAB497B898A03C17ECFC425ADBA4D8E02056F5F5D9931DE7B66C310EEE2
research/icsec2026/extension/evidence/f411_pair1_scientific_pilot_20260901/build_payload.log,tracked,9855,D8BD58A916C5A3F58720C62F289CEB4596AD63E0B3720D680D725EEDB9DF6785
research/icsec2026/extension/evidence/f411_pair1_scientific_pilot_20260901/build_payload_clean.log,tracked,595,8519D90C767D0CCED4DEADB5EB945223FA2A596182ED880482AFEFB8255CED6F
research/icsec2026/extension/evidence/f411_pair1_scientific_pilot_20260901/build_test_validation.json,tracked,1388,7A33D1E856348C99BD21466E8DE743AEF0CD0E11078521F5582D1E57516B9FE5
research/icsec2026/extension/evidence/f411_pair1_scientific_pilot_20260901/commands.txt,tracked,1639,33FD1FEF15D324023CB726D43363F77E8513AD15B8198DEEB52F171E87F64B1E
research/icsec2026/extension/evidence/f411_pair1_scientific_pilot_20260901/controller_elf_header.txt,tracked,993,CBA9B046BE613EDBA13D7C4D4DDC7C6F297F8A7E7B282783B0799FE5604C97C6
research/icsec2026/extension/evidence/f411_pair1_scientific_pilot_20260901/controller_sections_map.txt,tracked,1974,9311775FFF27228F715CEAD4542FB7EA1F54C2DB42BFE85708DB9199A24FDABF
research/icsec2026/extension/evidence/f411_pair1_scientific_pilot_20260901/controller_symbol_map.txt,tracked,16691,6989139C6BC770FBE0F60B5454FA4A3B53069F4B3BF1D6DE407B8DF740B4A02C
research/icsec2026/extension/evidence/f411_pair1_scientific_pilot_20260901/development_test_history.json,tracked,620,221B901D51DC9D669F6E1412A96A0905898D5D00C3D4BED8D50625F8BD8CB550
research/icsec2026/extension/evidence/f411_pair1_scientific_pilot_20260901/deviations_and_boundary_artifacts.json,tracked,1734,2171267ECCF1F659EB8179CD52B1F46E4CA2EBA490BA1E766F1CED10C0C09A6B
research/icsec2026/extension/evidence/f411_pair1_scientific_pilot_20260901/final_attempt_ledger.json,tracked,947,300156BE801BC98C709A1E1E8D0A723FAB14F2351E984F5C8DFF395B1CF4EFB7
research/icsec2026/extension/evidence/f411_pair1_scientific_pilot_20260901/final_disposition.json,tracked,1063,74987832D53729C8CBE1E5D0C6249A2FE25E8D03B45178B3B12C53736CACA7B5
research/icsec2026/extension/evidence/f411_pair1_scientific_pilot_20260901/final_validation.json,tracked,1611,825D6E6EE5663CC1D6DA9523713BBFC3323EC35E63B734C53839C25301083EA0
research/icsec2026/extension/evidence/f411_pair1_scientific_pilot_20260901/firmware/f411_p1_fixed_controller.bin,tracked,19832,8686113C4A83E1600EBE66FB3B3F8795853011B4B0E69D91F9E68EBB3FD8FE68
research/icsec2026/extension/evidence/f411_pair1_scientific_pilot_20260901/firmware/f411_p1_fixed_controller.elf,tracked,158152,9AA52D103E977A8B18968A0B7F3D69E74361AC5E5FFDFA6B3CBC49A3AD722D78
research/icsec2026/extension/evidence/f411_pair1_scientific_pilot_20260901/firmware/f411_p1_payload.bin,tracked,8152,52F145488CAD9D3A9711F77DF1DFB9F76DFEAE6660FE9E1FBD5560AA738BFBBB
research/icsec2026/extension/evidence/f411_pair1_scientific_pilot_20260901/firmware/f411_p1_payload.elf,tracked,143396,0BC0EAAA7830B001CD31F1805C1002275E62FAF8DE6BC8C1AF44ABF5A2005493
research/icsec2026/extension/evidence/f411_pair1_scientific_pilot_20260901/hardware_enumeration.json,tracked,634,FB6EC8ECA74B2C4602428CFF6D5F10282BB37678C2152559F2D9CB8C438AB755
research/icsec2026/extension/evidence/f411_pair1_scientific_pilot_20260901/human_wiring_confirmation.json,tracked,1028,1A2EE60F3335AAB49AA80573C11472CDA5390FC00D2E2B74F69BCFB1532D0FDC
research/icsec2026/extension/evidence/f411_pair1_scientific_pilot_20260901/independent_raw_validation.json,tracked,965,40F51D64A7151A65DFFCA489C2433EBAB539A3AC7E0C678C08AB286AC22B72EA
research/icsec2026/extension/evidence/f411_pair1_scientific_pilot_20260901/inventory_file_hash_validation.json,tracked,981,58FFBFCAA50C8EB35C339DF1AF44F1592195B0892D1BFAE10021A848F5A27358
research/icsec2026/extension/evidence/f411_pair1_scientific_pilot_20260901/locked_manifest.json,tracked,2143,59CA18BCBEB2357393B22CFA489DDB80B34024F7CF947FBE0A9639500C91C839
research/icsec2026/extension/evidence/f411_pair1_scientific_pilot_20260901/payload_elf_header.txt,tracked,993,1E364E6DAC756ECDFC6FD9A6064CFA850726DF990B81395FCEE7E2F0E7BECF78
research/icsec2026/extension/evidence/f411_pair1_scientific_pilot_20260901/payload_sections_map.txt,tracked,1739,CD54F7B8EBDA6E4F90F5F931DA51CC0EABD3E351AAA66C6D308CCBEE45EBEB26
research/icsec2026/extension/evidence/f411_pair1_scientific_pilot_20260901/payload_symbol_map.txt,tracked,7909,83AA747FE38EE8113A68ED1A081356E6307B6AC29D46557D5696C4BCD4952F8C
research/icsec2026/extension/evidence/f411_pair1_scientific_pilot_20260901/pilot_validation.json,tracked,4426,A2DFCF4533AE93A6D034587EEC6A09DB3C0C3D972DBC7627C2CAB8BC69A898B2
research/icsec2026/extension/evidence/f411_pair1_scientific_pilot_20260901/port_close_status.json,tracked,126,34781EC2BF848F90DCB623C8CBA372BB426A4C60CF053726C99DAB54BD818116
research/icsec2026/extension/evidence/f411_pair1_scientific_pilot_20260901/preacquisition_validation.json,tracked,677,F9A3E337D8DD52B5E7FC5BE0DDF373B0109EAE4D11CFBB1E37B85EBB27C3AFA0
research/icsec2026/extension/evidence/f411_pair1_scientific_pilot_20260901/precondition_boundary_correction.json,tracked,1291,D2147E6ACB9CCD8BF9C7E514DD5E94F51153DCF82DBA106D134F08BC4982987E
research/icsec2026/extension/evidence/f411_pair1_scientific_pilot_20260901/precondition_validation.json,tracked,8786,3357641D56B8FB6E389680FB9EA612CEECB3A846F9E07C8DBFBA88A76F185D07
research/icsec2026/extension/evidence/f411_pair1_scientific_pilot_20260901/process_and_final_state.json,tracked,583,DEEDE015DE4B295296BC16D5CD413C83200B5891A70DD1531899830F85C7DD04
research/icsec2026/extension/evidence/f411_pair1_scientific_pilot_20260901/protocol_condition.json,tracked,664,B795514E5DB77E5B7AA9629C323CB5B49E5FEB3FC6D05425C9AA4B71C54DB7C7
research/icsec2026/extension/evidence/f411_pair1_scientific_pilot_20260901/raw/F411_P1_SCI_PILOT_001_D110/controller.log,tracked,32955,5FF6E11E35F7310664EC42C42F68A88A4E1A604E66F8603DBE312F1BA91D4177
research/icsec2026/extension/evidence/f411_pair1_scientific_pilot_20260901/raw/F411_P1_SCI_PILOT_001_D110/controller_readable.txt,tracked,15695,909499FF8BEB3E12057698A5F1FB519E4F1E0C17F6EB2B4077643822813556AD
research/icsec2026/extension/evidence/f411_pair1_scientific_pilot_20260901/raw/F411_P1_SCI_PILOT_001_D110/flash_controller.log,tracked,1335,454429A3D9FF08DD36DBEFA4F16AB356DCAA84151A9B841E90BE0BE821E8B4CC
research/icsec2026/extension/evidence/f411_pair1_scientific_pilot_20260901/raw/F411_P1_SCI_PILOT_001_D110/flash_payload.log,tracked,1335,A5F5798EB99CEE4C836D6AA55257CAB30D6538B08DB80BE41DA8F52A3D22C0A6
research/icsec2026/extension/evidence/f411_pair1_scientific_pilot_20260901/raw/F411_P1_SCI_PILOT_001_D110/payload.log,tracked,831,41DE337260C27D7E44C29FFA6076D06BDBFF38E163852CB75B40C522E135971C
research/icsec2026/extension/evidence/f411_pair1_scientific_pilot_20260901/raw/F411_P1_SCI_PILOT_001_D110/payload_readable.txt,tracked,425,AC85F1817FAEF12068DE7603BADC6695C3710A032F8F2A29D1D617E27BFD6F30
research/icsec2026/extension/evidence/f411_pair1_scientific_pilot_20260901/semantic_source_validation.json,tracked,759,D28D75372500D56AE11C4B8458BEC2F22CCDA46C4CC856E8FE94C8F8DB915E49
research/icsec2026/extension/evidence/f411_pair1_scientific_pilot_20260901/test_core_native.log,tracked,4935,24391AB4D8CC657A339C016FAEFB457EEA88B4C7A881D5B50B56F9702DED7D38
research/icsec2026/extension/evidence/f411_pair1_scientific_pilot_20260901/test_extension_host.log,tracked,112,34A05961F194E7ABCAEB97AED39F1AA343028F974BBE2B04BE6F687D8407995E
research/icsec2026/extension/evidence/f411_pair1_scientific_pilot_20260901/test_payload_native.log,tracked,1002,1176C3FB6330D8175CDE1A11C67C4ABFA86E0DF62AA1E17665E038DC8D1138BF
research/icsec2026/extension/evidence/f411_pair1_scientific_pilot_20260901/test_scientific_harness.log,tracked,106,8EE4669655AAED29BBC70E28A8EF25F73D1EBE2B002448E637699B5A2CBCAA41
research/icsec2026/extension/evidence/f411_pair2_campaign_20260901_seed20260901_b3/.gitattributes,tracked,8,705FD4D6451A31D36B3DF7DE96F83F30AC976C9B4A6D1E51671D8E2F33E2D0DA
research/icsec2026/extension/evidence/f411_pair2_campaign_20260901_seed20260901_b3/F411_PAIR2_CAMPAIGN_SHA256SUMS.csv,tracked,9214,481F56C98647D037CFAA5698BDEF61C0D918D42954A646E36C7479EA8203588E
research/icsec2026/extension/evidence/f411_pair2_campaign_20260901_seed20260901_b3/PREACQUISITION_SHA256SUMS.csv,tracked,2300,DE4894ED6056B23E1A7E9A191931B754F3098D9D1B82DFD8456D7650B4A1E9BA
research/icsec2026/extension/evidence/f411_pair2_campaign_20260901_seed20260901_b3/acquisition_protocol.json,tracked,738,278767A5F74B397D45E701271A6FF65DF54F2377716CCD5BA32449A184A99D04
research/icsec2026/extension/evidence/f411_pair2_campaign_20260901_seed20260901_b3/acquisition_source_state.json,tracked,701,9C5C438A47EC3BEF59E266200C070F039AA115B6F73294E7D24D483082ACCC3C
research/icsec2026/extension/evidence/f411_pair2_campaign_20260901_seed20260901_b3/attempt_ledger.json,tracked,4479,E01CCEAA06304AFEA882CEE066387AD6FFFDF0B25137DA69EE9A4C12A91D2785
research/icsec2026/extension/evidence/f411_pair2_campaign_20260901_seed20260901_b3/backup_plan.json,tracked,445,A78C0A411A627954E7AEA5FCA8172015283218E545F975841FB9FD742B98E82B
research/icsec2026/extension/evidence/f411_pair2_campaign_20260901_seed20260901_b3/build_test_validation.json,tracked,1209,13B09BF78A366BB3C88BBAEF48906145E59D357F69235991D952E7000E052533
research/icsec2026/extension/evidence/f411_pair2_campaign_20260901_seed20260901_b3/campaign_validation.json,tracked,123711,D9398874997DD658494C2C1F7E1D8A3289E8EEB67B4EAB2E23E3E99C83AE8090
research/icsec2026/extension/evidence/f411_pair2_campaign_20260901_seed20260901_b3/commands.txt,tracked,1535,22AC361FE7D9E3C312E0485ACE66351BF4BFB39CCCC776BC1A956F68006B598A
research/icsec2026/extension/evidence/f411_pair2_campaign_20260901_seed20260901_b3/condition_definitions.json,tracked,361,DA9160BC45519023721F2A84CA7C2284321CC082CE51EA04DB08E59D57AF25C9
research/icsec2026/extension/evidence/f411_pair2_campaign_20260901_seed20260901_b3/configuration_only_equivalence.json,tracked,1926,8486A2D69EDB9A669EFF33A7CC9A37D72146D7275157614D051F4B09ED51F503
research/icsec2026/extension/evidence/f411_pair2_campaign_20260901_seed20260901_b3/counter_delta_summary.json,tracked,1514,01B974C719C7DEB4123C41733495F8EE5D60659C4EDE4B15BC4F64F697D3FFB6
research/icsec2026/extension/evidence/f411_pair2_campaign_20260901_seed20260901_b3/descriptive_condition_summary.json,tracked,2429,7724BA50B6341E5676C0736C19F41B7A07B0E80AA8D71A45DF765546A854D9C4
research/icsec2026/extension/evidence/f411_pair2_campaign_20260901_seed20260901_b3/execution_record.json,tracked,677,672D1885052FCDB4044EE4B9067913D00BC2B4B145AC7A30F4CC9F689C511967
research/icsec2026/extension/evidence/f411_pair2_campaign_20260901_seed20260901_b3/final_attempt_ledger.json,tracked,4479,E01CCEAA06304AFEA882CEE066387AD6FFFDF0B25137DA69EE9A4C12A91D2785
research/icsec2026/extension/evidence/f411_pair2_campaign_20260901_seed20260901_b3/final_disposition.json,tracked,398,6D26DE55D2B2D30E0C780D90053FF6CA93B628BE705D1076173CA6A7A3E6D815
research/icsec2026/extension/evidence/f411_pair2_campaign_20260901_seed20260901_b3/final_validation.json,tracked,1040,7C0AEBD26A45B22FCEB9BFE92470EEC48FCDD8D3DA5715D9C8B1AC84CF4831C7
research/icsec2026/extension/evidence/f411_pair2_campaign_20260901_seed20260901_b3/firmware/f411_p2_fixed_controller.bin,tracked,19832,8686113C4A83E1600EBE66FB3B3F8795853011B4B0E69D91F9E68EBB3FD8FE68
research/icsec2026/extension/evidence/f411_pair2_campaign_20260901_seed20260901_b3/firmware/f411_p2_fixed_controller.elf,tracked,158152,9AA52D103E977A8B18968A0B7F3D69E74361AC5E5FFDFA6B3CBC49A3AD722D78
research/icsec2026/extension/evidence/f411_pair2_campaign_20260901_seed20260901_b3/firmware/f411_p2_payload.bin,tracked,8152,52F145488CAD9D3A9711F77DF1DFB9F76DFEAE6660FE9E1FBD5560AA738BFBBB
research/icsec2026/extension/evidence/f411_pair2_campaign_20260901_seed20260901_b3/firmware/f411_p2_payload.elf,tracked,143396,0BC0EAAA7830B001CD31F1805C1002275E62FAF8DE6BC8C1AF44ABF5A2005493
research/icsec2026/extension/evidence/f411_pair2_campaign_20260901_seed20260901_b3/hardware_enumeration.json,tracked,755,6CA3BB7D21E37848174DC0C9565FD4B666E822997352CA42AD58CCE1798F858C
research/icsec2026/extension/evidence/f411_pair2_campaign_20260901_seed20260901_b3/hardware_gate_status.json,tracked,657,6743099AB8808CE15129DB3A72EA5C364F1B480B495AD59004A159D95E8572EB
research/icsec2026/extension/evidence/f411_pair2_campaign_20260901_seed20260901_b3/human_wiring_confirmation.json,tracked,935,4D1EFA8052445C2F7DEB0AF16B9C607FC738DAA59EA9752D2B7D2212214DFEEB
research/icsec2026/extension/evidence/f411_pair2_campaign_20260901_seed20260901_b3/independent_validation.json,tracked,648,3E95734FCA902947EB5840E65EEC1F4A11DCE2F22BDFC972BFC86CC74F928472
research/icsec2026/extension/evidence/f411_pair2_campaign_20260901_seed20260901_b3/locked_attempt_ledger.json,tracked,2991,315A0FEDF1F27639982B158F21B748C3A2338B762763AD6D3B1F3BE22AB3F4FE
research/icsec2026/extension/evidence/f411_pair2_campaign_20260901_seed20260901_b3/locked_manifest.json,tracked,3647,55D9C29253C0011ED8C9D2CF14274A9D63A9B15199068B91F77FA7A7BDA093FC
research/icsec2026/extension/evidence/f411_pair2_campaign_20260901_seed20260901_b3/port_close_status.json,tracked,126,FB8367B613F378889800CCFCBAB770E21256A0DDDA93621BCBA37875817CE498
research/icsec2026/extension/evidence/f411_pair2_campaign_20260901_seed20260901_b3/postacquisition_crosscheck.json,tracked,664,9A3DD612C34CBF7301049AF48B1A486A106EEBED481E06EBB834317A5431E420
research/icsec2026/extension/evidence/f411_pair2_campaign_20260901_seed20260901_b3/preacquisition_inventory_reconciliation.json,tracked,852,6046D36F2FEA47726B44CA96650AA3CF4FE23EFDDAA3E2D4C1441F0F7C76D84B
research/icsec2026/extension/evidence/f411_pair2_campaign_20260901_seed20260901_b3/preacquisition_source_state.json,tracked,686,E6C05DE3C9415D11722FE2D2DBE0A9350F28E0DAAA7835CF85E3655C7D82552A
research/icsec2026/extension/evidence/f411_pair2_campaign_20260901_seed20260901_b3/preacquisition_validation.json,tracked,995,AD72E24EC45F78CE30C65F39674A20F3FCEC4DB05A43312907C97537D9B28540
research/icsec2026/extension/evidence/f411_pair2_campaign_20260901_seed20260901_b3/precheck_validation.json,tracked,5426,814647CC15BA174D84335815D62AAB9482A5D6A9BF56362EE495F44330B851B9
research/icsec2026/extension/evidence/f411_pair2_campaign_20260901_seed20260901_b3/prior_inventory_validation.json,tracked,1986,C21278AD97DA1FD990294D1086C99B098C3FC8979F79013D748CA7F68ACC9051
research/icsec2026/extension/evidence/f411_pair2_campaign_20260901_seed20260901_b3/process_and_final_state.json,tracked,587,0F306E7DA0951118884B0E3EE8B0FACAA96B305498CF6CB328C2A5DB3737A849
research/icsec2026/extension/evidence/f411_pair2_campaign_20260901_seed20260901_b3/raw/master/controller.log,tracked,114343,CF4FE0EAC032677381C3180D7B6A4F51073EB731E5C0AC52C020191DACA0B242
research/icsec2026/extension/evidence/f411_pair2_campaign_20260901_seed20260901_b3/raw/master/controller_readable.txt,tracked,54319,66C4F216D62998337EC51D2317D1EA57D9179DB6F2767B49277BCF843F6CFBD5
research/icsec2026/extension/evidence/f411_pair2_campaign_20260901_seed20260901_b3/raw/master/flash_controller.log,tracked,1335,95E32373140D8A0C1DA1EEA2B3C688D3D6946A7FA438B75593A3479280021224
research/icsec2026/extension/evidence/f411_pair2_campaign_20260901_seed20260901_b3/raw/master/flash_payload.log,tracked,1335,208005A4176AE5BAC043D3CAC734BA08DB28C121B4A522B135BBB38046C3C66F
research/icsec2026/extension/evidence/f411_pair2_campaign_20260901_seed20260901_b3/raw/master/payload.log,tracked,4338,632A9D31AF48ACC254697C87AF28399F7B422217F6AE60CE0510EBAED2CD6F66
research/icsec2026/extension/evidence/f411_pair2_campaign_20260901_seed20260901_b3/raw/master/payload_readable.txt,tracked,2334,11BA9E6E13AE112D273892454867875119F8187E39A7805E3D29D67F4C4D92DB
research/icsec2026/extension/evidence/f411_pair2_campaign_20260901_seed20260901_b3/raw/rows/F411P2_C01_B1_NC/controller_readable.txt,tracked,3195,8FD29B7A66A4FC2E16E70A45B83F8E50FE1008254459C097181AB3F6687C0CD7
research/icsec2026/extension/evidence/f411_pair2_campaign_20260901_seed20260901_b3/raw/rows/F411P2_C01_B1_NC/payload_readable.txt,tracked,110,4236A3F9BF07EC42B47B87AE75E548E25368F8AEE4DD50D8445812FE88E39849
research/icsec2026/extension/evidence/f411_pair2_campaign_20260901_seed20260901_b3/raw/rows/F411P2_C01_B1_NC/validation.json,tracked,9049,449947012CCD890C9C7D61BFD01122F3F60310B46376D5F5947A5D514A935F29
research/icsec2026/extension/evidence/f411_pair2_campaign_20260901_seed20260901_b3/raw/rows/F411P2_C02_B1_D110/controller_readable.txt,tracked,3212,82CC7EB7B8D8A68787671EE059EB93923DBC965AF1B4CC7B6A440FD9156F9341
research/icsec2026/extension/evidence/f411_pair2_campaign_20260901_seed20260901_b3/raw/rows/F411P2_C02_B1_D110/payload_readable.txt,tracked,179,B8AFB3A5701FED2D1F06CD5A09ED1ECA2113F13395CBE65A7F8035F24A45F844
research/icsec2026/extension/evidence/f411_pair2_campaign_20260901_seed20260901_b3/raw/rows/F411P2_C02_B1_D110/validation.json,tracked,8602,06031E1B4C35F8B90E1C22308E74979DCA2B94763A10C90CBF6BFDCDA39A14EA
research/icsec2026/extension/evidence/f411_pair2_campaign_20260901_seed20260901_b3/raw/rows/F411P2_C03_B1_D090/controller_readable.txt,tracked,3408,D46CC9CADA17600A4DF91F90997032B39BC061E62595EB89C02868A031C8BC91
research/icsec2026/extension/evidence/f411_pair2_campaign_20260901_seed20260901_b3/raw/rows/F411P2_C03_B1_D090/payload_readable.txt,tracked,178,F7DDE4D50FF215A1417AD2A3DF44DD11FEB3C9F21FB75FAE6CC1E49CCC139DB0
research/icsec2026/extension/evidence/f411_pair2_campaign_20260901_seed20260901_b3/raw/rows/F411P2_C03_B1_D090/validation.json,tracked,9058,6B38287B94079CE048E880286B7599EB8CE4D2EC8FB599686776564FFE0FDF78
research/icsec2026/extension/evidence/f411_pair2_campaign_20260901_seed20260901_b3/raw/rows/F411P2_C04_B1_D100/controller_readable.txt,tracked,3216,B2B85ABDC5357394F1FA1DC37B9359915E795CB1A990EE5D88E7B39BDD58F922
research/icsec2026/extension/evidence/f411_pair2_campaign_20260901_seed20260901_b3/raw/rows/F411P2_C04_B1_D100/payload_readable.txt,tracked,179,F1D158B71AAC6DF53537091E5B2326ECF3DAA2F8A19408ED6E7AD3D6E32C2BD3
research/icsec2026/extension/evidence/f411_pair2_campaign_20260901_seed20260901_b3/raw/rows/F411P2_C04_B1_D100/validation.json,tracked,8443,8530DFFFF1505AC7F12638CF7D208548FD0E53A1FCB7E3332F795882D9FC7C53
research/icsec2026/extension/evidence/f411_pair2_campaign_20260901_seed20260901_b3/raw/rows/F411P2_C05_B2_D090/controller_readable.txt,tracked,3345,2E5B5677966FB0EAB98BD66FBA356CA0E1062FC2ECB8A7FF8541C449CF1BE7CB
research/icsec2026/extension/evidence/f411_pair2_campaign_20260901_seed20260901_b3/raw/rows/F411P2_C05_B2_D090/payload_readable.txt,tracked,178,1EE17CE63AE0979AE699544AD7D9244DAE0348D49739E6F1721A0C996CB8103A
research/icsec2026/extension/evidence/f411_pair2_campaign_20260901_seed20260901_b3/raw/rows/F411P2_C05_B2_D090/validation.json,tracked,9394,FACC6F0E37CB7810E68BC06ED39EEC0149133CFB71D50D0D039218985E5649DF
research/icsec2026/extension/evidence/f411_pair2_campaign_20260901_seed20260901_b3/raw/rows/F411P2_C06_B2_NC/controller_readable.txt,tracked,3416,43D4A43330437AFE306D391889D080EEEE6489F5643610BA26C3367690B465E9
research/icsec2026/extension/evidence/f411_pair2_campaign_20260901_seed20260901_b3/raw/rows/F411P2_C06_B2_NC/payload_readable.txt,tracked,110,0C3FAB49C19C90C33A88AA59CF40EC797CE5B932CE168E1BFB86395BB9B845D7
research/icsec2026/extension/evidence/f411_pair2_campaign_20260901_seed20260901_b3/raw/rows/F411P2_C06_B2_NC/validation.json,tracked,9397,330A200220469F0486B44593BC7E420A07EE3CEB8E7A1313EA68269513315537
research/icsec2026/extension/evidence/f411_pair2_campaign_20260901_seed20260901_b3/raw/rows/F411P2_C07_B2_D100/controller_readable.txt,tracked,3220,79C126D8BE75B951D66BD94509780BD07D8369B963FF0AC30F41B4D7F8BFC6B9
research/icsec2026/extension/evidence/f411_pair2_campaign_20260901_seed20260901_b3/raw/rows/F411P2_C07_B2_D100/payload_readable.txt,tracked,179,E615801077782AEB259DBFF27779D6728D75BB0EC17D6950923EC8EBD9C5085D
research/icsec2026/extension/evidence/f411_pair2_campaign_20260901_seed20260901_b3/raw/rows/F411P2_C07_B2_D100/validation.json,tracked,8616,A113727DBD3DD80ECA34C18FE0D5B8813E9D8C8EACF6D0A90F3544F2013BEEDA
research/icsec2026/extension/evidence/f411_pair2_campaign_20260901_seed20260901_b3/raw/rows/F411P2_C08_B2_D110/controller_readable.txt,tracked,3149,D596E7F95E4C435BA8755E92B58FF18487236BAFF19BE8E90975623A7AC1CDC5
research/icsec2026/extension/evidence/f411_pair2_campaign_20260901_seed20260901_b3/raw/rows/F411P2_C08_B2_D110/payload_readable.txt,tracked,179,08D3BDE020E075D5088F2831E3AEA955C7B07913A9D30FB72853EA10AE48A31A
research/icsec2026/extension/evidence/f411_pair2_campaign_20260901_seed20260901_b3/raw/rows/F411P2_C08_B2_D110/validation.json,tracked,8450,A326DAD14CD3D7D48F3D287150F1379460A1F03B001DB3D448A4B70DA96BD4B5
research/icsec2026/extension/evidence/f411_pair2_campaign_20260901_seed20260901_b3/raw/rows/F411P2_C09_B3_D100/controller_readable.txt,tracked,3220,1F1CA4CBFAD538CF0E60BBC5ACAC9DC95FFA6C33221663987CCFA6E61F198335
research/icsec2026/extension/evidence/f411_pair2_campaign_20260901_seed20260901_b3/raw/rows/F411P2_C09_B3_D100/payload_readable.txt,tracked,179,E931833BF6264794924F20A3F7CCAE704EA088DD7E46394900463773E2F7D9F9
research/icsec2026/extension/evidence/f411_pair2_campaign_20260901_seed20260901_b3/raw/rows/F411P2_C09_B3_D100/validation.json,tracked,8447,34CCC7A162A5BE9C7170A3AFDBFB7CDC2EC4FA48EF5D9CBCA1A481B0FEB40870
research/icsec2026/extension/evidence/f411_pair2_campaign_20260901_seed20260901_b3/raw/rows/F411P2_C10_B3_D110/controller_readable.txt,tracked,3220,C071C133A06BC10E28B42131307333D14BE496E48ED2C38CE58DB7FEA83ED46F
research/icsec2026/extension/evidence/f411_pair2_campaign_20260901_seed20260901_b3/raw/rows/F411P2_C10_B3_D110/payload_readable.txt,tracked,179,A6140596EEA46D6ED183402882E42E11FFCA474B087C59F77609D39113112111
research/icsec2026/extension/evidence/f411_pair2_campaign_20260901_seed20260901_b3/raw/rows/F411P2_C10_B3_D110/validation.json,tracked,8614,AEA43FE9FB88BB098F6CED15C06C101C22CCF8515BC058E0B5EFA2896F092045
research/icsec2026/extension/evidence/f411_pair2_campaign_20260901_seed20260901_b3/raw/rows/F411P2_C11_B3_NC/controller_readable.txt,tracked,3416,0065AC22DC3DDF87246435C3D978B3395D160AD92C6602F9228E7E7C3F3723C0
research/icsec2026/extension/evidence/f411_pair2_campaign_20260901_seed20260901_b3/raw/rows/F411P2_C11_B3_NC/payload_readable.txt,tracked,110,46099FA1180288BB45DB0AB25AD2918C0F4CA6F335127D5CCA4109E285880A67
research/icsec2026/extension/evidence/f411_pair2_campaign_20260901_seed20260901_b3/raw/rows/F411P2_C11_B3_NC/validation.json,tracked,9403,21AF71236BD37FAA44B3B79BD2A58E973F120FE406FDA58AF7874DAA6000A738
research/icsec2026/extension/evidence/f411_pair2_campaign_20260901_seed20260901_b3/raw/rows/F411P2_C12_B3_D090/controller_readable.txt,tracked,3416,AECBDFACC22CAFEBFD8EDDFD070C02F037C649D4A890EAE95F33F86D69503060
research/icsec2026/extension/evidence/f411_pair2_campaign_20260901_seed20260901_b3/raw/rows/F411P2_C12_B3_D090/payload_readable.txt,tracked,178,C87CE5D37EDB8017FF34D725777E2368F4B1B6F92D35390BC32F5327176E3B26
research/icsec2026/extension/evidence/f411_pair2_campaign_20260901_seed20260901_b3/raw/rows/F411P2_C12_B3_D090/validation.json,tracked,9396,65961EAFB2045F9184AC06B0A0A9BCE5592519A5A7A4003802710515D77C95A9
research/icsec2026/extension/evidence/f411_pair2_campaign_20260901_seed20260901_b3/row_boundary_ledger.jsonl,tracked,8164,F84829FBC22C9FF9730FD10DFBDF2E8952583097D87A174FE48B251595C05541
research/icsec2026/extension/evidence/f411_pair2_campaign_20260901_seed20260901_b3/run_plan.csv,tracked,399,7C8A60145CDAFB04BC6F1553B42D401FC35532B64B587D90D62942D4947E103F
research/icsec2026/extension/evidence/f411_pair2_campaign_20260901_seed20260901_b3/unexpected_and_boundary_artifacts.json,tracked,1887,0766F27D85ABD33992867AF9A698457ADF7B3363F5B542488C9F0347DB3F21D3
research/icsec2026/extension/evidence/f411_pair2_campaign_20260901_seed20260901_b3/validity_rules.json,tracked,521,2BED85AB810D3FC8278FE130D67DA26C3F726A9301D42696018F8DBA3D730E0C
research/icsec2026/extension/evidence/primary_20260830_seed20260830_b5/EXTENSION_SHA256SUMS.csv,tracked,15388,8B4CB2AB87CD317905AA4A219B81E99E2E459DC3EEF386D14286297476177C0B
research/icsec2026/extension/evidence/primary_20260830_seed20260830_b5/FINAL_MANIFEST.json,tracked,3151,D8424545495CCF2EBA2BF87BE5B68CDA79D3AA41239217140F54D20BD0DCE91E
research/icsec2026/extension/evidence/primary_20260830_seed20260830_b5/PARTIAL_SHA256SUMS.csv,tracked,3880,F3DEC9EEED1D7C49942AA52A3722F7D571FBFAA0D98BEAC48F13B24C4BDF5C0C
research/icsec2026/extension/evidence/primary_20260830_seed20260830_b5/amended_execution_plan.csv,tracked,1494,3556D9902DD28DCA8FB86D504AFD5FF3A6C49CC01C49AB6B4FF476E92AFCF0CF
research/icsec2026/extension/evidence/primary_20260830_seed20260830_b5/backup_record.json,tracked,233,3E633E91941F0604C1211E0D1CDA0EB9C1130340FFBC5085DA7610DF58E1DF88
research/icsec2026/extension/evidence/primary_20260830_seed20260830_b5/bad_crc_results.json,tracked,7957,F6332F913FFA91432032AA1E5582AE78378F8880FC22D11B921C5B793ADC4E90
research/icsec2026/extension/evidence/primary_20260830_seed20260830_b5/campaign_results.json,tracked,6861,99D2EC264CC60D28155A73168CEF208FE7AF857D20EF7C689F7D7442E86BF8DD
research/icsec2026/extension/evidence/primary_20260830_seed20260830_b5/configuration.json,tracked,250,75162001649DA1E164ECDEE7E539108E02DB2F2EFE74FE7A414B5D53F36353F2
research/icsec2026/extension/evidence/primary_20260830_seed20260830_b5/continuation_manifest.json,tracked,1501,1ED0C19F8A7FF0A336F8D03F94E1D14D7654F4AC40487AC806CC6130948EC23B
research/icsec2026/extension/evidence/primary_20260830_seed20260830_b5/continuation_results.json,tracked,98670,9CA3337917A910E73C3DD4263E61C6D7E7338DFD4CA409A7CC7A954C309324C3
research/icsec2026/extension/evidence/primary_20260830_seed20260830_b5/descriptive_summary.json,tracked,11906,C8B14F8FC9A05BF727CC1666D3115282EFD1CFD89AF9D32BE066C25D9A554551
research/icsec2026/extension/evidence/primary_20260830_seed20260830_b5/extension_source_state.json,tracked,1015,A1B3FF2486C1E7C08E768D8437D2A5C10B25866D6775BECE3059C41CE53B265F
research/icsec2026/extension/evidence/primary_20260830_seed20260830_b5/final_results_ledger.csv,tracked,4650,FAD4DBAE0323F358A5C893377904CD2F88F9E9F2CA18FDED48DD594A8E966E46
research/icsec2026/extension/evidence/primary_20260830_seed20260830_b5/final_validation.json,tracked,1701,1AE639C16552707CF0D56DAFE8E690F8242C304007F08C0C7E1EC16E0AE17601
research/icsec2026/extension/evidence/primary_20260830_seed20260830_b5/firmware/g431_extension_application.bin,tracked,20256,6515796C07D37C19E21B0104B477EA4C6451B66A995EBEF6510725764441E727
research/icsec2026/extension/evidence/primary_20260830_seed20260830_b5/firmware/g431_extension_bootloader.bin,tracked,4032,FE591BF7292AD0D40F8FEE4AF5779118AE0D0083FF362F5BE9CCB156ADFE619E
research/icsec2026/extension/evidence/primary_20260830_seed20260830_b5/firmware/g474_extension_firmware.bin,tracked,8944,5581492429080BD58177A37733981ABA12DA6074BA40EAC0157B86E027B479E7
research/icsec2026/extension/evidence/primary_20260830_seed20260830_b5/manifest.json,tracked,5059,F6F48D46994E3DDE8386ECC2C508AA7553BF4A0503EC7D99F0FB0052388E3332
research/icsec2026/extension/evidence/primary_20260830_seed20260830_b5/nominal_validation_002.json,tracked,31245,3119D5994378E00C7ACE945B0FCB96CBA28C5855CDFEA445CD26570FD52A74FD
research/icsec2026/extension/evidence/primary_20260830_seed20260830_b5/payload_recovery_validation.json,tracked,2553,4D1CE606EC6D2D21AD71DEEF57D4EB605C18682CFF4DD678E82D100586D14A5C
research/icsec2026/extension/evidence/primary_20260830_seed20260830_b5/plan_amendment.json,tracked,2395,5B582DEAEC41AA88F0645EE78E0E305A2DED9ED6F22AC833A8CDDBB2DA1305AD
research/icsec2026/extension/evidence/primary_20260830_seed20260830_b5/preflight_validation.json,tracked,1752,210ABA61561C0097D516AC9E8EF4A89719B159FF03311A1CC5B1BB1D3682EE63
research/icsec2026/extension/evidence/primary_20260830_seed20260830_b5/preflight_validation_post_nominal_serial_reopen.json,tracked,1772,18BD858A56363B26CA6F3A65FD5CF56AD28A6BDAAB31A3215621D83416C06DDD
research/icsec2026/extension/evidence/primary_20260830_seed20260830_b5/raw/bad_crc/SHORT/g431.log,tracked,7888,00F2130F3A784189D4A7718F46221B537C413FD20D81712F862DCE50361F4AF8
research/icsec2026/extension/evidence/primary_20260830_seed20260830_b5/raw/bad_crc/SHORT/g474.log,tracked,427,A2B9EBD61D16B2324864D9824DF08F8F51C85B5EBF1660AEC7790FE3F5BDAE1F
research/icsec2026/extension/evidence/primary_20260830_seed20260830_b5/raw/bad_crc/SUSTAINED/g431.log,tracked,8229,F64E5F72B4E89F626F7FCC6B90885FF789B8B712498FDB34B2DC9EC5C37EDD68
research/icsec2026/extension/evidence/primary_20260830_seed20260830_b5/raw/bad_crc/SUSTAINED/g474.log,tracked,427,9C4D37F649FFC20AA8A4C7B9FCC682CCB482AE0BB772267E2C026F3FE15BC5F4
research/icsec2026/extension/evidence/primary_20260830_seed20260830_b5/raw/campaign/R001_B1_D110/g431.log,tracked,6949,08185CD8D0C2782E00F2D899B27AA846CE066BA5BBA0080193914062E72A9CB1
research/icsec2026/extension/evidence/primary_20260830_seed20260830_b5/raw/campaign/R001_B1_D110/g474.log,tracked,466,0BD7E3756A94726BE27858F91F98FE7CA412814F32B7CF4B0CD50D7FC8F96324
research/icsec2026/extension/evidence/primary_20260830_seed20260830_b5/raw/campaign/R002_B1_D500/g431.log,tracked,5047,08022AE828B5AF1715BF9991FBCF8DF2B9D399263B90B64F131F2720D732EDF3
research/icsec2026/extension/evidence/primary_20260830_seed20260830_b5/raw/campaign/R002_B1_D500/g474.log,tracked,254,3062DA9486CE630E4821D075464766DFDFE863576288C3C4469F7F6A1F7E130D
research/icsec2026/extension/evidence/primary_20260830_seed20260830_b5/raw/campaign/R003_B1_D150/g431.log,tracked,7317,FFF599F39A432FA59CBD301129140E7941DECA96197740363BB27B0246640820
research/icsec2026/extension/evidence/primary_20260830_seed20260830_b5/raw/campaign/R003_B1_D150/g474.log,tracked,466,872BB2B3FDD3D89003E8611CBC079EADD77CE29C526C00F24D64B0E63FB75DA0
research/icsec2026/extension/evidence/primary_20260830_seed20260830_b5/raw/campaign/R004_B1_NC/g431.log,tracked,7879,DE8EEF7DF7C80E4E2BAB82245847D8A86779BBAE8507B8EA2B5D2142DBE45EF8
research/icsec2026/extension/evidence/primary_20260830_seed20260830_b5/raw/campaign/R004_B1_NC/g474.log,tracked,424,1C06A73E24DE08443B7E65103F01FA7DBA1830ED11B72066CE9DF0D1A92F95F4
research/icsec2026/extension/evidence/primary_20260830_seed20260830_b5/raw/campaign/R005_B1_D050/g431.log,tracked,7879,CBEB932465124A2DB4C23F8A65E9584757F8F6045F4DB2D2E8E6B43F744E5EA1
research/icsec2026/extension/evidence/primary_20260830_seed20260830_b5/raw/campaign/R005_B1_D050/g474.log,tracked,463,202C2A6AB125AE698CA1871B8ACC5A07843BAAF91CB655B4882E1B7EA726873E
research/icsec2026/extension/evidence/primary_20260830_seed20260830_b5/raw/campaign/R006_B1_D090/g431.log,tracked,7879,F8745341B480B453C51FA268034C308DDF9A90FDD8BB7A59984CE50A2C117778
research/icsec2026/extension/evidence/primary_20260830_seed20260830_b5/raw/campaign/R006_B1_D090/g474.log,tracked,463,FC039AEA4747035397A863FE58C76E98D09D1A1190EBD44448631621A5C83E82
research/icsec2026/extension/evidence/primary_20260830_seed20260830_b5/raw/campaign/R007_B1_D250/g431.log,tracked,7444,E894A68624A2B05CBFEF031B8512F3070E3B64EFBC2773B5A7884F41A705EA06
research/icsec2026/extension/evidence/primary_20260830_seed20260830_b5/raw/campaign/R007_B1_D250/g474.log,tracked,466,1C32F3CCE8D18770EAE2B878616E37E6B8C06D7D7488C968C26E56FB248B0366
research/icsec2026/extension/evidence/primary_20260830_seed20260830_b5/raw/campaign/R008_B1_D100/g431.log,tracked,7444,7061C49E0054892070731B4C1307363A9F47EC04CF1233C1D6BB875838814DC3
research/icsec2026/extension/evidence/primary_20260830_seed20260830_b5/raw/campaign/R008_B1_D100/g474.log,tracked,466,319D47DADF877CF6E63BF99671CB23773DE3923E6DCACE29AAD8F0884FF97297
research/icsec2026/extension/evidence/primary_20260830_seed20260830_b5/raw/campaign/R009_B1_NC/g431.log,tracked,7879,06D3FDEACE7D44D711921E3A8F4DFC60D7F2B1B5E3DC01C18DB6318D79257B59
research/icsec2026/extension/evidence/primary_20260830_seed20260830_b5/raw/campaign/R009_B1_NC/g474.log,tracked,424,BDAA1985EC673B5334E190B0EB1665719983E6CE6A0FEB1003FF4192C8E1A3FF
research/icsec2026/extension/evidence/primary_20260830_seed20260830_b5/raw/campaign/R010_B2_D100/g431.log,tracked,7444,1B5F2407BB6E5B54DB30A6C7CCE29C2307715FD405D601C1936FFB9B2BA6764E
research/icsec2026/extension/evidence/primary_20260830_seed20260830_b5/raw/campaign/R010_B2_D100/g474.log,tracked,466,08813B30A5D8DBFB5E7BA019622E5FA8D9768F9C596DCCB4528E244C407E6ADB
research/icsec2026/extension/evidence/primary_20260830_seed20260830_b5/raw/campaign/R012_B2_D050/g431.log,tracked,7879,6BAC5139D50CE75E622BBD5DD0BA2F3BC355398C73DAE077CF18ED5E1565ECC1
research/icsec2026/extension/evidence/primary_20260830_seed20260830_b5/raw/campaign/R012_B2_D050/g474.log,tracked,463,E41469BAC078052D1FD59496ED06097F22289FF94050A8C1CDE4A3EEB66795E3
research/icsec2026/extension/evidence/primary_20260830_seed20260830_b5/raw/campaign/R013_B2_NC/g431.log,tracked,7879,C9F9D200285D2F45001E9F8D084CBD51D4801A2492ABE5E2B9F667A2C91A1A52
research/icsec2026/extension/evidence/primary_20260830_seed20260830_b5/raw/campaign/R013_B2_NC/g474.log,tracked,424,60554CAB999D9775BC39B4AC980A9574772B5F14B18E93CB8DAC6F84758D54FA
research/icsec2026/extension/evidence/primary_20260830_seed20260830_b5/raw/campaign/R014_B2_D090/g431.log,tracked,7879,F5FD13276E1A8344D8FE57BA0E90019B302095ADD730DEFBD81C300E75EDFFB9
research/icsec2026/extension/evidence/primary_20260830_seed20260830_b5/raw/campaign/R014_B2_D090/g474.log,tracked,463,28FB5421362210F7E222C3ADC8A5FB0A5426EBD09CB0E105580D9013FCAFD4AC
research/icsec2026/extension/evidence/primary_20260830_seed20260830_b5/raw/campaign/R015_B2_D150/g431.log,tracked,7444,D1A4500946CD107B9EE0FE18B31ABAE4E81AEBBC23FBB778A89433EBD5F23732
research/icsec2026/extension/evidence/primary_20260830_seed20260830_b5/raw/campaign/R015_B2_D150/g474.log,tracked,466,F212D40F05CBA1CD30B042E6B36D4927729EACBBFA67661A2E14E5C3717E888E
research/icsec2026/extension/evidence/primary_20260830_seed20260830_b5/raw/campaign/R016_B2_D110/g431.log,tracked,7444,308D847AB0301D4F2131426B1A0CA5D71FAE117E990B2A9F76CE1BD8B27090FB
research/icsec2026/extension/evidence/primary_20260830_seed20260830_b5/raw/campaign/R016_B2_D110/g474.log,tracked,466,59BB830C5A6328607D172A1DC0B7148EEE31181C1EB69BE728E3418481DD9103
research/icsec2026/extension/evidence/primary_20260830_seed20260830_b5/raw/campaign/R017_B2_D250/g431.log,tracked,7444,FB6961B354D02798CAFD617CDAF3A0DC1F1FF15A15BB8D3F8A6D1047CBBD5241
research/icsec2026/extension/evidence/primary_20260830_seed20260830_b5/raw/campaign/R017_B2_D250/g474.log,tracked,466,C8827AFE12D3EE5B2377586689BF37B9FF8F8996927C21CBF6FA27BB54CC9B80
research/icsec2026/extension/evidence/primary_20260830_seed20260830_b5/raw/campaign/R018_B2_NC/g431.log,tracked,7879,8C9BABDFEEB18E4DCBBEC18C4E95C3C0567A082557A29D00BE92616F855AFCD9
research/icsec2026/extension/evidence/primary_20260830_seed20260830_b5/raw/campaign/R018_B2_NC/g474.log,tracked,424,D08CC1EB99F1061EFCEB5008645FBD192CBD33FA238AA773D163F04D21A46CF5
research/icsec2026/extension/evidence/primary_20260830_seed20260830_b5/raw/campaign/R019_B3_D250/g431.log,tracked,7450,738AA7E0117FC2FAD84CFC6A1D1A2B40D7B826B9090A96251B80AD9CE6B74A71
research/icsec2026/extension/evidence/primary_20260830_seed20260830_b5/raw/campaign/R019_B3_D250/g474.log,tracked,466,341BC2325DF1AB1EC394584B2BBC2699CAC2CC8EEFEABCDCC37F22FAD13C3CCD
research/icsec2026/extension/evidence/primary_20260830_seed20260830_b5/raw/campaign/R020_B3_D050/g431.log,tracked,7891,35E3A6C1610ED15DF2F5E2577F98A7DA940FE621FCF72531113EC33B1FEEE316
research/icsec2026/extension/evidence/primary_20260830_seed20260830_b5/raw/campaign/R020_B3_D050/g474.log,tracked,463,BCF83579A376A428A58A074F79A189D7F423745B7B5C5C326110F91F00AD7C56
research/icsec2026/extension/evidence/primary_20260830_seed20260830_b5/raw/campaign/R022_B3_NC/g431.log,tracked,7891,F5EBA91018C4D38452CDFFC44B8D128ED90A53180F356B5A93598DEF59F54A41
research/icsec2026/extension/evidence/primary_20260830_seed20260830_b5/raw/campaign/R022_B3_NC/g474.log,tracked,424,1C3D5B860207CF681D9ADB1FEB5C27B5A2C1B7CDA35D5427C8DF95210C2E47C2
research/icsec2026/extension/evidence/primary_20260830_seed20260830_b5/raw/campaign/R023_B3_D110/g431.log,tracked,7329,C1CDEF901A12023514E22408DE370F0C120AC41F12D2079B405BFCCC9A047EC6
research/icsec2026/extension/evidence/primary_20260830_seed20260830_b5/raw/campaign/R023_B3_D110/g474.log,tracked,466,98EF0F158A0517EFD5D7F360EA314BBAA797C9D4944E3A7F62B0573A06D59C47
research/icsec2026/extension/evidence/primary_20260830_seed20260830_b5/raw/campaign/R024_B3_D150/g431.log,tracked,7459,FC5274D25CF296B224D1E864F71C04BFFD43DB0BC6CA69D2795F16C931090F2F
research/icsec2026/extension/evidence/primary_20260830_seed20260830_b5/raw/campaign/R024_B3_D150/g474.log,tracked,466,DFEF1109121902FB96A3EB5963FFEF4754FB73F58580C22E7186E32A4C7DD568
research/icsec2026/extension/evidence/primary_20260830_seed20260830_b5/raw/campaign/R025_B3_D090/g431.log,tracked,7891,D3D13F9AB2E2424F722C50B37F3A1961D8EAD917D0EA62F145F5F94B278E5973
research/icsec2026/extension/evidence/primary_20260830_seed20260830_b5/raw/campaign/R025_B3_D090/g474.log,tracked,463,F2989665A6FADD62016625ECBDCD7D15F8E352F0D029216BAB7C1A29FF83462A
research/icsec2026/extension/evidence/primary_20260830_seed20260830_b5/raw/campaign/R026_B3_D100/g431.log,tracked,7459,AA1CF02138746B013A69AD9A7C922466E31C63D072A3573B43588117B888F253
research/icsec2026/extension/evidence/primary_20260830_seed20260830_b5/raw/campaign/R026_B3_D100/g474.log,tracked,466,DF0CCFC33B12605A4F74FFB6F9A7F77696FE4DB64ED595B0122915C7704C0215
research/icsec2026/extension/evidence/primary_20260830_seed20260830_b5/raw/campaign/R027_B3_NC/g431.log,tracked,7891,04BE78F27ED42182556B757B036922CB5B831D0E3F435FD8B7DDD0BE433DE4FC
research/icsec2026/extension/evidence/primary_20260830_seed20260830_b5/raw/campaign/R027_B3_NC/g474.log,tracked,424,24E501AD6E7C00BB866774B8EFF6E96BF98C686B205C971AE5C6DD5D6A9A4CFC
research/icsec2026/extension/evidence/primary_20260830_seed20260830_b5/raw/nominal/NOMINAL_001/g431.log,tracked,235282,0B2245FEC98DD2D85BF1009DA4A759ED292610B66E19033F0EEF23270362B5C6
research/icsec2026/extension/evidence/primary_20260830_seed20260830_b5/raw/nominal/NOMINAL_001/g474.log,tracked,106,BEC776CC086D09F783DE5253FDDD0A21C1FF541F686862C7A9B8CBBF2A36EC4A
research/icsec2026/extension/evidence/primary_20260830_seed20260830_b5/raw/nominal/NOMINAL_002/g431.log,tracked,238047,E2FD98ADAA7136647BFC29043C6E68852827861BAD625AE6BC6953BEDD679B2F
research/icsec2026/extension/evidence/primary_20260830_seed20260830_b5/raw/nominal/NOMINAL_002/g474.log,tracked,106,8AFDCF2675DE44BDFA01BCB9F22B08CE045A610304F9394D6DAAF1594BBE2A61
research/icsec2026/extension/evidence/primary_20260830_seed20260830_b5/raw/preflight/FLASH_CHECK/g431.log,tracked,2671,9E114A1972B13E76ABED46159C817FE53A1CC090044CBECF40939B9883529D81
research/icsec2026/extension/evidence/primary_20260830_seed20260830_b5/raw/preflight/FLASH_CHECK/g474.log,tracked,357,FAC8B8F6C5CD046BFBC18F6E82BFA590717B0C01D0D30A0BC66755B5714B9C7B
research/icsec2026/extension/evidence/primary_20260830_seed20260830_b5/raw/preflight/POST_NOMINAL_SERIAL_REOPEN/g431.log,tracked,3812,EDD387F21D44F155496F21D61D2C02E1E11A81D6B3BD402552A7DE9ECABF9C14
research/icsec2026/extension/evidence/primary_20260830_seed20260830_b5/raw/preflight/POST_NOMINAL_SERIAL_REOPEN/g474.log,tracked,357,C6CE952F5E3DD76A8A8CE8F75A6FFC846C477474CE620868DF3C78E1883F14A4
research/icsec2026/extension/evidence/primary_20260830_seed20260830_b5/raw/recovery/PAYLOAD_ONLY_RESET_001/g431.log,tracked,3353,FBB03E98109640BB32361AF9D8309CB805CC97B254EC67E9FB562886EC6E4CF7
research/icsec2026/extension/evidence/primary_20260830_seed20260830_b5/raw/recovery/PAYLOAD_ONLY_RESET_001/g474.log,tracked,538,069DEB43AB6B74C14FCDB83C970CCFCC3A34566B0D8D7B1D9978204E0C52CB21
research/icsec2026/extension/evidence/primary_20260830_seed20260830_b5/raw/recovery/PAYLOAD_ONLY_RESET_001/openocd_reset.log,tracked,790,2793A89B6BADF59652DF63345BAD1E4A38C1003453F1900455C296F69193BF6C
research/icsec2026/extension/evidence/primary_20260830_seed20260830_b5/run_plan.csv,tracked,1445,24AD8C20778472BFFC644557D2284D15A481804A1820BDA05A1827D3C88EBBDE
research/icsec2026/extension/evidence/replication_g431b_20260830_seed20260830_b3/FINAL_MANIFEST.json,tracked,1622,235B6FDA1AA4A287E09FDBB91BBBB15732C46F8B7C7DFB247D5D85FD98322F7A
research/icsec2026/extension/evidence/replication_g431b_20260830_seed20260830_b3/REPLICATION_SHA256SUMS.csv,tracked,7708,F13EBB7FEB42FB3F67E56A8503CB6D70A5F630F2C864A16B22D5BF4D9D19CCE9
research/icsec2026/extension/evidence/replication_g431b_20260830_seed20260830_b3/backup_record.json,tracked,232,C1AEBD73C6614EDE1B3DEE08ACAEB54BF7A68F20B4B1A6D00D8820529BB6752B
research/icsec2026/extension/evidence/replication_g431b_20260830_seed20260830_b3/configuration.json,tracked,315,CBA0951E7E710E61F780E80C18FFC93000264FCC38A685FD77960B9CB7BC9743
research/icsec2026/extension/evidence/replication_g431b_20260830_seed20260830_b3/descriptive_cross_controller_summary.json,tracked,4238,93737EDC8BD55EA23A144FC1B8D4FE0B3DD5ABF07200FE5162DC4997EC873897
research/icsec2026/extension/evidence/replication_g431b_20260830_seed20260830_b3/final_validation.json,tracked,861,BC54880A9DEA32ADA261D37A80A500B1303733487A0B6C3B57272C01E0EA8F77
research/icsec2026/extension/evidence/replication_g431b_20260830_seed20260830_b3/firmware/g431_b_application.bin,tracked,20256,6515796C07D37C19E21B0104B477EA4C6451B66A995EBEF6510725764441E727
research/icsec2026/extension/evidence/replication_g431b_20260830_seed20260830_b3/firmware/g431_b_bootloader.bin,tracked,4032,FE591BF7292AD0D40F8FEE4AF5779118AE0D0083FF362F5BE9CCB156ADFE619E
research/icsec2026/extension/evidence/replication_g431b_20260830_seed20260830_b3/firmware/g474_a_payload.bin,tracked,8944,5581492429080BD58177A37733981ABA12DA6074BA40EAC0157B86E027B479E7
research/icsec2026/extension/evidence/replication_g431b_20260830_seed20260830_b3/manifest.json,tracked,2988,80BA6980A64A31193887E2CBC30CD473B3007CDC45485D88ACDF17235153F1D5
research/icsec2026/extension/evidence/replication_g431b_20260830_seed20260830_b3/raw/campaign/RB001_B1_D100/g431.log,tracked,7132,B7BA34C014A4C8765B0AB1F881498CB6B16C4D33609BA9BE4909A40C6601CBCC
research/icsec2026/extension/evidence/replication_g431b_20260830_seed20260830_b3/raw/campaign/RB001_B1_D100/g474.log,tracked,466,F7206ACF6413CAFE58ADE791B2252CD7FD62CE272BA45BF5A308EBE9C35264A7
research/icsec2026/extension/evidence/replication_g431b_20260830_seed20260830_b3/raw/campaign/RB002_B1_D090/g431.log,tracked,7588,DA7C6245803842942EBAA321716EA4DA9DA68115D0617F687FB0341D4FF101AD
research/icsec2026/extension/evidence/replication_g431b_20260830_seed20260830_b3/raw/campaign/RB002_B1_D090/g474.log,tracked,463,316E6723E94E7C521F548B9A55F2136DDCA900E1E7B1851EE79823C043D54773
research/icsec2026/extension/evidence/replication_g431b_20260830_seed20260830_b3/raw/campaign/RB003_B1_D110/g431.log,tracked,7258,404144605BC8D4817DD7FC3DE3AD18A285DB1D93344DA8789269C92CECDC937D
research/icsec2026/extension/evidence/replication_g431b_20260830_seed20260830_b3/raw/campaign/RB003_B1_D110/g474.log,tracked,466,6C1BC1F6114AA53C0E6A3B61118D477BF44E66C082BB27B3EAD907266BB05586
research/icsec2026/extension/evidence/replication_g431b_20260830_seed20260830_b3/raw/campaign/RB004_B1_NC/g431.log,tracked,7687,E1EE5537A5F9BA2DD082FA255B975C4BE8022B25D7DD2E759112A630706E5508
research/icsec2026/extension/evidence/replication_g431b_20260830_seed20260830_b3/raw/campaign/RB004_B1_NC/g474.log,tracked,424,2E6DDD3CE69E6E160FD679D55BB183B2448E672A6BDD0AA812B43ACE50416C6C
research/icsec2026/extension/evidence/replication_g431b_20260830_seed20260830_b3/raw/campaign/RB005_B2_D090/g431.log,tracked,7581,76DFC0D66D90D5DBB9910710052E1C0BB0A619B59F0A1FD8D7F9FD7531B55F92
research/icsec2026/extension/evidence/replication_g431b_20260830_seed20260830_b3/raw/campaign/RB005_B2_D090/g474.log,tracked,463,F03DF5940439CFFE30F8C34FC92DD7CF913A9F2D9E4A2276DAE6B2326D914B05
research/icsec2026/extension/evidence/replication_g431b_20260830_seed20260830_b3/raw/campaign/RB006_B2_D110/g431.log,tracked,7276,4F6153279EC5F17FF8B8C3A79B133A62CF947878506E49EE36CD669681D38C23
research/icsec2026/extension/evidence/replication_g431b_20260830_seed20260830_b3/raw/campaign/RB006_B2_D110/g474.log,tracked,466,2481B642654FB1FA88AA27417C9D54B3FC1A93C35EA680B293F77A6AA97BD362
research/icsec2026/extension/evidence/replication_g431b_20260830_seed20260830_b3/raw/campaign/RB007_B2_D100/g431.log,tracked,7276,2B5D8D5F97E3EE4E45E269BED1F445F82E78F0A27A46FECF23BE3E3AEF99DB1F
research/icsec2026/extension/evidence/replication_g431b_20260830_seed20260830_b3/raw/campaign/RB007_B2_D100/g474.log,tracked,466,68299E6EE01BB891E45A89646A87FC2438E2295EB1C06B5B2C75AC513ADA0F20
research/icsec2026/extension/evidence/replication_g431b_20260830_seed20260830_b3/raw/campaign/RB008_B2_NC/g431.log,tracked,7687,ABFC74F16A177E11FF2B9A41E5B9133FFC4EA314DBA7A5235AED4A8E54637AC3
research/icsec2026/extension/evidence/replication_g431b_20260830_seed20260830_b3/raw/campaign/RB008_B2_NC/g474.log,tracked,424,77C3C09100944BDBEEC0CC6424CB1CD93450893AECF2E76D8AEEBC0E4CC8D02B
research/icsec2026/extension/evidence/replication_g431b_20260830_seed20260830_b3/raw/campaign/RB009_B3_NC/g431.log,tracked,7687,151E29CBF8DCAA603CFA6C836131279B0C6AA44424B942D2E09BED02929DA5EE
research/icsec2026/extension/evidence/replication_g431b_20260830_seed20260830_b3/raw/campaign/RB009_B3_NC/g474.log,tracked,424,D9B15D00A18DCE71C26259981A2A9C3D2CF8FD6455A5B796D40E66D221CADC85
research/icsec2026/extension/evidence/replication_g431b_20260830_seed20260830_b3/raw/campaign/RB010_B3_D090/g431.log,tracked,7581,C5DFDDFA1F90F53EB45087DF3B6928A19C0F4D996A8285E9DCCB1269B44CE69B
research/icsec2026/extension/evidence/replication_g431b_20260830_seed20260830_b3/raw/campaign/RB010_B3_D090/g474.log,tracked,463,39C256A75E57AD459475D05CC06F5F756CE5FEEB1A3B74B6D1672CA2B1AD6597
research/icsec2026/extension/evidence/replication_g431b_20260830_seed20260830_b3/raw/campaign/RB011_B3_D110/g431.log,tracked,7276,5CF3C65B0115C902A88FD3084C0922106A997123C93BE888A730F14ABD1F9378
research/icsec2026/extension/evidence/replication_g431b_20260830_seed20260830_b3/raw/campaign/RB011_B3_D110/g474.log,tracked,466,8824ACC68EEBAB5526A6713AC9FB9AD94A4AD43E7F37C5BC32A2234B7EEA2A42
research/icsec2026/extension/evidence/replication_g431b_20260830_seed20260830_b3/raw/campaign/RB012_B3_D100/g431.log,tracked,7276,93803FA9179EC06B964B74EF88DA205C83F95379F46C8869DD44C97D163DEDEE
research/icsec2026/extension/evidence/replication_g431b_20260830_seed20260830_b3/raw/campaign/RB012_B3_D100/g474.log,tracked,466,0A49B3FCBFEB0A59CC5D48C2353744EFB411F4B0411BCFDCF00A07C87873719B
research/icsec2026/extension/evidence/replication_g431b_20260830_seed20260830_b3/raw/flash/g431_b_application_openocd.log,tracked,1263,FAF02757B7A03CE7A2CE2471BF329DD12B469B2A3FCE3068211B1FFB1A3A3391
research/icsec2026/extension/evidence/replication_g431b_20260830_seed20260830_b3/raw/flash/g431_b_bootloader_openocd.log,tracked,1530,D63C5A07B58B98522DFDA78FF32DEB697A0C0C385654E09FA5C9C7ED049B266B
research/icsec2026/extension/evidence/replication_g431b_20260830_seed20260830_b3/raw/readiness/LINK_GATE_001/g431.log,tracked,3082,7C83BF9E726BC88339758C154613F4449AFAA43D38DBCCA012F9806463471808
research/icsec2026/extension/evidence/replication_g431b_20260830_seed20260830_b3/raw/readiness/LINK_GATE_001/g474.log,tracked,106,0D6A15BB77046C004A38A30394AECEB84263C0E9887C6BAE043C1D42E5C3B57C
research/icsec2026/extension/evidence/replication_g431b_20260830_seed20260830_b3/readiness_validation.json,tracked,985,45A52EEEC7EC45F63E93D1B6D2CA5098B4F36C8F4B84B6EC6DA69DC28B3051AD
research/icsec2026/extension/evidence/replication_g431b_20260830_seed20260830_b3/results.json,tracked,51016,C7CA18C08499920764A22777F036F1CA8E6CD181FB900B3BA51BF313962BFA4E
research/icsec2026/extension/evidence/replication_g431b_20260830_seed20260830_b3/results_ledger.csv,tracked,1495,F870E8DE1BAEF7E0B508D4BD6C369CA1CBC50E68FABFFF2E04665585CAF79927
research/icsec2026/extension/evidence/replication_g431b_20260830_seed20260830_b3/run_plan.csv,tracked,431,D631AC024CA033EA47FA340921549D56FA845A79784599D14938225015E6A901
research/icsec2026/extension/evidence/replication_g431b_20260830_seed20260830_b3/source_state.json,tracked,818,040CEE25D3FA0CF623DF7F760A5774D8356B220CE9750F96FF09EED7F3B20AA2
research/icsec2026/extension/evidence/scope_g431b_g474a_110ms_20260830/FEASIBILITY_RECORD.json,tracked,2058,72FB433C2C0E92E8FB1B482EBFF9F011AA479541454668F2E2B01F8DB1F16BF3
research/icsec2026/extension/evidence/scope_g431b_g474a_110ms_20260830/FINAL_MANIFEST.json,tracked,1311,ED9030BC094DEFEF1B202519CE7A97B1954F55EF349B6D37D525910332959384
research/icsec2026/extension/evidence/scope_g431b_g474a_110ms_20260830/SCOPE_FEASIBILITY_SHA256SUMS.csv,tracked,3225,519E7E142DFAFEA4736CA74D945B3197D106714F9B6B1A6B45C75309EC4B1B0E
research/icsec2026/extension/evidence/scope_g431b_g474a_110ms_20260830/backup_record.json,tracked,225,9E7290171202AC1D593F27A0D1E3769E6C44449A784F3E430F295D6EF01036D8
research/icsec2026/extension/evidence/scope_g431b_g474a_110ms_20260830/capture_disposition.csv,tracked,1006,0E36070923E3BCFC607C5777F39B0C911D88436BF545D3D83EC9147EE3CD82E7
research/icsec2026/extension/evidence/scope_g431b_g474a_110ms_20260830/capture_plan.csv,tracked,204,F5145A7732882F6BA8450356E0C1FDD9D0074015D69244B552B65BBA82F59B5F
research/icsec2026/extension/evidence/scope_g431b_g474a_110ms_20260830/capture_results.json,tracked,4349,168BBECD294DCE9A1E1107D46AE0F81F706DAD25EBE07961F320DB76A6FDADD9
research/icsec2026/extension/evidence/scope_g431b_g474a_110ms_20260830/firmware/g431_scope_application.bin,tracked,20344,9F5B0041A7939468ED20736E0FDA2659FF90A106CC9C08610C0272CBE0FABC0A
research/icsec2026/extension/evidence/scope_g431b_g474a_110ms_20260830/firmware/g431_scope_bootloader.bin,tracked,4032,7C36C0CBDEFECB31ABBD857B15E2AA28D7CBBDF5FBF5B4629666B13F23F716F2
research/icsec2026/extension/evidence/scope_g431b_g474a_110ms_20260830/firmware/g474_scope_payload.bin,tracked,8980,9718A3B7080162235E27D6A2A8333DFF6F631C667D50E0AB90DC53749CEE917D
research/icsec2026/extension/evidence/scope_g431b_g474a_110ms_20260830/manifest.json,tracked,2083,F3AD8E63268B053D49ED9E8F2D2996839532E78D889951F48B45D03B530D05D8
research/icsec2026/extension/evidence/scope_g431b_g474a_110ms_20260830/measurement_protocol.json,tracked,712,8E43B487F192333B0DA8C0D8B6C7FDE3A93CA18C0BCE7AA749E809FB07E7DC0A
research/icsec2026/extension/evidence/scope_g431b_g474a_110ms_20260830/raw/campaign/S001_D110/g431.log,tracked,6635,3DC34108DEB48C7F4ADFA918A9B622077C4633648BD1F9F87807601B6D796B0F
research/icsec2026/extension/evidence/scope_g431b_g474a_110ms_20260830/raw/campaign/S001_D110/g474.log,tracked,466,25BDACD489BBC072E4DD030187B94C65EF0F640E3368DAEEE36F88E1876C7804
research/icsec2026/extension/evidence/scope_g431b_g474a_110ms_20260830/raw/flash/g431_scope_application_openocd.log,tracked,1263,37274D0121B2F1489E5D7C467C858EF7C18ECCA7EB4B83EC5C326EB64814BBA4
research/icsec2026/extension/evidence/scope_g431b_g474a_110ms_20260830/raw/flash/g431_scope_bootloader_openocd.log,tracked,1530,D63C5A07B58B98522DFDA78FF32DEB697A0C0C385654E09FA5C9C7ED049B266B
research/icsec2026/extension/evidence/scope_g431b_g474a_110ms_20260830/raw/flash/g474_scope_openocd.log,tracked,1500,B2E9BB05E16B0CA62CF49D348EAE6D329233D7D08AE17FBEB957112B92AC5CE7
research/icsec2026/extension/evidence/scope_g431b_g474a_110ms_20260830/scope_settings.json,tracked,986,ED95FD4BC7B6BAEAE134EC511825E9AA4CC3FE0EA72F3C6432F5236EB33600EE
research/icsec2026/extension/evidence/scope_g431b_g474a_110ms_20260830/source_state.json,tracked,823,8F17C2492A3AF3FF843B95FDC86A0774BD3A77A4CDCB5F113BCAF2A9E21816C1
research/icsec2026/extension/evidence/scope_g431b_g474a_110ms_20260830/validation.json,tracked,1489,83E2B48F4A91DAEDF9A0CB75AB5C4B51ABAAFEC2CFBADC289FF2A68C4494F20F
research/icsec2026/extension/generate_f411_cross_pair_synthesis.py,tracked,15311,4D215C5AC77E591FDBB501E8C47F713FF0BC920AD30498416D1DEB99B76D2368
research/icsec2026/extension/recovery/recovery_20260901/COMMAND_LOG.md,tracked,2245,A959EC37276BC5D0D4CD514B154E9F90FAB1AA2351F691D785AB5A00CB0BDA04
research/icsec2026/extension/recovery/recovery_20260901/FAILED_ATTEMPT1_MISMATCH_LEDGER.csv,tracked,9769,1DA9AE064F1994AFB70AC077DCB09DCEC5EABA37F0C59EAFEE176588A8F86C7E
research/icsec2026/extension/recovery/recovery_20260901/FAILED_ATTEMPT2_MISMATCH_LEDGER.csv,tracked,11319,A43A3322A6C1AB9C8172B34146295E96F12E231882777C7EE1DF3A1BFF6DE545
research/icsec2026/extension/recovery/recovery_20260901/PRIMARY_COPY_LEDGER.csv,tracked,134725,3B8A94F9F3DDF5D036C0EA4E99E4DDB2694023260B426801348F4016CABDD091
research/icsec2026/extension/recovery/recovery_20260901/RECOVERY_README.md,tracked,2299,21BE3AE3BC24528A0D70C7701AD4DA74DF485EB26C22178C9F4BD59F3294889F
research/icsec2026/extension/recovery/recovery_20260901/RECOVERY_RECORD.json,tracked,4619,B96A18B64817D0E1F657C0795AADA7808FC450F5AF009EF66EB1114F3A5FC598
research/icsec2026/extension/recovery/recovery_20260901/RECOVERY_SHA256SUMS.csv,tracked,1478,BA40B30A7EFEA2F6E438A4B5482D8074AC5D6B834C55118DCF17B42C4BC056C1
research/icsec2026/extension/recovery/recovery_20260901/SECONDARY_VERIFICATION_LEDGER.csv,tracked,80766,12304CEA4DE64EF3432F84C237CB4BFD2CB3930141D9C53B5DB878EF87CE7837
research/icsec2026/extension/recovery/recovery_20260901/SOURCE_TRANSFER_FILE_INVENTORY.csv,tracked,50413,422760C42F0B8D5BA535E37A58F87136A1A59591601BE3AB01B396D6BB17171C
research/icsec2026/extension/recovery/recovery_20260901/SOURCE_TRANSFER_README.md,tracked,5396,70881E6C3CED87E67670112C356D13F3235C4D11F6FCEB2391A26D0F260A5BD1
research/icsec2026/extension/run_f411_campaign.py,tracked,34231,2304F97533EF34462A1312AB155F376F81E8EEDAE85C72DA65A145502AA1F838
research/icsec2026/extension/run_f411_pair1.py,tracked,19751,5D88E45786331657CC8E7700DB51BA4EA5C969A17272ECDBA9A68C0BCD742CC1
research/icsec2026/extension/run_f411_pair2_campaign.py,tracked,2308,A344D94B2348BFF965E78ECF4870866B4E06D45D4B82729BF03847093ABEE221
research/icsec2026/extension/run_f411_scientific_pilot.py,tracked,18269,83F5DCDC2D698EE27AC33C988758842BCE09E6A42534863F330DE48D195D3638
research/icsec2026/extension/run_g431b_replication.py,tracked,21550,950504EBC8EEEBEDE6A254613B818BCCE459DB30519CFA494D9212EA723A9B05
research/icsec2026/extension/run_primary_extension.py,tracked,60261,0CC8525822735FD108369F325D106CDFC6A3970E67754BB8EB3AD08A2792370A
research/icsec2026/extension/run_scope_capture.py,tracked,7765,F609C4BB5C0A1AB97CCD7C12A5239A71F333428187D76714F62AA1AD668A6F3D
research/icsec2026/extension/test_f411_campaign.py,tracked,2584,90B98F389C05C95C040D7C0210DB0FAF6936AC77F1C4661B90E42C2E8E136009
research/icsec2026/extension/test_f411_cross_pair_synthesis.py,tracked,721,173EF9B29238CEAAF031B6B90674A4B885C53B18EB091182767180DBB2ED3466
research/icsec2026/extension/test_f411_pair1.py,tracked,1390,6296C2D7B21F51DD57388E6C1EF99A4A99037AEC034A37CAD773C7DE2BCC2D89
research/icsec2026/extension/test_f411_pair2_campaign.py,tracked,992,D25CB0552B49931756927988FA5B2F53CFB7338BF968C95BA2E4A7071D9DECDD
research/icsec2026/extension/test_f411_scientific_pilot.py,tracked,1516,0C101CE6504C17A617872A036F5C70C76FDF32AA1393FE7138BABB0C7B67B206
research/icsec2026/extension/test_g431b_replication.py,tracked,1317,CFFDDE0684C03277C66DE354AE9CA9C7213EFE904598662253A3128EC0BF4530
research/icsec2026/extension/test_primary_extension.py,tracked,3211,CCE5638E419E2D9416D01EA93316615EC02C5F3B4FC6C828D74F0F70AA7380E5
research/icsec2026/extension/validate_f411_campaign.py,tracked,6630,6DF6BF2DD240D1251CB72341DB73034D36CAC84A0ABC34FFFD06B379E569EAC6
research/icsec2026/extension/validate_f411_pair2_campaign.py,tracked,1401,D66181D3BEDE23B58FB72914C1F21E84D42662C60DD97B37ED584C268DD85614
research/icsec2026/extension/validate_f411_scientific_pilot.py,tracked,4879,F7E0F128B65AA7E8D76249F17DC2F552727E3B83A2B479777C4279F319144FEA
research/icsec2026/injector/__pycache__/create_sha256_inventory.cpython-312.pyc,ignored,5102,243DBDD934925614F74F7DD828FAC394242733C749B4AD36B750F98A01001D65
research/icsec2026/injector/__pycache__/run_n0_control.cpython-312.pyc,ignored,11824,E3E4484D46ABCC6C1B9D271B109C70798E4D707F2199D5CF2EF9AFBD97D594D5
research/icsec2026/injector/__pycache__/run_payload_campaign.cpython-312.pyc,ignored,31791,16CFF22311CE8E89987C5A3DA5E526C90CDA4EE1C93DFA9F5D7EC09BE99EC695
research/icsec2026/injector/__pycache__/summarize_payload_campaign.cpython-312.pyc,ignored,19446,8578833497787C4DDCDBA238D5084870E24A1E6D31D91F34FB14A3E75EC9ED7D
research/icsec2026/injector/__pycache__/test_campaign_summary.cpython-312.pyc,ignored,3339,0ACB8E3CF5760D7E9BEC877E8F4FEBB15425B04733202F370C3AE2F7CC3B68F4
research/icsec2026/injector/__pycache__/test_n0_control.cpython-312.pyc,ignored,3737,2D34EDC5399996CAE23911B5D39D665A4110E8BF625DFEB594FDCD53E73F5676
research/icsec2026/injector/__pycache__/test_run_payload_campaign.cpython-312.pyc,ignored,6332,C45371B01F5FBA05F26C70513050483D0D5764B2D79F331573857EB4B1D5AFE0
research/icsec2026/injector/__pycache__/test_sha256_inventory.cpython-312.pyc,ignored,3104,2267A18CC72F0414A2A4092FDAF70058CB417C8965C0D6CFEB89FED9FCD171DF
research/icsec2026/injector/create_sha256_inventory.py,tracked,2695,4021F9CAD57BADE48CBCC18215E0F5FDB7EDD9BB3303F04498C8B15C0B57E28A
research/icsec2026/injector/requirements.txt,tracked,18,1F9CD0F05C4F38521C72B1465FDBCDA66D71BDA860E3ADDE9A1E2C214E6A17FF
research/icsec2026/injector/run_n0_control.py,tracked,8749,BDB98E8ADC8C06B8508EFCCB0FD6EC7C5AC47772F392130C6AF39705CE65B14B
research/icsec2026/injector/run_payload_campaign.py,tracked,21947,168EECF43FAF0986D286555BAB3CA12886B2BBB0E6F8B6D21C86D35E818C02FB
research/icsec2026/injector/summarize_payload_campaign.py,tracked,14350,1DB0537245AA06BE8CE2FA3E44A99C648F20D70B925050DB5CF938748FD1D4F6
research/icsec2026/injector/test_campaign_summary.py,tracked,1602,285BC9E6A6E70A7A26A719369BE37583EA2A8379A7B72AE69515D76E89323778
research/icsec2026/injector/test_n0_control.py,tracked,2240,340DA27DB943B19647ADF0E714C241C624080E39C7D669A5FC9C23891CB8AD98
research/icsec2026/injector/test_run_payload_campaign.py,tracked,2796,B71F69382B0BD9DE0303B3DBFE9448EECD19997D983DC3B03AD8963394D94186
research/icsec2026/injector/test_sha256_inventory.py,tracked,1470,CD752046C8F51EEE13880C786184BE86BAA1E14095C205D8DA8A7775BEB4EBFB
research/icsec2026/paper/CLAIM_EVIDENCE_MATRIX.md,tracked,9871,7AA35A15DFCA03859B670A4B3E0E6320995F839FB29A8844E6D26BE37EC83523
research/icsec2026/paper/EVALUATION_METHOD.md,tracked,6820,B26631AFF0FF0F258678CD4FA5F9B2365EB71EE6685C465C87EAB47C61456C45
research/icsec2026/paper/LIMITATIONS.md,tracked,3637,A1750DFF6E7571EEB3EF7FA9EF805495906D14CE2E570903780C1F15AB8DCCEC
research/icsec2026/paper/PAPER_DIRECTION.md,tracked,6360,1FA88786E2023D892732BF1E963D1DF854F67F6FBCE12772CCC53C0B20B6D67E
research/icsec2026/paper/RESULTS.md,tracked,4320,86051890AEA305431536E93A66D18932C8ECB787F36560A5408F5965F2CCF44A
research/icsec2026/paper/generate_manuscript_tables.py,tracked,7960,AB5A8BD2B07F51445B68A464C20FF31FBFD4ABF4593E18E1ECCB3192A09C3626
research/icsec2026/paper/tables/TABLE_PROVENANCE.json,tracked,1773,383315929940D0E32002E06DC3748573210EA5B2214D32AD5C9BF10BE9D81C7D
research/icsec2026/paper/tables/fault_outcomes.csv,tracked,1072,BE19F1203F4E9CCAFF1B1241ECC327971150AA5C954D5997E0DB71DA3B75CFD3
research/icsec2026/paper/tables/latency_summary.csv,tracked,1916,EEFD0DF98AB8E9C5DAAAAC36FF0825580ED193EC5FC478CE3BF978715FCB1B8B
research/icsec2026/paper/tables/n0_controls.csv,tracked,546,F0AD1FBEF0133F1D43469F286E2F2E4399DFE226566EB20C354F992E03BA6FC7
research/icsec2026/provenance/20260830_023830/PROVENANCE.md,tracked,8374,F74DACC9AB4390DD5C9518EDE5AF031E0FF9C48A30D8ACB1BA641D6153CDEB45
research/icsec2026/provenance/20260830_023830/PROVENANCE_SHA256SUMS.csv,tracked,10751,84139F0C3886C513B2511332766495F04E8EB4705ABBF417E600431C2858D3DC
research/icsec2026/provenance/20260830_023830/comparisons/g431_application_rebuild.json,tracked,1121,DFF4E40082D2232912C756569574A66DF307211798515E41D04766C4CF9BFDB7
research/icsec2026/provenance/20260830_023830/comparisons/g431_application_rebuild_differences.csv,tracked,140,335933C486182E135E251BAF46BD6E225ABF5DD551FB6645C2B2483D3EB0529F
research/icsec2026/provenance/20260830_023830/comparisons/g431_bootloader_rebuild.json,tracked,1120,61CEF5D99EAFF30BC727EBD5D74FFE38471440BAA9517099F5838A23E60D2AC2
research/icsec2026/provenance/20260830_023830/comparisons/g431_bootloader_rebuild_differences.csv,tracked,140,335933C486182E135E251BAF46BD6E225ABF5DD551FB6645C2B2483D3EB0529F
research/icsec2026/provenance/20260830_023830/comparisons/g474_packaged_application.json,tracked,1117,29643B892C96CE684CF5BD3F8045ACF32E5D2CCB95F4706A6644F5B638E24FED
research/icsec2026/provenance/20260830_023830/comparisons/g474_packaged_application_differences.csv,tracked,140,335933C486182E135E251BAF46BD6E225ABF5DD551FB6645C2B2483D3EB0529F
research/icsec2026/provenance/20260830_023830/flash/g431_flash_capture.json,tracked,780,6FB16D83581438EFE28C2B3EA1407C193B78D2C69E59498E9371B86215140F23
research/icsec2026/provenance/20260830_023830/flash/g474_flash_capture.json,tracked,780,CE5341ECED809194F67969252B1DF7ADF516762FA4B43CC501C632EF6BAE348F
research/icsec2026/provenance/20260830_023830/flash_layout/g431_after_application.json,tracked,591,106E9AA3723571ACBCBB52049046436084EF028C78F615F529BE45EEDC1F8B1B
research/icsec2026/provenance/20260830_023830/flash_layout/g431_after_application_non_ff_ranges.csv,tracked,67,E3DA5A361414CCE51D6D67AD465EBDC06B5BA91B97CEAD4C9668D63ED372C0EB
research/icsec2026/provenance/20260830_023830/flash_layout/g431_gap.json,tracked,603,64A185DC456369B145CC3784C3C3FA81EDB912A6D5F2233A9D236B8CEEBB55AD
research/icsec2026/provenance/20260830_023830/flash_layout/g431_gap_non_ff_ranges.csv,tracked,161,3A98229A2DC2AF0CC1DC6F222212D63A076B290222C5EB91D02B07A89D6572AE
research/icsec2026/provenance/20260830_023830/flash_layout/g474_after_application.json,tracked,608,8D678EA20D648789323D838A247543858151E566C2B4FD9D48CD8532A60E16BC
research/icsec2026/provenance/20260830_023830/flash_layout/g474_after_application_non_ff_ranges.csv,tracked,46827,8143209112820D9A101B98D3EB4D8DA5259FA09BE87702898E72EC3945CC5428
research/icsec2026/provenance/20260830_023830/rebuild/g431_application/build_report.json,tracked,1096,B919C79FA554C53E554755986F6EE5842283F0DB8DF14767E225A03158B579E3
research/icsec2026/provenance/20260830_023830/rebuild/g431_bootloader/build_report.json,tracked,1114,0973CA8F83046F5B00845C29611EAE2BAA2F124A205173037AE3792962FA231D
research/icsec2026/provenance/20260830_023830/scripts/analyze_flash_region.py,tracked,3212,CB646271C4241E23EF70430D5CBF7EA26D8CB19E57C3FC77E1C7928ED5AE27DB
research/icsec2026/provenance/20260830_023830/scripts/collect_package_lists_utf8.py,tracked,1878,D8128918CAAD186392E9C85DC2EEF14F0E19A39E4FAE510457197586F1280E06
research/icsec2026/provenance/20260830_023830/scripts/collect_selected_toolchain.py,tracked,2458,5A1A68A395D580B193A8583AC68F6562AD98DF98B276F12C72017A28AF2DC161
research/icsec2026/provenance/20260830_023830/scripts/collect_toolchain.py,tracked,5403,FE4D2C90EFA974B4683EEC122D074D2763DC5DFF92306D13C14A250E95E3F5B4
research/icsec2026/provenance/20260830_023830/scripts/compare_binary_region.py,tracked,5011,0CEC46F2C5874898FAA3F59113D4270AD7FF1ED9FABED2FDD0A86ED0F6C098E8
research/icsec2026/provenance/20260830_023830/scripts/freeze_source_state.py,tracked,4280,0FEF198507219542FB6FA579EAB98698097FCD945A8EAF7BB336BFF71881582C
research/icsec2026/provenance/20260830_023830/scripts/readonly_flash_capture.py,tracked,4172,52652D3CA6F7FBA43BD143462BD9A1B16ECBCADACAA03AF00FE8571EECA50453
research/icsec2026/provenance/20260830_023830/scripts/rebuild_capture.py,tracked,3752,61096363776291D7A0139A78146DD24CB6CDADACF2CCAFE809F72C9CEDBE253E
research/icsec2026/provenance/20260830_023830/source_state/commit.json,tracked,97,61B3175EDD9F5AF618BC1B1E0387BFEF14FDBBCD759A95D1B1AB2B35EF5389DB
research/icsec2026/provenance/20260830_023830/source_state/git_status_porcelain_v1.txt,tracked,4305,1AEB74CD1A8A5093ED85AA0450DD904CD8AEE7557BBC9AE06F6D2578F3CFE0DF
research/icsec2026/provenance/20260830_023830/source_state/source_state_report.json,tracked,408,26BACAECBA6C1819A1E7E2ABA0E8D051343E2CC7CA4E345A80EF90C1A89517E1
research/icsec2026/provenance/20260830_023830/source_state/staged.patch,tracked,0,E3B0C44298FC1C149AFBF4C8996FB92427AE41E4649B934CA495991B7852B855
research/icsec2026/provenance/20260830_023830/source_state/tracked_files.txt,tracked,5310,173C70AF47A1CB8BA4BDE460B2AFC160DAE8983C757A724C05C2256BDE5B45E4
research/icsec2026/provenance/20260830_023830/source_state/tracked_worktree.patch,tracked,4728,C6A8D517C3E64CED03F2720F1ADE44F568826A38333723127A799DE36B59FBCF
research/icsec2026/provenance/20260830_023830/source_state/untracked_source_copies/demo-payload/src/HostModeCommandParser.hpp,tracked,2286,8BF23EDB3598516C51F6069F669B796DD7DABE13C20BD6595011C3AA105F4950
research/icsec2026/provenance/20260830_023830/source_state/untracked_source_copies/demo-payload/test/test_host_mode_command/test_main.cpp,tracked,4043,81ED1DFAEE413168C49904EC3EAD8BAA7DF02893780B5CD5A6C9975EA98DEC37
research/icsec2026/provenance/20260830_023830/source_state/untracked_source_copies/research/icsec2026/NEXT_TASK.md,tracked,2093,988DF80FB7C94C4AA7C96D7ED15EFA3A22BC500AC013F5075D69C7E6D1DC6FE3
research/icsec2026/provenance/20260830_023830/source_state/untracked_source_copies/research/icsec2026/SESSION_STATE.md,tracked,22559,0E8DC22BA275E3C7ED6E976A46123D297E5266B7E2A3396F60ED989E5CE5BEE0
research/icsec2026/provenance/20260830_023830/source_state/untracked_source_copies/research/icsec2026/injector/create_sha256_inventory.py,tracked,2695,4021F9CAD57BADE48CBCC18215E0F5FDB7EDD9BB3303F04498C8B15C0B57E28A
research/icsec2026/provenance/20260830_023830/source_state/untracked_source_copies/research/icsec2026/injector/requirements.txt,tracked,18,1F9CD0F05C4F38521C72B1465FDBCDA66D71BDA860E3ADDE9A1E2C214E6A17FF
research/icsec2026/provenance/20260830_023830/source_state/untracked_source_copies/research/icsec2026/injector/run_n0_control.py,tracked,8749,BDB98E8ADC8C06B8508EFCCB0FD6EC7C5AC47772F392130C6AF39705CE65B14B
research/icsec2026/provenance/20260830_023830/source_state/untracked_source_copies/research/icsec2026/injector/run_payload_campaign.py,tracked,21947,168EECF43FAF0986D286555BAB3CA12886B2BBB0E6F8B6D21C86D35E818C02FB
research/icsec2026/provenance/20260830_023830/source_state/untracked_source_copies/research/icsec2026/injector/summarize_payload_campaign.py,tracked,14350,1DB0537245AA06BE8CE2FA3E44A99C648F20D70B925050DB5CF938748FD1D4F6
research/icsec2026/provenance/20260830_023830/source_state/untracked_source_copies/research/icsec2026/injector/test_campaign_summary.py,tracked,1602,285BC9E6A6E70A7A26A719369BE37583EA2A8379A7B72AE69515D76E89323778
research/icsec2026/provenance/20260830_023830/source_state/untracked_source_copies/research/icsec2026/injector/test_n0_control.py,tracked,2240,340DA27DB943B19647ADF0E714C241C624080E39C7D669A5FC9C23891CB8AD98
research/icsec2026/provenance/20260830_023830/source_state/untracked_source_copies/research/icsec2026/injector/test_run_payload_campaign.py,tracked,2796,B71F69382B0BD9DE0303B3DBFE9448EECD19997D983DC3B03AD8963394D94186
research/icsec2026/provenance/20260830_023830/source_state/untracked_source_copies/research/icsec2026/injector/test_sha256_inventory.py,tracked,1470,CD752046C8F51EEE13880C786184BE86BAA1E14095C205D8DA8A7775BEB4EBFB
research/icsec2026/provenance/20260830_023830/source_state/untracked_source_inventory.csv,tracked,2547,6162BFF8084A9965B052FDC651137C65B57ED9912FEE8B39D5E608378486E6D1
research/icsec2026/provenance/20260830_023830/toolchain/command_versions.json,tracked,16958,2EF517C4B0A4429A18798B40B6E835C8C075AAB057061A5D1174D0A540395CE6
research/icsec2026/provenance/20260830_023830/toolchain/executable_hashes.json,tracked,1311,A20E66D59A524D2500AA1F14E63ADD760F87EF5B80E64AE05ED9FE505A141A8E
research/icsec2026/provenance/20260830_023830/toolchain/host.json,tracked,371,9552EC09F4AE176A5CAB89477304F133D20581B37CFA17FC436FC572C5E96F4A
research/icsec2026/provenance/20260830_023830/toolchain/package_lists_utf8.json,tracked,20577,FD670C28DEB76908A31A95AF4B948FD4CD1261114985FC12D57D026BE02634A0
research/icsec2026/provenance/20260830_023830/toolchain/package_metadata/01_ststm32_platform.json,tracked,11703,8C4A890EE07CEEE4A13E79E9BA0CF2679F464DF5917594549A0E7BC716BD0871
research/icsec2026/provenance/20260830_023830/toolchain/package_metadata/02_framework-stm32cubeg4_package.json,tracked,560,A8E23E39AFC410F06650A897183ED6A7639A55176AEBED1623AB7FDF9EC1F0AB
research/icsec2026/provenance/20260830_023830/toolchain/package_metadata/03_toolchain-gccarmnoneeabi_package.json,tracked,495,7382239FD97C7BFA3D7821659E9C6828527184F7EC8592F80B54D5DA35DB4CEE
research/icsec2026/provenance/20260830_023830/toolchain/package_metadata/04_tool-openocd_package.json,tracked,575,4AC916D105AE65F6D6C5FD234D87045CC177D039B0EF47844FF25DB188F17501
research/icsec2026/provenance/20260830_023830/toolchain/package_metadata_index.json,tracked,1202,C907FC8FAC4C217FCBAF759FAEE704F2D9B8790402D4770577D6AD4B845F6331
research/icsec2026/provenance/20260830_023830/toolchain/selected_build_toolchain_1.70201.0.json,tracked,3320,44A60E541B241266D5582584425E3077B93693C66CD921F0D6BF9B405CEA0995
research/icsec2026/runs/full_20260830_seed20260830_n30/DATASET_README.md,tracked,4426,CAC2D20356893F8636C0C83B78EDDE651C3940991AD9E93AC33DC3D589A1E064
research/icsec2026/runs/full_20260830_seed20260830_n30/SHA256SUMS.csv,tracked,28602,DC7A2CD54F1CF1E3DA9E3F35DCACFD921E2F5D8828BF2411C4F7874252C5CCCD
research/icsec2026/runs/full_20260830_seed20260830_n30/manifest.json,tracked,96745,10D966EE6F43BB70EAAFA713723F9C56EEDA51757E605BEB80A8578E0ABEE67F
research/icsec2026/runs/full_20260830_seed20260830_n30/results.csv,tracked,29986,770FB1FEF5BFD6B529906B35CBA67D9BAC2887DED241EA38D8CB914A157478CE
research/icsec2026/runs/full_20260830_seed20260830_n30/run_plan.csv,tracked,2806,08BCBDD505DA95460ABFADE719411409501DE7B6F40BE648B30CB4E986F051B7
research/icsec2026/runs/full_20260830_seed20260830_n30/summary.json,tracked,3901,124554F98A93639B4C2C8C18A708DC14A1D5673823A4CD2F84DB0F563083E1CA
research/icsec2026/runs/full_20260830_seed20260830_n30/validation.json,tracked,328,D06426EE043D32B032FA3267E7A8DDAB0AD345FD1F69807E93E9F47507BA84EB
research/icsec2026/runs/n0_post_20260830_0224/manifest.json,tracked,711,5681822B48FD8B210BE10F3575F932D7D6FA0A311831B5BFC735AB4EED527031
research/icsec2026/runs/n0_post_20260830_0224/validation.json,tracked,3408,B3EF1165183D2EEBB0049B11D006A602D2EE36AE5669BD8EA5E92BA091E095F1
research/icsec2026/runs/n0_pre_20260830_0205/manifest.json,tracked,709,626E1F38687DF0514B14152B0D04CADA71A303CC43EC55A39F1BBEF7DAC88CC4
research/icsec2026/runs/n0_pre_20260830_0205/validation.json,tracked,3329,872BA8EFD5E8F3505C6DEC62AFCAAC59A892D1ED407DDE67E7256B631FBEAA12
research/icsec2026/runs/pilot_20260830_0140_seed431474/manifest.json,tracked,4696,8C95290EC0BD3C1A647F5789678987F978753AFD56F3C7BDA6F07FBA66EA191F
research/icsec2026/runs/pilot_20260830_0140_seed431474/results.csv,tracked,1338,114816EAE253DE4F5724C65FA8B70C1F51546226E4A1B5CDD12FC848F407538B
research/icsec2026/runs/pilot_20260830_0140_seed431474/run_plan.csv,tracked,152,A2F407916441F00747AFB54A8A053463F585D6B36A46E6CC95718BE54434DBCD
research/icsec2026/submission/ANONYMITY_PROVENANCE_AUDIT.md,tracked,1728,A17B6B949C42C58B69A2EB849DDAA9F83533EE9D7E2A183491AB190E848D51C8
research/icsec2026/submission/CLAIM_EVIDENCE_AUDIT.md,tracked,2962,63926D52D96087B340743B90A6421F8B4CBCAB81868500B8B3CC80574C10E148
research/icsec2026/submission/FINAL_PDF_SHA256.txt,tracked,75,F578B7D8D8EC8FE41396FE84769FBC1D90A97692BE0D75DA29380F6B8CEB5376
research/icsec2026/submission/FINAL_VALIDATION.json,tracked,4750,E060AEFFFDDC3F52696B5C3E43ADAB33A9E0706D5FCEF28147387DA7828F57BC
research/icsec2026/submission/PACKAGE_SHA256SUMS.csv,tracked,1190,54D60DBC8E9767AD5A87BC38642606D73431ECAAE7C2DFE45EBB06DB2570ED1C
research/icsec2026/submission/PAGE_LAYOUT_QA.md,tracked,1115,08EFA189B5666D5C5CFEB5C1E6E41A061B0A655A8FE32934D6F3CE45869B867A
research/icsec2026/submission/PROVENANCE_VERIFICATION.md,tracked,955,B7816A786C8E47149FB140253113850C5EFC175D3C637CEEC318C08D5C5F4F4A
research/icsec2026/submission/REFERENCE_VERIFICATION.md,tracked,1741,2E3284A5AA0068F07DBCCD393AA81249C4C98BDBC49B10189B008EFFD152870B
research/icsec2026/submission/SOURCE_COMMIT.txt,tracked,380,ADF1ADAFC7B981D6853B1829163ECFEB36629CC5606FB8F8DB1C61C2A46114D7
research/icsec2026/submission/SUBMISSION_CHECKLIST.md,tracked,1442,749FE27307F8D09ECB6DD5EEB39FA4AE6926D1B3F2F0700997541BA0420A7F2A
research/icsec2026/submission/main.pdf,tracked,68688,99E4180F4B172C1CC7BABFCF8BE92FCC5442B3868F7AAD1D32A13779849E765D
research/icsec2026/submission/main.tex,tracked,28343,AA018D5E677D8C6ECAE93DEB33C068B01AC6050B5B57D47F303166BB750007B4
research/icsec2026/submission/references.bib,tracked,2440,B936C7F6AF1E173CEB771D5BB430F3652846B759C494E71B674D3071D387AC00
tmp/pdfs/tectonic-0.17.0-x86_64-pc-windows-msvc.zip,tracked,21060223,F61CE51F0B0ADE1015B7DE7EF368541C5424E9756ECBD0D7AF97D6D48030845F
tmp/pdfs/tectonic-0.17.0/tectonic.exe,tracked,51538432,99FFCFDBF1EBF8BDDA9E791942E3D06AEDB12463FDDC33F07DE6F5211C8BF08D
tools/WashiTools.ps1,tracked,6539,6BDD917EEBA4E44C05659B9B32DB6824071574EB91D7A3D9B1F3BEFD049BDA97
tools/build_lasercom.ps1,tracked,719,0B81EEE84648F112694161B9010375384697AD5C161ECBB98F3C4D6627EDB76A
tools/build_payload_demo.ps1,tracked,731,C91EEC9451E4C8F465CDCDD11DCCEC432AC71D3843C49A75CAD98827E426FF0A
tools/build_payload_responder.ps1,tracked,470,AFF20479547FBF504994A5C9DE4E044B561DCA37ECF7E31AA5E47D26B26E1989
tools/create_user_manual_docx.py,tracked,16068,17E43121DEFB101B109B3DA506BCF1418FC251C26B31ADA39CA10DB4606207D6
tools/create_user_manual_pdf.py,tracked,7857,7B17124C6D111EB2F6C88B59FAD94A4F5FB5D93A8C3B126095C5C6155CD84042
tools/flash_lasercom.cmd,tracked,119,695F0EEEB4A35B685A436409E413D3BF71E2CFF0159E7650CA31878443146CB1
tools/flash_lasercom.ps1,tracked,1261,97DD4CEAB4F15DBCD34E702C5E54D23E8C3246A1436B13506A8C6FF23A3C5F9A
tools/flash_payload_demo.cmd,tracked,123,B67C8C62F93D0917C13B6EA6E3804FC04CA846E238746B9774748C665CFA020C
tools/flash_payload_demo.ps1,tracked,1361,3D34BC880E92CA59303FBF4D5D9F2922C8E4DF632ABE14A14BCA5F15C4ECCAC8
tools/flash_payload_responder.cmd,tracked,128,E523674DE3D46E2CC58852851CFDE3AB185CA656257BA01A01F70EDFE77BAB8C
tools/flash_payload_responder.ps1,tracked,736,E0FB74A0230EC31FE969B49723199E5FADB96E8D6EDCC528CC51AB2D52E16BD4
tools/test_native.ps1,tracked,564,F30BC77E79CA23CF6674F5A3C48EA6BC39BD1E42C8E79479EAC2B2B33D9A44E3
