2026-09-01T15:44:04.141756+00:00	5b4f42435d205041594c4f41445f5354415455532073746174653d4f4e4c494e4520706f6c6c733d34363730206f6b3d343636322074696d656f75743d38206372633d30207365713d38207265636f766572793d31206865617274626561743d4f4b207761746368646f673d4f4b0d0a	[OBC] PAYLOAD_STATUS state=ONLINE polls=4670 ok=4662 timeout=8 crc=0 seq=8 recovery=1 heartbeat=OK watchdog=OK\r\n
2026-09-01T15:44:04.204143+00:00	5b4f42435d205041594c4f41445f54494d454f555420636f6e73656375746976653d310d0a	[OBC] PAYLOAD_TIMEOUT consecutive=1\r\n
2026-09-01T15:44:04.699648+00:00	5b4f42435d205041594c4f41445f4143434550544544207365713d34363731206d6f64653d300d0a	[OBC] PAYLOAD_ACCEPTED seq=4671 mode=0\r\n
2026-09-01T15:44:05.963276+00:00	5b4f42435d20524541445920626f6172643d4e55434c454f2d46343131524520726f6c653d434f4e54524f4c4c455220626175643d3131353230300d0a	[OBC] READY board=NUCLEO-F411RE role=CONTROLLER baud=115200\r\n
2026-09-01T15:44:05.976854+00:00	5b4f42435d205041594c4f41445f4c494e4b5f535441525420626175643d3131353230300d0a	[OBC] PAYLOAD_LINK_START baud=115200\r\n
2026-09-01T15:44:05.981102+00:00	5b4f42435d205041594c4f41445f4143434550544544207365713d30206d6f64653d300d0a	[OBC] PAYLOAD_ACCEPTED seq=0 mode=0\r\n
2026-09-01T15:44:06.039346+00:00	5b4f42435d205041594c4f41445f4f4e4c494e45207365713d302073616d706c653d322073656e736f723d3234383030206d6f64653d300d0a	[OBC] PAYLOAD_ONLINE seq=0 sample=2 sensor=24800 mode=0\r\n
2026-09-01T15:44:06.474245+00:00	5b4f42435d205041594c4f41445f4143434550544544207365713d31206d6f64653d300d0a	[OBC] PAYLOAD_ACCEPTED seq=1 mode=0\r\n
2026-09-01T15:44:06.968661+00:00	5b4f42435d205041594c4f41445f4143434550544544207365713d32206d6f64653d300d0a	[OBC] PAYLOAD_ACCEPTED seq=2 mode=0\r\n
2026-09-01T15:44:07.466982+00:00	5b4f42435d205041594c4f41445f4143434550544544207365713d33206d6f64653d300d0a	[OBC] PAYLOAD_ACCEPTED seq=3 mode=0\r\n
2026-09-01T15:44:07.964917+00:00	5b4f42435d205041594c4f41445f4143434550544544207365713d34206d6f64653d300d0a	[OBC] PAYLOAD_ACCEPTED seq=4 mode=0\r\n
2026-09-01T15:44:08.463388+00:00	5b4f42435d205041594c4f41445f4143434550544544207365713d35206d6f64653d300d0a	[OBC] PAYLOAD_ACCEPTED seq=5 mode=0\r\n
2026-09-01T15:44:08.959336+00:00	5b4f42435d205041594c4f41445f4143434550544544207365713d36206d6f64653d300d0a	[OBC] PAYLOAD_ACCEPTED seq=6 mode=0\r\n
2026-09-01T15:44:09.456793+00:00	5b4f42435d205041594c4f41445f4143434550544544207365713d37206d6f64653d300d0a	[OBC] PAYLOAD_ACCEPTED seq=7 mode=0\r\n
2026-09-01T15:44:09.949950+00:00	5b4f42435d205041594c4f41445f4143434550544544207365713d38206d6f64653d300d0a	[OBC] PAYLOAD_ACCEPTED seq=8 mode=0\r\n
2026-09-01T15:44:10.446818+00:00	5b4f42435d205041594c4f41445f4143434550544544207365713d39206d6f64653d300d0a	[OBC] PAYLOAD_ACCEPTED seq=9 mode=0\r\n
2026-09-01T15:44:10.921618+00:00	5b4f42435d205041594c4f41445f5354415455532073746174653d4f4e4c494e4520706f6c6c733d3130206f6b3d31302074696d656f75743d30206372633d30207365713d30207265636f766572793d30206865617274626561743d4f4b207761746368646f673d4f4b0d0a	[OBC] PAYLOAD_STATUS state=ONLINE polls=10 ok=10 timeout=0 crc=0 seq=0 recovery=0 heartbeat=OK watchdog=OK\r\n
2026-09-01T15:44:10.972444+00:00	5b4f42435d205041594c4f41445f4143434550544544207365713d3130206d6f64653d300d0a	[OBC] PAYLOAD_ACCEPTED seq=10 mode=0\r\n
2026-09-01T15:44:11.466306+00:00	5b4f42435d205041594c4f41445f4143434550544544207365713d3131206d6f64653d300d0a	[OBC] PAYLOAD_ACCEPTED seq=11 mode=0\r\n
2026-09-01T15:44:11.960702+00:00	5b4f42435d205041594c4f41445f4143434550544544207365713d3132206d6f64653d300d0a	[OBC] PAYLOAD_ACCEPTED seq=12 mode=0\r\n
2026-09-01T15:44:12.458362+00:00	5b4f42435d205041594c4f41445f4143434550544544207365713d3133206d6f64653d300d0a	[OBC] PAYLOAD_ACCEPTED seq=13 mode=0\r\n
2026-09-01T15:44:12.957647+00:00	5b4f42435d205041594c4f41445f4143434550544544207365713d3134206d6f64653d300d0a	[OBC] PAYLOAD_ACCEPTED seq=14 mode=0\r\n
2026-09-01T15:44:13.455723+00:00	5b4f42435d205041594c4f41445f4143434550544544207365713d3135206d6f64653d300d0a	[OBC] PAYLOAD_ACCEPTED seq=15 mode=0\r\n
2026-09-01T15:44:13.949277+00:00	5b4f42435d205041594c4f41445f4143434550544544207365713d3136206d6f64653d300d0a	[OBC] PAYLOAD_ACCEPTED seq=16 mode=0\r\n
2026-09-01T15:44:14.445249+00:00	5b4f42435d205041594c4f41445f4143434550544544207365713d3137206d6f64653d300d0a	[OBC] PAYLOAD_ACCEPTED seq=17 mode=0\r\n
2026-09-01T15:44:14.881884+00:00	5b4f42435d205041594c4f41445f4143434550544544207365713d3138206d6f64653d300d0a	[OBC] PAYLOAD_ACCEPTED seq=18 mode=0\r\n
2026-09-01T15:44:15.376826+00:00	5b4f42435d205041594c4f41445f4143434550544544207365713d3139206d6f64653d300d0a	[OBC] PAYLOAD_ACCEPTED seq=19 mode=0\r\n
2026-09-01T15:44:15.862214+00:00	5b4f42435d205041594c4f41445f5354415455532073746174653d4f4e4c494e4520706f6c6c733d3230206f6b3d32302074696d656f75743d30206372633d30207365713d30207265636f766572793d30206865617274626561743d4f4b207761746368646f673d4f4b0d0a	[OBC] PAYLOAD_STATUS state=ONLINE polls=20 ok=20 timeout=0 crc=0 seq=0 recovery=0 heartbeat=OK watchdog=OK\r\n
2026-09-01T15:44:15.921047+00:00	5b4f42435d205041594c4f41445f4143434550544544207365713d3230206d6f64653d300d0a	[OBC] PAYLOAD_ACCEPTED seq=20 mode=0\r\n
2026-09-01T15:44:16.416576+00:00	5b4f42435d205041594c4f41445f4143434550544544207365713d3231206d6f64653d300d0a	[OBC] PAYLOAD_ACCEPTED seq=21 mode=0\r\n
2026-09-01T15:44:16.911418+00:00	5b4f42435d205041594c4f41445f4143434550544544207365713d3232206d6f64653d300d0a	[OBC] PAYLOAD_ACCEPTED seq=22 mode=0\r\n
2026-09-01T15:44:17.405812+00:00	5b4f42435d205041594c4f41445f4143434550544544207365713d3233206d6f64653d300d0a	[OBC] PAYLOAD_ACCEPTED seq=23 mode=0\r\n
2026-09-01T15:44:17.902535+00:00	5b4f42435d205041594c4f41445f4143434550544544207365713d3234206d6f64653d300d0a	[OBC] PAYLOAD_ACCEPTED seq=24 mode=0\r\n
2026-09-01T15:44:18.339359+00:00	5b4f42435d205041594c4f41445f4143434550544544207365713d3235206d6f64653d300d0a	[OBC] PAYLOAD_ACCEPTED seq=25 mode=0\r\n
2026-09-01T15:44:18.833246+00:00	5b4f42435d205041594c4f41445f4143434550544544207365713d3236206d6f64653d300d0a	[OBC] PAYLOAD_ACCEPTED seq=26 mode=0\r\n
2026-09-01T15:44:19.329707+00:00	5b4f42435d205041594c4f41445f4143434550544544207365713d3237206d6f64653d300d0a	[OBC] PAYLOAD_ACCEPTED seq=27 mode=0\r\n
2026-09-01T15:44:19.826254+00:00	5b4f42435d205041594c4f41445f4143434550544544207365713d3238206d6f64653d300d0a	[OBC] PAYLOAD_ACCEPTED seq=28 mode=0\r\n
2026-09-01T15:44:20.321095+00:00	5b4f42435d205041594c4f41445f4143434550544544207365713d3239206d6f64653d300d0a	[OBC] PAYLOAD_ACCEPTED seq=29 mode=0\r\n
2026-09-01T15:44:20.803256+00:00	5b4f42435d205041594c4f41445f5354415455532073746174653d4f4e4c494e4520706f6c6c733d3330206f6b3d33302074696d656f75743d30206372633d30207365713d30207265636f766572793d30206865617274626561743d4f4b207761746368646f673d4f4b0d0a	[OBC] PAYLOAD_STATUS state=ONLINE polls=30 ok=30 timeout=0 crc=0 seq=0 recovery=0 heartbeat=OK watchdog=OK\r\n
2026-09-01T15:44:20.862155+00:00	5b4f42435d205041594c4f41445f4143434550544544207365713d3330206d6f64653d300d0a	[OBC] PAYLOAD_ACCEPTED seq=30 mode=0\r\n
2026-09-01T15:44:21.358720+00:00	5b4f42435d205041594c4f41445f4143434550544544207365713d3331206d6f64653d300d0a	[OBC] PAYLOAD_ACCEPTED seq=31 mode=0\r\n
2026-09-01T15:44:21.792315+00:00	5b4f42435d205041594c4f41445f4143434550544544207365713d3332206d6f64653d300d0a	[OBC] PAYLOAD_ACCEPTED seq=32 mode=0\r\n
2026-09-01T15:44:22.289813+00:00	5b4f42435d205041594c4f41445f4143434550544544207365713d3333206d6f64653d300d0a	[OBC] PAYLOAD_ACCEPTED seq=33 mode=0\r\n
2026-09-01T15:44:22.785796+00:00	5b4f42435d205041594c4f41445f4143434550544544207365713d3334206d6f64653d300d0a	[OBC] PAYLOAD_ACCEPTED seq=34 mode=0\r\n
2026-09-01T15:44:23.279332+00:00	5b4f42435d205041594c4f41445f4143434550544544207365713d3335206d6f64653d300d0a	[OBC] PAYLOAD_ACCEPTED seq=35 mode=0\r\n
2026-09-01T15:44:23.775760+00:00	5b4f42435d205041594c4f41445f4143434550544544207365713d3336206d6f64653d300d0a	[OBC] PAYLOAD_ACCEPTED seq=36 mode=0\r\n
2026-09-01T15:44:24.273418+00:00	5b4f42435d205041594c4f41445f4143434550544544207365713d3337206d6f64653d300d0a	[OBC] PAYLOAD_ACCEPTED seq=37 mode=0\r\n
2026-09-01T15:44:24.770029+00:00	5b4f42435d205041594c4f41445f4143434550544544207365713d3338206d6f64653d300d0a	[OBC] PAYLOAD_ACCEPTED seq=38 mode=0\r\n
2026-09-01T15:44:25.264317+00:00	5b4f42435d205041594c4f41445f4143434550544544207365713d3339206d6f64653d300d0a	[OBC] PAYLOAD_ACCEPTED seq=39 mode=0\r\n
2026-09-01T15:44:25.742790+00:00	5b4f42435d205041594c4f41445f5354415455532073746174653d4f4e4c494e4520706f6c6c733d3430206f6b3d34302074696d656f75743d30206372633d30207365713d30207265636f766572793d30206865617274626561743d4f4b207761746368646f673d4f4b0d0a	[OBC] PAYLOAD_STATUS state=ONLINE polls=40 ok=40 timeout=0 crc=0 seq=0 recovery=0 heartbeat=OK watchdog=OK\r\n
2026-09-01T15:44:25.804022+00:00	5b4f42435d205041594c4f41445f4143434550544544207365713d3430206d6f64653d300d0a	[OBC] PAYLOAD_ACCEPTED seq=40 mode=0\r\n
2026-09-01T15:44:26.299862+00:00	5b4f42435d205041594c4f41445f4143434550544544207365713d3431206d6f64653d300d0a	[OBC] PAYLOAD_ACCEPTED seq=41 mode=0\r\n
2026-09-01T15:44:26.794670+00:00	5b4f42435d205041594c4f41445f4143434550544544207365713d3432206d6f64653d300d0a	[OBC] PAYLOAD_ACCEPTED seq=42 mode=0\r\n
2026-09-01T15:44:27.230644+00:00	5b4f42435d205041594c4f41445f4143434550544544207365713d3433206d6f64653d300d0a	[OBC] PAYLOAD_ACCEPTED seq=43 mode=0\r\n
2026-09-01T15:44:27.725588+00:00	5b4f42435d205041594c4f41445f4143434550544544207365713d3434206d6f64653d300d0a	[OBC] PAYLOAD_ACCEPTED seq=44 mode=0\r\n
2026-09-01T15:44:28.219095+00:00	5b4f42435d205041594c4f41445f4143434550544544207365713d3435206d6f64653d300d0a	[OBC] PAYLOAD_ACCEPTED seq=45 mode=0\r\n
2026-09-01T15:44:28.715290+00:00	5b4f42435d205041594c4f41445f4143434550544544207365713d3436206d6f64653d300d0a	[OBC] PAYLOAD_ACCEPTED seq=46 mode=0\r\n
2026-09-01T15:44:29.211417+00:00	5b4f42435d205041594c4f41445f4143434550544544207365713d3437206d6f64653d300d0a	[OBC] PAYLOAD_ACCEPTED seq=47 mode=0\r\n
2026-09-01T15:44:29.706286+00:00	5b4f42435d205041594c4f41445f4143434550544544207365713d3438206d6f64653d300d0a	[OBC] PAYLOAD_ACCEPTED seq=48 mode=0\r\n
2026-09-01T15:44:30.198450+00:00	5b4f42435d205041594c4f41445f4143434550544544207365713d3439206d6f64653d300d0a	[OBC] PAYLOAD_ACCEPTED seq=49 mode=0\r\n
2026-09-01T15:44:30.685329+00:00	5b4f42435d205041594c4f41445f5354415455532073746174653d4f4e4c494e4520706f6c6c733d3530206f6b3d35302074696d656f75743d30206372633d30207365713d30207265636f766572793d30206865617274626561743d4f4b207761746368646f673d4f4b0d0a	[OBC] PAYLOAD_STATUS state=ONLINE polls=50 ok=50 timeout=0 crc=0 seq=0 recovery=0 heartbeat=OK watchdog=OK\r\n
2026-09-01T15:44:30.741879+00:00	5b4f42435d205041594c4f41445f4143434550544544207365713d3530206d6f64653d300d0a	[OBC] PAYLOAD_ACCEPTED seq=50 mode=0\r\n
2026-09-01T15:44:31.240410+00:00	5b4f42435d205041594c4f41445f4143434550544544207365713d3531206d6f64653d300d0a	[OBC] PAYLOAD_ACCEPTED seq=51 mode=0\r\n
2026-09-01T15:44:31.735911+00:00	5b4f42435d205041594c4f41445f4143434550544544207365713d3532206d6f64653d300d0a	[OBC] PAYLOAD_ACCEPTED seq=52 mode=0\r\n
2026-09-01T15:44:32.227710+00:00	5b4f42435d205041594c4f41445f4143434550544544207365713d3533206d6f64653d300d0a	[OBC] PAYLOAD_ACCEPTED seq=53 mode=0\r\n
2026-09-01T15:44:32.724304+00:00	5b4f42435d205041594c4f41445f4143434550544544207365713d3534206d6f64653d300d0a	[OBC] PAYLOAD_ACCEPTED seq=54 mode=0\r\n
2026-09-01T15:44:33.160594+00:00	5b4f42435d205041594c4f41445f4143434550544544207365713d3535206d6f64653d300d0a	[OBC] PAYLOAD_ACCEPTED seq=55 mode=0\r\n
2026-09-01T15:44:33.654217+00:00	5b4f42435d205041594c4f41445f4143434550544544207365713d3536206d6f64653d300d0a	[OBC] PAYLOAD_ACCEPTED seq=56 mode=0\r\n
2026-09-01T15:44:34.149213+00:00	5b4f42435d205041594c4f41445f4143434550544544207365713d3537206d6f64653d300d0a	[OBC] PAYLOAD_ACCEPTED seq=57 mode=0\r\n
2026-09-01T15:44:34.644783+00:00	5b4f42435d205041594c4f41445f4143434550544544207365713d3538206d6f64653d300d0a	[OBC] PAYLOAD_ACCEPTED seq=58 mode=0\r\n
2026-09-01T15:44:35.137182+00:00	5b4f42435d205041594c4f41445f4143434550544544207365713d3539206d6f64653d300d0a	[OBC] PAYLOAD_ACCEPTED seq=59 mode=0\r\n
2026-09-01T15:44:35.625690+00:00	5b4f42435d205041594c4f41445f5354415455532073746174653d4f4e4c494e4520706f6c6c733d3630206f6b3d36302074696d656f75743d30206372633d30207365713d30207265636f766572793d30206865617274626561743d4f4b207761746368646f673d4f4b0d0a	[OBC] PAYLOAD_STATUS state=ONLINE polls=60 ok=60 timeout=0 crc=0 seq=0 recovery=0 heartbeat=OK watchdog=OK\r\n
2026-09-01T15:44:35.691516+00:00	5b4f42435d205041594c4f41445f4143434550544544207365713d3630206d6f64653d300d0a	[OBC] PAYLOAD_ACCEPTED seq=60 mode=0\r\n
2026-09-01T15:44:36.124502+00:00	5b4f42435d205041594c4f41445f4143434550544544207365713d3631206d6f64653d300d0a	[OBC] PAYLOAD_ACCEPTED seq=61 mode=0\r\n
2026-09-01T15:44:36.619047+00:00	5b4f42435d205041594c4f41445f4143434550544544207365713d3632206d6f64653d300d0a	[OBC] PAYLOAD_ACCEPTED seq=62 mode=0\r\n
2026-09-01T15:44:37.114852+00:00	5b4f42435d205041594c4f41445f4143434550544544207365713d3633206d6f64653d300d0a	[OBC] PAYLOAD_ACCEPTED seq=63 mode=0\r\n
2026-09-01T15:44:37.613341+00:00	5b4f42435d205041594c4f41445f4143434550544544207365713d3634206d6f64653d300d0a	[OBC] PAYLOAD_ACCEPTED seq=64 mode=0\r\n
2026-09-01T15:44:38.110533+00:00	5b4f42435d205041594c4f41445f4143434550544544207365713d3635206d6f64653d300d0a	[OBC] PAYLOAD_ACCEPTED seq=65 mode=0\r\n
2026-09-01T15:44:38.606614+00:00	5b4f42435d205041594c4f41445f4143434550544544207365713d3636206d6f64653d300d0a	[OBC] PAYLOAD_ACCEPTED seq=66 mode=0\r\n
2026-09-01T15:44:39.102387+00:00	5b4f42435d205041594c4f41445f4143434550544544207365713d3637206d6f64653d300d0a	[OBC] PAYLOAD_ACCEPTED seq=67 mode=0\r\n
2026-09-01T15:44:39.599729+00:00	5b4f42435d205041594c4f41445f4143434550544544207365713d3638206d6f64653d300d0a	[OBC] PAYLOAD_ACCEPTED seq=68 mode=0\r\n
2026-09-01T15:44:40.094515+00:00	5b4f42435d205041594c4f41445f4143434550544544207365713d3639206d6f64653d300d0a	[OBC] PAYLOAD_ACCEPTED seq=69 mode=0\r\n
2026-09-01T15:44:40.566811+00:00	5b4f42435d205041594c4f41445f5354415455532073746174653d4f4e4c494e4520706f6c6c733d3730206f6b3d37302074696d656f75743d30206372633d30207365713d30207265636f766572793d30206865617274626561743d4f4b207761746368646f673d4f4b0d0a	[OBC] PAYLOAD_STATUS state=ONLINE polls=70 ok=70 timeout=0 crc=0 seq=0 recovery=0 heartbeat=OK watchdog=OK\r\n
2026-09-01T15:44:40.622377+00:00	5b4f42435d205041594c4f41445f4143434550544544207365713d3730206d6f64653d300d0a	[OBC] PAYLOAD_ACCEPTED seq=70 mode=0\r\n
2026-09-01T15:44:41.119375+00:00	5b4f42435d205041594c4f41445f4143434550544544207365713d3731206d6f64653d300d0a	[OBC] PAYLOAD_ACCEPTED seq=71 mode=0\r\n
2026-09-01T15:44:41.617113+00:00	5b4f42435d205041594c4f41445f4143434550544544207365713d3732206d6f64653d300d0a	[OBC] PAYLOAD_ACCEPTED seq=72 mode=0\r\n
2026-09-01T15:44:42.112555+00:00	5b4f42435d205041594c4f41445f4143434550544544207365713d3733206d6f64653d300d0a	[OBC] PAYLOAD_ACCEPTED seq=73 mode=0\r\n
2026-09-01T15:44:42.549061+00:00	5b4f42435d205041594c4f41445f4143434550544544207365713d3734206d6f64653d300d0a	[OBC] PAYLOAD_ACCEPTED seq=74 mode=0\r\n
2026-09-01T15:44:43.046094+00:00	5b4f42435d205041594c4f41445f4143434550544544207365713d3735206d6f64653d300d0a	[OBC] PAYLOAD_ACCEPTED seq=75 mode=0\r\n
2026-09-01T15:44:43.538110+00:00	5b4f42435d205041594c4f41445f4143434550544544207365713d3736206d6f64653d300d0a	[OBC] PAYLOAD_ACCEPTED seq=76 mode=0\r\n
2026-09-01T15:44:44.031011+00:00	5b4f42435d205041594c4f41445f4143434550544544207365713d3737206d6f64653d300d0a	[OBC] PAYLOAD_ACCEPTED seq=77 mode=0\r\n
2026-09-01T15:44:44.523254+00:00	5b4f42435d205041594c4f41445f4143434550544544207365713d3738206d6f64653d300d0a	[OBC] PAYLOAD_ACCEPTED seq=78 mode=0\r\n
2026-09-01T15:44:45.021308+00:00	5b4f42435d205041594c4f41445f4143434550544544207365713d3739206d6f64653d300d0a	[OBC] PAYLOAD_ACCEPTED seq=79 mode=0\r\n
2026-09-01T15:44:45.507242+00:00	5b4f42435d205041594c4f41445f5354415455532073746174653d4f4e4c494e4520706f6c6c733d3830206f6b3d38302074696d656f75743d30206372633d30207365713d30207265636f766572793d30206865617274626561743d4f4b207761746368646f673d4f4b0d0a	[OBC] PAYLOAD_STATUS state=ONLINE polls=80 ok=80 timeout=0 crc=0 seq=0 recovery=0 heartbeat=OK watchdog=OK\r\n
2026-09-01T15:44:45.561380+00:00	5b4f42435d205041594c4f41445f4143434550544544207365713d3830206d6f64653d300d0a	[OBC] PAYLOAD_ACCEPTED seq=80 mode=0\r\n
2026-09-01T15:44:46.055535+00:00	5b4f42435d205041594c4f41445f4143434550544544207365713d3831206d6f64653d300d0a	[OBC] PAYLOAD_ACCEPTED seq=81 mode=0\r\n
2026-09-01T15:44:46.550158+00:00	5b4f42435d205041594c4f41445f4143434550544544207365713d3832206d6f64653d300d0a	[OBC] PAYLOAD_ACCEPTED seq=82 mode=0\r\n
2026-09-01T15:44:47.041475+00:00	5b4f42435d205041594c4f41445f4143434550544544207365713d3833206d6f64653d300d0a	[OBC] PAYLOAD_ACCEPTED seq=83 mode=0\r\n
2026-09-01T15:44:47.535986+00:00	5b4f42435d205041594c4f41445f4143434550544544207365713d3834206d6f64653d300d0a	[OBC] PAYLOAD_ACCEPTED seq=84 mode=0\r\n
2026-09-01T15:44:48.028474+00:00	5b4f42435d205041594c4f41445f4143434550544544207365713d3835206d6f64653d300d0a	[OBC] PAYLOAD_ACCEPTED seq=85 mode=0\r\n
2026-09-01T15:44:48.523435+00:00	5b4f42435d205041594c4f41445f4143434550544544207365713d3836206d6f64653d300d0a	[OBC] PAYLOAD_ACCEPTED seq=86 mode=0\r\n
2026-09-01T15:44:49.021993+00:00	5b4f42435d205041594c4f41445f4143434550544544207365713d3837206d6f64653d300d0a	[OBC] PAYLOAD_ACCEPTED seq=87 mode=0\r\n
2026-09-01T15:44:49.518848+00:00	5b4f42435d205041594c4f41445f4143434550544544207365713d3838206d6f64653d300d0a	[OBC] PAYLOAD_ACCEPTED seq=88 mode=0\r\n
2026-09-01T15:44:50.014411+00:00	5b4f42435d205041594c4f41445f4143434550544544207365713d3839206d6f64653d300d0a	[OBC] PAYLOAD_ACCEPTED seq=89 mode=0\r\n
2026-09-01T15:44:50.446945+00:00	5b4f42435d205041594c4f41445f5354415455532073746174653d4f4e4c494e4520706f6c6c733d3930206f6b3d39302074696d656f75743d30206372633d30207365713d30207265636f766572793d30206865617274626561743d4f4b207761746368646f673d4f4b0d0a	[OBC] PAYLOAD_STATUS state=ONLINE polls=90 ok=90 timeout=0 crc=0 seq=0 recovery=0 heartbeat=OK watchdog=OK\r\n
2026-09-01T15:44:50.509186+00:00	5b4f42435d205041594c4f41445f4143434550544544207365713d3930206d6f64653d300d0a	[OBC] PAYLOAD_ACCEPTED seq=90 mode=0\r\n
2026-09-01T15:44:51.004129+00:00	5b4f42435d205041594c4f41445f4143434550544544207365713d3931206d6f64653d300d0a	[OBC] PAYLOAD_ACCEPTED seq=91 mode=0\r\n
2026-09-01T15:44:51.438334+00:00	5b4f42435d205041594c4f41445f4143434550544544207365713d3932206d6f64653d300d0a	[OBC] PAYLOAD_ACCEPTED seq=92 mode=0\r\n
2026-09-01T15:44:51.937140+00:00	5b4f42435d205041594c4f41445f4143434550544544207365713d3933206d6f64653d300d0a	[OBC] PAYLOAD_ACCEPTED seq=93 mode=0\r\n
2026-09-01T15:44:52.430538+00:00	5b4f42435d205041594c4f41445f4143434550544544207365713d3934206d6f64653d300d0a	[OBC] PAYLOAD_ACCEPTED seq=94 mode=0\r\n
2026-09-01T15:44:52.923929+00:00	5b4f42435d205041594c4f41445f4143434550544544207365713d3935206d6f64653d300d0a	[OBC] PAYLOAD_ACCEPTED seq=95 mode=0\r\n
2026-09-01T15:44:53.418658+00:00	5b4f42435d205041594c4f41445f4143434550544544207365713d3936206d6f64653d300d0a	[OBC] PAYLOAD_ACCEPTED seq=96 mode=0\r\n
2026-09-01T15:44:53.915228+00:00	5b4f42435d205041594c4f41445f4143434550544544207365713d3937206d6f64653d300d0a	[OBC] PAYLOAD_ACCEPTED seq=97 mode=0\r\n
2026-09-01T15:44:54.411305+00:00	5b4f42435d205041594c4f41445f4143434550544544207365713d3938206d6f64653d300d0a	[OBC] PAYLOAD_ACCEPTED seq=98 mode=0\r\n
2026-09-01T15:44:54.906837+00:00	5b4f42435d205041594c4f41445f4143434550544544207365713d3939206d6f64653d300d0a	[OBC] PAYLOAD_ACCEPTED seq=99 mode=0\r\n
2026-09-01T15:44:55.388800+00:00	5b4f42435d205041594c4f41445f5354415455532073746174653d4f4e4c494e4520706f6c6c733d313030206f6b3d3130302074696d656f75743d30206372633d30207365713d30207265636f766572793d30206865617274626561743d4f4b207761746368646f673d4f4b0d0a	[OBC] PAYLOAD_STATUS state=ONLINE polls=100 ok=100 timeout=0 crc=0 seq=0 recovery=0 heartbeat=OK watchdog=OK\r\n
2026-09-01T15:44:55.452619+00:00	5b4f42435d205041594c4f41445f4143434550544544207365713d313030206d6f64653d300d0a	[OBC] PAYLOAD_ACCEPTED seq=100 mode=0\r\n
2026-09-01T15:44:55.886537+00:00	5b4f42435d205041594c4f41445f4143434550544544207365713d313031206d6f64653d300d0a	[OBC] PAYLOAD_ACCEPTED seq=101 mode=0\r\n
2026-09-01T15:44:56.383212+00:00	5b4f42435d205041594c4f41445f4143434550544544207365713d313032206d6f64653d300d0a	[OBC] PAYLOAD_ACCEPTED seq=102 mode=0\r\n
2026-09-01T15:44:56.880082+00:00	5b4f42435d205041594c4f41445f4143434550544544207365713d313033206d6f64653d300d0a	[OBC] PAYLOAD_ACCEPTED seq=103 mode=0\r\n
2026-09-01T15:44:57.377512+00:00	5b4f42435d205041594c4f41445f4143434550544544207365713d313034206d6f64653d300d0a	[OBC] PAYLOAD_ACCEPTED seq=104 mode=0\r\n
2026-09-01T15:44:57.870931+00:00	5b4f42435d205041594c4f41445f4143434550544544207365713d313035206d6f64653d300d0a	[OBC] PAYLOAD_ACCEPTED seq=105 mode=0\r\n
2026-09-01T15:44:58.366464+00:00	5b4f42435d205041594c4f41445f4143434550544544207365713d313036206d6f64653d300d0a	[OBC] PAYLOAD_ACCEPTED seq=106 mode=0\r\n
2026-09-01T15:44:58.860267+00:00	5b4f42435d205041594c4f41445f4143434550544544207365713d313037206d6f64653d300d0a	[OBC] PAYLOAD_ACCEPTED seq=107 mode=0\r\n
2026-09-01T15:44:59.359520+00:00	5b4f42435d205041594c4f41445f4143434550544544207365713d313038206d6f64653d300d0a	[OBC] PAYLOAD_ACCEPTED seq=108 mode=0\r\n
2026-09-01T15:44:59.855199+00:00	5b4f42435d205041594c4f41445f4143434550544544207365713d313039206d6f64653d300d0a	[OBC] PAYLOAD_ACCEPTED seq=109 mode=0\r\n
2026-09-01T15:45:00.328414+00:00	5b4f42435d205041594c4f41445f5354415455532073746174653d4f4e4c494e4520706f6c6c733d313130206f6b3d3131302074696d656f75743d30206372633d30207365713d30207265636f766572793d30206865617274626561743d4f4b207761746368646f673d4f4b0d0a	[OBC] PAYLOAD_STATUS state=ONLINE polls=110 ok=110 timeout=0 crc=0 seq=0 recovery=0 heartbeat=OK watchdog=OK\r\n
2026-09-01T15:45:00.383462+00:00	5b4f42435d205041594c4f41445f4143434550544544207365713d313130206d6f64653d300d0a	[OBC] PAYLOAD_ACCEPTED seq=110 mode=0\r\n
2026-09-01T15:45:00.879948+00:00	5b4f42435d205041594c4f41445f4143434550544544207365713d313131206d6f64653d300d0a	[OBC] PAYLOAD_ACCEPTED seq=111 mode=0\r\n
2026-09-01T15:45:01.378003+00:00	5b4f42435d205041594c4f41445f4143434550544544207365713d313132206d6f64653d300d0a	[OBC] PAYLOAD_ACCEPTED seq=112 mode=0\r\n
2026-09-01T15:45:01.872283+00:00	5b4f42435d205041594c4f41445f4143434550544544207365713d313133206d6f64653d300d0a	[OBC] PAYLOAD_ACCEPTED seq=113 mode=0\r\n
2026-09-01T15:45:02.368640+00:00	5b4f42435d205041594c4f41445f4143434550544544207365713d313134206d6f64653d300d0a	[OBC] PAYLOAD_ACCEPTED seq=114 mode=0\r\n
2026-09-01T15:45:02.803146+00:00	5b4f42435d205041594c4f41445f4143434550544544207365713d313135206d6f64653d300d0a	[OBC] PAYLOAD_ACCEPTED seq=115 mode=0\r\n
2026-09-01T15:45:03.295307+00:00	5b4f42435d205041594c4f41445f4143434550544544207365713d313136206d6f64653d300d0a	[OBC] PAYLOAD_ACCEPTED seq=116 mode=0\r\n
2026-09-01T15:45:03.789436+00:00	5b4f42435d205041594c4f41445f4143434550544544207365713d313137206d6f64653d300d0a	[OBC] PAYLOAD_ACCEPTED seq=117 mode=0\r\n
2026-09-01T15:45:04.286050+00:00	5b4f42435d205041594c4f41445f4143434550544544207365713d313138206d6f64653d300d0a	[OBC] PAYLOAD_ACCEPTED seq=118 mode=0\r\n
2026-09-01T15:45:04.783142+00:00	5b4f42435d205041594c4f41445f4143434550544544207365713d313139206d6f64653d300d0a	[OBC] PAYLOAD_ACCEPTED seq=119 mode=0\r\n
2026-09-01T15:45:05.269365+00:00	5b4f42435d205041594c4f41445f5354415455532073746174653d4f4e4c494e4520706f6c6c733d313230206f6b3d3132302074696d656f75743d30206372633d30207365713d30207265636f766572793d30206865617274626561743d4f4b207761746368646f673d4f4b0d0a	[OBC] PAYLOAD_STATUS state=ONLINE polls=120 ok=120 timeout=0 crc=0 seq=0 recovery=0 heartbeat=OK watchdog=OK\r\n
2026-09-01T15:45:05.326261+00:00	5b4f42435d205041594c4f41445f4143434550544544207365713d313230206d6f64653d300d0a	[OBC] PAYLOAD_ACCEPTED seq=120 mode=0\r\n
2026-09-01T15:45:05.824732+00:00	5b4f42435d205041594c4f41445f4143434550544544207365713d313231206d6f64653d300d0a	[OBC] PAYLOAD_ACCEPTED seq=121 mode=0\r\n
2026-09-01T15:45:06.318781+00:00	5b4f42435d205041594c4f41445f4143434550544544207365713d313232206d6f64653d300d0a	[OBC] PAYLOAD_ACCEPTED seq=122 mode=0\r\n
2026-09-01T15:45:06.811390+00:00	5b4f42435d205041594c4f41445f4143434550544544207365713d313233206d6f64653d300d0a	[OBC] PAYLOAD_ACCEPTED seq=123 mode=0\r\n
2026-09-01T15:45:07.307535+00:00	5b4f42435d205041594c4f41445f4143434550544544207365713d313234206d6f64653d300d0a	[OBC] PAYLOAD_ACCEPTED seq=124 mode=0\r\n
2026-09-01T15:45:07.801219+00:00	5b4f42435d205041594c4f41445f4143434550544544207365713d313235206d6f64653d300d0a	[OBC] PAYLOAD_ACCEPTED seq=125 mode=0\r\n
2026-09-01T15:45:08.294158+00:00	5b4f42435d205041594c4f41445f4143434550544544207365713d313236206d6f64653d300d0a	[OBC] PAYLOAD_ACCEPTED seq=126 mode=0\r\n
2026-09-01T15:45:08.784521+00:00	5b4f42435d205041594c4f41445f4143434550544544207365713d313237206d6f64653d300d0a	[OBC] PAYLOAD_ACCEPTED seq=127 mode=0\r\n
2026-09-01T15:45:09.279319+00:00	5b4f42435d205041594c4f41445f4143434550544544207365713d313238206d6f64653d300d0a	[OBC] PAYLOAD_ACCEPTED seq=128 mode=0\r\n
2026-09-01T15:45:09.772003+00:00	5b4f42435d205041594c4f41445f4143434550544544207365713d313239206d6f64653d300d0a	[OBC] PAYLOAD_ACCEPTED seq=129 mode=0\r\n
2026-09-01T15:45:10.208677+00:00	5b4f42435d205041594c4f41445f5354415455532073746174653d4f4e4c494e4520706f6c6c733d313330206f6b3d3133302074696d656f75743d30206372633d30207365713d30207265636f766572793d30206865617274626561743d4f4b207761746368646f673d4f4b0d0a	[OBC] PAYLOAD_STATUS state=ONLINE polls=130 ok=130 timeout=0 crc=0 seq=0 recovery=0 heartbeat=OK watchdog=OK\r\n
2026-09-01T15:45:10.267667+00:00	5b4f42435d205041594c4f41445f4143434550544544207365713d313330206d6f64653d300d0a	[OBC] PAYLOAD_ACCEPTED seq=130 mode=0\r\n
2026-09-01T15:45:10.764293+00:00	5b4f42435d205041594c4f41445f4143434550544544207365713d313331206d6f64653d300d0a	[OBC] PAYLOAD_ACCEPTED seq=131 mode=0\r\n
2026-09-01T15:45:11.258555+00:00	5b4f42435d205041594c4f41445f4143434550544544207365713d313332206d6f64653d300d0a	[OBC] PAYLOAD_ACCEPTED seq=132 mode=0\r\n
2026-09-01T15:45:11.693939+00:00	5b4f42435d205041594c4f41445f4143434550544544207365713d313333206d6f64653d300d0a	[OBC] PAYLOAD_ACCEPTED seq=133 mode=0\r\n
2026-09-01T15:45:12.191013+00:00	5b4f42435d205041594c4f41445f4143434550544544207365713d313334206d6f64653d300d0a	[OBC] PAYLOAD_ACCEPTED seq=134 mode=0\r\n
2026-09-01T15:45:12.689208+00:00	5b4f42435d205041594c4f41445f4143434550544544207365713d313335206d6f64653d300d0a	[OBC] PAYLOAD_ACCEPTED seq=135 mode=0\r\n
2026-09-01T15:45:13.184397+00:00	5b4f42435d205041594c4f41445f4143434550544544207365713d313336206d6f64653d300d0a	[OBC] PAYLOAD_ACCEPTED seq=136 mode=0\r\n
2026-09-01T15:45:13.678296+00:00	5b4f42435d205041594c4f41445f4143434550544544207365713d313337206d6f64653d300d0a	[OBC] PAYLOAD_ACCEPTED seq=137 mode=0\r\n
2026-09-01T15:45:14.176443+00:00	5b4f42435d205041594c4f41445f4143434550544544207365713d313338206d6f64653d300d0a	[OBC] PAYLOAD_ACCEPTED seq=138 mode=0\r\n
2026-09-01T15:45:14.673836+00:00	5b4f42435d205041594c4f41445f4143434550544544207365713d313339206d6f64653d300d0a	[OBC] PAYLOAD_ACCEPTED seq=139 mode=0\r\n
2026-09-01T15:45:15.148164+00:00	5b4f42435d205041594c4f41445f5354415455532073746174653d4f4e4c494e4520706f6c6c733d313430206f6b3d3134302074696d656f75743d30206372633d30207365713d30207265636f766572793d30206865617274626561743d4f4b207761746368646f673d4f4b0d0a	[OBC] PAYLOAD_STATUS state=ONLINE polls=140 ok=140 timeout=0 crc=0 seq=0 recovery=0 heartbeat=OK watchdog=OK\r\n
2026-09-01T15:45:15.203965+00:00	5b4f42435d205041594c4f41445f4143434550544544207365713d313430206d6f64653d300d0a	[OBC] PAYLOAD_ACCEPTED seq=140 mode=0\r\n
2026-09-01T15:45:15.704081+00:00	5b4f42435d205041594c4f41445f4143434550544544207365713d313431206d6f64653d300d0a	[OBC] PAYLOAD_ACCEPTED seq=141 mode=0\r\n
2026-09-01T15:45:16.199203+00:00	5b4f42435d205041594c4f41445f4143434550544544207365713d313432206d6f64653d300d0a	[OBC] PAYLOAD_ACCEPTED seq=142 mode=0\r\n
2026-09-01T15:45:16.635076+00:00	5b4f42435d205041594c4f41445f4143434550544544207365713d313433206d6f64653d300d0a	[OBC] PAYLOAD_ACCEPTED seq=143 mode=0\r\n
2026-09-01T15:45:17.129709+00:00	5b4f42435d205041594c4f41445f4143434550544544207365713d313434206d6f64653d300d0a	[OBC] PAYLOAD_ACCEPTED seq=144 mode=0\r\n
2026-09-01T15:45:17.624965+00:00	5b4f42435d205041594c4f41445f4143434550544544207365713d313435206d6f64653d300d0a	[OBC] PAYLOAD_ACCEPTED seq=145 mode=0\r\n
2026-09-01T15:45:18.116678+00:00	5b4f42435d205041594c4f41445f4143434550544544207365713d313436206d6f64653d300d0a	[OBC] PAYLOAD_ACCEPTED seq=146 mode=0\r\n
2026-09-01T15:45:18.611389+00:00	5b4f42435d205041594c4f41445f4143434550544544207365713d313437206d6f64653d300d0a	[OBC] PAYLOAD_ACCEPTED seq=147 mode=0\r\n
2026-09-01T15:45:19.109396+00:00	5b4f42435d205041594c4f41445f4143434550544544207365713d313438206d6f64653d300d0a	[OBC] PAYLOAD_ACCEPTED seq=148 mode=0\r\n
2026-09-01T15:45:19.607711+00:00	5b4f42435d205041594c4f41445f4143434550544544207365713d313439206d6f64653d300d0a	[OBC] PAYLOAD_ACCEPTED seq=149 mode=0\r\n
2026-09-01T15:45:20.089757+00:00	5b4f42435d205041594c4f41445f5354415455532073746174653d4f4e4c494e4520706f6c6c733d313530206f6b3d3135302074696d656f75743d30206372633d30207365713d30207265636f766572793d30206865617274626561743d4f4b207761746368646f673d4f4b0d0a	[OBC] PAYLOAD_STATUS state=ONLINE polls=150 ok=150 timeout=0 crc=0 seq=0 recovery=0 heartbeat=OK watchdog=OK\r\n
2026-09-01T15:45:20.150030+00:00	5b4f42435d205041594c4f41445f4143434550544544207365713d313530206d6f64653d300d0a	[OBC] PAYLOAD_ACCEPTED seq=150 mode=0\r\n
2026-09-01T15:45:20.641599+00:00	5b4f42435d205041594c4f41445f4143434550544544207365713d313531206d6f64653d300d0a	[OBC] PAYLOAD_ACCEPTED seq=151 mode=0\r\n
2026-09-01T15:45:21.138591+00:00	5b4f42435d205041594c4f41445f4143434550544544207365713d313532206d6f64653d300d0a	[OBC] PAYLOAD_ACCEPTED seq=152 mode=0\r\n
2026-09-01T15:45:21.635991+00:00	5b4f42435d205041594c4f41445f4143434550544544207365713d313533206d6f64653d300d0a	[OBC] PAYLOAD_ACCEPTED seq=153 mode=0\r\n
2026-09-01T15:45:22.071923+00:00	5b4f42435d205041594c4f41445f4143434550544544207365713d313534206d6f64653d300d0a	[OBC] PAYLOAD_ACCEPTED seq=154 mode=0\r\n
2026-09-01T15:45:22.567856+00:00	5b4f42435d205041594c4f41445f4143434550544544207365713d313535206d6f64653d300d0a	[OBC] PAYLOAD_ACCEPTED seq=155 mode=0\r\n
2026-09-01T15:45:23.063132+00:00	5b4f42435d205041594c4f41445f4143434550544544207365713d313536206d6f64653d300d0a	[OBC] PAYLOAD_ACCEPTED seq=156 mode=0\r\n
2026-09-01T15:45:23.558864+00:00	5b4f42435d205041594c4f41445f4143434550544544207365713d313537206d6f64653d300d0a	[OBC] PAYLOAD_ACCEPTED seq=157 mode=0\r\n
2026-09-01T15:45:24.056916+00:00	5b4f42435d205041594c4f41445f4143434550544544207365713d313538206d6f64653d300d0a	[OBC] PAYLOAD_ACCEPTED seq=158 mode=0\r\n
2026-09-01T15:45:24.549781+00:00	5b4f42435d205041594c4f41445f4143434550544544207365713d313539206d6f64653d300d0a	[OBC] PAYLOAD_ACCEPTED seq=159 mode=0\r\n
2026-09-01T15:45:25.031576+00:00	5b4f42435d205041594c4f41445f5354415455532073746174653d4f4e4c494e4520706f6c6c733d313630206f6b3d3136302074696d656f75743d30206372633d30207365713d30207265636f766572793d30206865617274626561743d4f4b207761746368646f673d4f4b0d0a	[OBC] PAYLOAD_STATUS state=ONLINE polls=160 ok=160 timeout=0 crc=0 seq=0 recovery=0 heartbeat=OK watchdog=OK\r\n
2026-09-01T15:45:25.092710+00:00	5b4f42435d205041594c4f41445f4143434550544544207365713d313630206d6f64653d300d0a	[OBC] PAYLOAD_ACCEPTED seq=160 mode=0\r\n
2026-09-01T15:45:25.528555+00:00	5b4f42435d205041594c4f41445f4143434550544544207365713d313631206d6f64653d300d0a	[OBC] PAYLOAD_ACCEPTED seq=161 mode=0\r\n
2026-09-01T15:45:26.022942+00:00	5b4f42435d205041594c4f41445f4143434550544544207365713d313632206d6f64653d300d0a	[OBC] PAYLOAD_ACCEPTED seq=162 mode=0\r\n
2026-09-01T15:45:26.518140+00:00	5b4f42435d205041594c4f41445f4143434550544544207365713d313633206d6f64653d300d0a	[OBC] PAYLOAD_ACCEPTED seq=163 mode=0\r\n
2026-09-01T15:45:27.016380+00:00	5b4f42435d205041594c4f41445f4143434550544544207365713d313634206d6f64653d300d0a	[OBC] PAYLOAD_ACCEPTED seq=164 mode=0\r\n
2026-09-01T15:45:27.515735+00:00	5b4f42435d205041594c4f41445f4143434550544544207365713d313635206d6f64653d300d0a	[OBC] PAYLOAD_ACCEPTED seq=165 mode=0\r\n
2026-09-01T15:45:28.009047+00:00	5b4f42435d205041594c4f41445f4143434550544544207365713d313636206d6f64653d300d0a	[OBC] PAYLOAD_ACCEPTED seq=166 mode=0\r\n
2026-09-01T15:45:28.503836+00:00	5b4f42435d205041594c4f41445f4143434550544544207365713d313637206d6f64653d300d0a	[OBC] PAYLOAD_ACCEPTED seq=167 mode=0\r\n
2026-09-01T15:45:28.999286+00:00	5b4f42435d205041594c4f41445f4143434550544544207365713d313638206d6f64653d300d0a	[OBC] PAYLOAD_ACCEPTED seq=168 mode=0\r\n
2026-09-01T15:45:29.492744+00:00	5b4f42435d205041594c4f41445f4143434550544544207365713d313639206d6f64653d300d0a	[OBC] PAYLOAD_ACCEPTED seq=169 mode=0\r\n
2026-09-01T15:45:29.968439+00:00	5b4f42435d205041594c4f41445f5354415455532073746174653d4f4e4c494e4520706f6c6c733d313730206f6b3d3137302074696d656f75743d30206372633d30207365713d30207265636f766572793d30206865617274626561743d4f4b207761746368646f673d4f4b0d0a	[OBC] PAYLOAD_STATUS state=ONLINE polls=170 ok=170 timeout=0 crc=0 seq=0 recovery=0 heartbeat=OK watchdog=OK\r\n
2026-09-01T15:45:30.019543+00:00	5b4f42435d205041594c4f41445f4143434550544544207365713d313730206d6f64653d300d0a	[OBC] PAYLOAD_ACCEPTED seq=170 mode=0\r\n
2026-09-01T15:45:30.514781+00:00	5b4f42435d205041594c4f41445f4143434550544544207365713d313731206d6f64653d300d0a	[OBC] PAYLOAD_ACCEPTED seq=171 mode=0\r\n
2026-09-01T15:45:31.015390+00:00	5b4f42435d205041594c4f41445f4143434550544544207365713d313732206d6f64653d300d0a	[OBC] PAYLOAD_ACCEPTED seq=172 mode=0\r\n
2026-09-01T15:45:31.510798+00:00	5b4f42435d205041594c4f41445f4143434550544544207365713d313733206d6f64653d300d0a	[OBC] PAYLOAD_ACCEPTED seq=173 mode=0\r\n
2026-09-01T15:45:31.948101+00:00	5b4f42435d205041594c4f41445f4143434550544544207365713d313734206d6f64653d300d0a	[OBC] PAYLOAD_ACCEPTED seq=174 mode=0\r\n
2026-09-01T15:45:32.444805+00:00	5b4f42435d205041594c4f41445f4143434550544544207365713d313735206d6f64653d300d0a	[OBC] PAYLOAD_ACCEPTED seq=175 mode=0\r\n
2026-09-01T15:45:32.943462+00:00	5b4f42435d205041594c4f41445f4143434550544544207365713d313736206d6f64653d300d0a	[OBC] PAYLOAD_ACCEPTED seq=176 mode=0\r\n
2026-09-01T15:45:33.440724+00:00	5b4f42435d205041594c4f41445f4143434550544544207365713d313737206d6f64653d300d0a	[OBC] PAYLOAD_ACCEPTED seq=177 mode=0\r\n
2026-09-01T15:45:33.936019+00:00	5b4f42435d205041594c4f41445f4143434550544544207365713d313738206d6f64653d300d0a	[OBC] PAYLOAD_ACCEPTED seq=178 mode=0\r\n
2026-09-01T15:45:34.433185+00:00	5b4f42435d205041594c4f41445f4143434550544544207365713d313739206d6f64653d300d0a	[OBC] PAYLOAD_ACCEPTED seq=179 mode=0\r\n
2026-09-01T15:45:34.908737+00:00	5b4f42435d205041594c4f41445f5354415455532073746174653d4f4e4c494e4520706f6c6c733d313830206f6b3d3138302074696d656f75743d30206372633d30207365713d30207265636f766572793d30206865617274626561743d4f4b207761746368646f673d4f4b0d0a	[OBC] PAYLOAD_STATUS state=ONLINE polls=180 ok=180 timeout=0 crc=0 seq=0 recovery=0 heartbeat=OK watchdog=OK\r\n
2026-09-01T15:45:34.971692+00:00	5b4f42435d205041594c4f41445f4143434550544544207365713d313830206d6f64653d300d0a	[OBC] PAYLOAD_ACCEPTED seq=180 mode=0\r\n
2026-09-01T15:45:35.467491+00:00	5b4f42435d205041594c4f41445f4143434550544544207365713d313831206d6f64653d300d0a	[OBC] PAYLOAD_ACCEPTED seq=181 mode=0\r\n
2026-09-01T15:45:35.901015+00:00	5b4f42435d205041594c4f41445f4143434550544544207365713d313832206d6f64653d300d0a	[OBC] PAYLOAD_ACCEPTED seq=182 mode=0\r\n
2026-09-01T15:45:36.396756+00:00	5b4f42435d205041594c4f41445f4143434550544544207365713d313833206d6f64653d300d0a	[OBC] PAYLOAD_ACCEPTED seq=183 mode=0\r\n
2026-09-01T15:45:36.892377+00:00	5b4f42435d205041594c4f41445f4143434550544544207365713d313834206d6f64653d300d0a	[OBC] PAYLOAD_ACCEPTED seq=184 mode=0\r\n
2026-09-01T15:45:37.391958+00:00	5b4f42435d205041594c4f41445f4143434550544544207365713d313835206d6f64653d300d0a	[OBC] PAYLOAD_ACCEPTED seq=185 mode=0\r\n
2026-09-01T15:45:37.886370+00:00	5b4f42435d205041594c4f41445f4143434550544544207365713d313836206d6f64653d300d0a	[OBC] PAYLOAD_ACCEPTED seq=186 mode=0\r\n
2026-09-01T15:45:38.382528+00:00	5b4f42435d205041594c4f41445f4143434550544544207365713d313837206d6f64653d300d0a	[OBC] PAYLOAD_ACCEPTED seq=187 mode=0\r\n
2026-09-01T15:45:38.880023+00:00	5b4f42435d205041594c4f41445f4143434550544544207365713d313838206d6f64653d300d0a	[OBC] PAYLOAD_ACCEPTED seq=188 mode=0\r\n
2026-09-01T15:45:39.378761+00:00	5b4f42435d205041594c4f41445f4143434550544544207365713d313839206d6f64653d300d0a	[OBC] PAYLOAD_ACCEPTED seq=189 mode=0\r\n
2026-09-01T15:45:39.850270+00:00	5b4f42435d205041594c4f41445f5354415455532073746174653d4f4e4c494e4520706f6c6c733d313930206f6b3d3139302074696d656f75743d30206372633d30207365713d30207265636f766572793d30206865617274626561743d4f4b207761746368646f673d4f4b0d0a	[OBC] PAYLOAD_STATUS state=ONLINE polls=190 ok=190 timeout=0 crc=0 seq=0 recovery=0 heartbeat=OK watchdog=OK\r\n
2026-09-01T15:45:39.906705+00:00	5b4f42435d205041594c4f41445f4143434550544544207365713d313930206d6f64653d300d0a	[OBC] PAYLOAD_ACCEPTED seq=190 mode=0\r\n
2026-09-01T15:45:40.452539+00:00	5b4f42435d205041594c4f41445f54494d454f555420636f6e73656375746976653d310d0a	[OBC] PAYLOAD_TIMEOUT consecutive=1\r\n
2026-09-01T15:45:40.509473+00:00	5b4f42435d205041594c4f41445f52454a45435420726561736f6e3d53455155454e43450d0a	[OBC] PAYLOAD_REJECT reason=SEQUENCE\r\n
2026-09-01T15:45:40.945092+00:00	5b4f42435d205041594c4f41445f54494d454f555420636f6e73656375746976653d320d0a	[OBC] PAYLOAD_TIMEOUT consecutive=2\r\n
2026-09-01T15:45:41.441167+00:00	5b4f42435d205041594c4f41445f4f46464c494e4520636f6e73656375746976653d33206865617274626561743d4f4b207761746368646f673d4f4b0d0a	[OBC] PAYLOAD_OFFLINE consecutive=3 heartbeat=OK watchdog=OK\r\n
2026-09-01T15:45:44.300419+00:00	5b4f42435d205041594c4f41445f4143434550544544207365713d313939206d6f64653d300d0a	[OBC] PAYLOAD_ACCEPTED seq=199 mode=0\r\n
2026-09-01T15:45:44.354886+00:00	5b4f42435d205041594c4f41445f5245434f5645524544207265636f7665726965733d310d0a	[OBC] PAYLOAD_RECOVERED recoveries=1\r\n
2026-09-01T15:45:44.790933+00:00	5b4f42435d205041594c4f41445f5354415455532073746174653d4f4e4c494e4520706f6c6c733d323030206f6b3d3139322074696d656f75743d38206372633d30207365713d38207265636f766572793d31206865617274626561743d4f4b207761746368646f673d4f4b0d0a	[OBC] PAYLOAD_STATUS state=ONLINE polls=200 ok=192 timeout=8 crc=0 seq=8 recovery=1 heartbeat=OK watchdog=OK\r\n
2026-09-01T15:45:44.852083+00:00	5b4f42435d205041594c4f41445f4143434550544544207365713d323030206d6f64653d300d0a	[OBC] PAYLOAD_ACCEPTED seq=200 mode=0\r\n
2026-09-01T15:45:45.288068+00:00	5b4f42435d205041594c4f41445f4143434550544544207365713d323031206d6f64653d300d0a	[OBC] PAYLOAD_ACCEPTED seq=201 mode=0\r\n
2026-09-01T15:45:45.843934+00:00	5b4f42435d205041594c4f41445f4143434550544544207365713d323032206d6f64653d300d0a	[OBC] PAYLOAD_ACCEPTED seq=202 mode=0\r\n
2026-09-01T15:45:46.281116+00:00	5b4f42435d205041594c4f41445f4143434550544544207365713d323033206d6f64653d300d0a	[OBC] PAYLOAD_ACCEPTED seq=203 mode=0\r\n
2026-09-01T15:45:46.776379+00:00	5b4f42435d205041594c4f41445f4143434550544544207365713d323034206d6f64653d300d0a	[OBC] PAYLOAD_ACCEPTED seq=204 mode=0\r\n
2026-09-01T15:45:47.270764+00:00	5b4f42435d205041594c4f41445f4143434550544544207365713d323035206d6f64653d300d0a	[OBC] PAYLOAD_ACCEPTED seq=205 mode=0\r\n
2026-09-01T15:45:47.763992+00:00	5b4f42435d205041594c4f41445f4143434550544544207365713d323036206d6f64653d300d0a	[OBC] PAYLOAD_ACCEPTED seq=206 mode=0\r\n
2026-09-01T15:45:48.261715+00:00	5b4f42435d205041594c4f41445f4143434550544544207365713d323037206d6f64653d300d0a	[OBC] PAYLOAD_ACCEPTED seq=207 mode=0\r\n
2026-09-01T15:45:48.760166+00:00	5b4f42435d205041594c4f41445f4143434550544544207365713d323038206d6f64653d300d0a	[OBC] PAYLOAD_ACCEPTED seq=208 mode=0\r\n
2026-09-01T15:45:49.256202+00:00	5b4f42435d205041594c4f41445f4143434550544544207365713d323039206d6f64653d300d0a	[OBC] PAYLOAD_ACCEPTED seq=209 mode=0\r\n
2026-09-01T15:45:49.730616+00:00	5b4f42435d205041594c4f41445f5354415455532073746174653d4f4e4c494e4520706f6c6c733d323130206f6b3d3230322074696d656f75743d38206372633d30207365713d38207265636f766572793d31206865617274626561743d4f4b207761746368646f673d4f4b0d0a	[OBC] PAYLOAD_STATUS state=ONLINE polls=210 ok=202 timeout=8 crc=0 seq=8 recovery=1 heartbeat=OK watchdog=OK\r\n
2026-09-01T15:45:49.785083+00:00	5b4f42435d205041594c4f41445f4143434550544544207365713d323130206d6f64653d300d0a	[OBC] PAYLOAD_ACCEPTED seq=210 mode=0\r\n
2026-09-01T15:45:50.282204+00:00	5b4f42435d205041594c4f41445f4143434550544544207365713d323131206d6f64653d300d0a	[OBC] PAYLOAD_ACCEPTED seq=211 mode=0\r\n
2026-09-01T15:45:50.778039+00:00	5b4f42435d205041594c4f41445f4143434550544544207365713d323132206d6f64653d300d0a	[OBC] PAYLOAD_ACCEPTED seq=212 mode=0\r\n
2026-09-01T15:45:51.270924+00:00	5b4f42435d205041594c4f41445f4143434550544544207365713d323133206d6f64653d300d0a	[OBC] PAYLOAD_ACCEPTED seq=213 mode=0\r\n
2026-09-01T15:45:51.769914+00:00	5b4f42435d205041594c4f41445f4143434550544544207365713d323134206d6f64653d300d0a	[OBC] PAYLOAD_ACCEPTED seq=214 mode=0\r\n
2026-09-01T15:45:52.206615+00:00	5b4f42435d205041594c4f41445f4143434550544544207365713d323135206d6f64653d300d0a	[OBC] PAYLOAD_ACCEPTED seq=215 mode=0\r\n
2026-09-01T15:45:52.702795+00:00	5b4f42435d205041594c4f41445f4143434550544544207365713d323136206d6f64653d300d0a	[OBC] PAYLOAD_ACCEPTED seq=216 mode=0\r\n
2026-09-01T15:45:53.199056+00:00	5b4f42435d205041594c4f41445f4143434550544544207365713d323137206d6f64653d300d0a	[OBC] PAYLOAD_ACCEPTED seq=217 mode=0\r\n
2026-09-01T15:45:53.695806+00:00	5b4f42435d205041594c4f41445f4143434550544544207365713d323138206d6f64653d300d0a	[OBC] PAYLOAD_ACCEPTED seq=218 mode=0\r\n
2026-09-01T15:45:54.193575+00:00	5b4f42435d205041594c4f41445f4143434550544544207365713d323139206d6f64653d300d0a	[OBC] PAYLOAD_ACCEPTED seq=219 mode=0\r\n
2026-09-01T15:45:54.669741+00:00	5b4f42435d205041594c4f41445f5354415455532073746174653d4f4e4c494e4520706f6c6c733d323230206f6b3d3231322074696d656f75743d38206372633d30207365713d38207265636f766572793d31206865617274626561743d4f4b207761746368646f673d4f4b0d0a	[OBC] PAYLOAD_STATUS state=ONLINE polls=220 ok=212 timeout=8 crc=0 seq=8 recovery=1 heartbeat=OK watchdog=OK\r\n
2026-09-01T15:45:54.721900+00:00	5b4f42435d205041594c4f41445f4143434550544544207365713d323230206d6f64653d300d0a	[OBC] PAYLOAD_ACCEPTED seq=220 mode=0\r\n
2026-09-01T15:45:55.216826+00:00	5b4f42435d205041594c4f41445f4143434550544544207365713d323231206d6f64653d300d0a	[OBC] PAYLOAD_ACCEPTED seq=221 mode=0\r\n
2026-09-01T15:45:55.714850+00:00	5b4f42435d205041594c4f41445f4143434550544544207365713d323232206d6f64653d300d0a	[OBC] PAYLOAD_ACCEPTED seq=222 mode=0\r\n
2026-09-01T15:45:56.212130+00:00	5b4f42435d205041594c4f41445f4143434550544544207365713d323233206d6f64653d300d0a	[OBC] PAYLOAD_ACCEPTED seq=223 mode=0\r\n
2026-09-01T15:45:56.707175+00:00	5b4f42435d205041594c4f41445f4143434550544544207365713d323234206d6f64653d300d0a	[OBC] PAYLOAD_ACCEPTED seq=224 mode=0\r\n
2026-09-01T15:45:57.200710+00:00	5b4f42435d205041594c4f41445f4143434550544544207365713d323235206d6f64653d300d0a	[OBC] PAYLOAD_ACCEPTED seq=225 mode=0\r\n
2026-09-01T15:45:57.692874+00:00	5b4f42435d205041594c4f41445f4143434550544544207365713d323236206d6f64653d300d0a	[OBC] PAYLOAD_ACCEPTED seq=226 mode=0\r\n
2026-09-01T15:45:58.190654+00:00	5b4f42435d205041594c4f41445f4143434550544544207365713d323237206d6f64653d300d0a	[OBC] PAYLOAD_ACCEPTED seq=227 mode=0\r\n
2026-09-01T15:45:58.682507+00:00	5b4f42435d205041594c4f41445f4143434550544544207365713d323238206d6f64653d300d0a	[OBC] PAYLOAD_ACCEPTED seq=228 mode=0\r\n
2026-09-01T15:45:59.177026+00:00	5b4f42435d205041594c4f41445f4143434550544544207365713d323239206d6f64653d300d0a	[OBC] PAYLOAD_ACCEPTED seq=229 mode=0\r\n
2026-09-01T15:45:59.609496+00:00	5b4f42435d205041594c4f41445f5354415455532073746174653d4f4e4c494e4520706f6c6c733d323330206f6b3d3232322074696d656f75743d38206372633d30207365713d38207265636f766572793d31206865617274626561743d4f4b207761746368646f673d4f4b0d0a	[OBC] PAYLOAD_STATUS state=ONLINE polls=230 ok=222 timeout=8 crc=0 seq=8 recovery=1 heartbeat=OK watchdog=OK\r\n
2026-09-01T15:45:59.672208+00:00	5b4f42435d205041594c4f41445f4143434550544544207365713d323330206d6f64653d300d0a	[OBC] PAYLOAD_ACCEPTED seq=230 mode=0\r\n
2026-09-01T15:46:00.230839+00:00	5b4f42435d205041594c4f41445f4143434550544544207365713d323331206d6f64653d330d0a	[OBC] PAYLOAD_ACCEPTED seq=231 mode=3\r\n
2026-09-01T15:46:00.722109+00:00	5b4f42435d205041594c4f41445f4143434550544544207365713d323332206d6f64653d330d0a	[OBC] PAYLOAD_ACCEPTED seq=232 mode=3\r\n
2026-09-01T15:46:01.219224+00:00	5b4f42435d205041594c4f41445f4143434550544544207365713d323333206d6f64653d330d0a	[OBC] PAYLOAD_ACCEPTED seq=233 mode=3\r\n
2026-09-01T15:46:01.717096+00:00	5b4f42435d205041594c4f41445f4143434550544544207365713d323334206d6f64653d330d0a	[OBC] PAYLOAD_ACCEPTED seq=234 mode=3\r\n
2026-09-01T15:46:02.214267+00:00	5b4f42435d205041594c4f41445f4143434550544544207365713d323335206d6f64653d330d0a	[OBC] PAYLOAD_ACCEPTED seq=235 mode=3\r\n
2026-09-01T15:46:02.714319+00:00	5b4f42435d205041594c4f41445f4143434550544544207365713d323336206d6f64653d330d0a	[OBC] PAYLOAD_ACCEPTED seq=236 mode=3\r\n
2026-09-01T15:46:03.209801+00:00	5b4f42435d205041594c4f41445f4143434550544544207365713d323337206d6f64653d330d0a	[OBC] PAYLOAD_ACCEPTED seq=237 mode=3\r\n
2026-09-01T15:46:03.703740+00:00	5b4f42435d205041594c4f41445f4143434550544544207365713d323338206d6f64653d330d0a	[OBC] PAYLOAD_ACCEPTED seq=238 mode=3\r\n
2026-09-01T15:46:04.076826+00:00	5b4f42435d205041594c4f41445f4143434550544544207365713d323339206d6f64653d300d0a	[OBC] PAYLOAD_ACCEPTED seq=239 mode=0\r\n
2026-09-01T15:46:04.548198+00:00	5b4f42435d205041594c4f41445f5354415455532073746174653d4f4e4c494e4520706f6c6c733d323430206f6b3d3233322074696d656f75743d38206372633d30207365713d38207265636f766572793d31206865617274626561743d4f4b207761746368646f673d4f4b0d0a	[OBC] PAYLOAD_STATUS state=ONLINE polls=240 ok=232 timeout=8 crc=0 seq=8 recovery=1 heartbeat=OK watchdog=OK\r\n
2026-09-01T15:46:04.602680+00:00	5b4f42435d205041594c4f41445f4143434550544544207365713d323430206d6f64653d300d0a	[OBC] PAYLOAD_ACCEPTED seq=240 mode=0\r\n
2026-09-01T15:46:05.097305+00:00	5b4f42435d205041594c4f41445f4143434550544544207365713d323431206d6f64653d300d0a	[OBC] PAYLOAD_ACCEPTED seq=241 mode=0\r\n
2026-09-01T15:46:05.593215+00:00	5b4f42435d205041594c4f41445f4143434550544544207365713d323432206d6f64653d300d0a	[OBC] PAYLOAD_ACCEPTED seq=242 mode=0\r\n
2026-09-01T15:46:06.089863+00:00	5b4f42435d205041594c4f41445f4143434550544544207365713d323433206d6f64653d300d0a	[OBC] PAYLOAD_ACCEPTED seq=243 mode=0\r\n
2026-09-01T15:46:06.589205+00:00	5b4f42435d205041594c4f41445f4143434550544544207365713d323434206d6f64653d300d0a	[OBC] PAYLOAD_ACCEPTED seq=244 mode=0\r\n
2026-09-01T15:46:07.022647+00:00	5b4f42435d205041594c4f41445f4143434550544544207365713d323435206d6f64653d300d0a	[OBC] PAYLOAD_ACCEPTED seq=245 mode=0\r\n
2026-09-01T15:46:07.518891+00:00	5b4f42435d205041594c4f41445f4143434550544544207365713d323436206d6f64653d300d0a	[OBC] PAYLOAD_ACCEPTED seq=246 mode=0\r\n
2026-09-01T15:46:08.017372+00:00	5b4f42435d205041594c4f41445f4143434550544544207365713d323437206d6f64653d300d0a	[OBC] PAYLOAD_ACCEPTED seq=247 mode=0\r\n
2026-09-01T15:46:08.511866+00:00	5b4f42435d205041594c4f41445f4143434550544544207365713d323438206d6f64653d300d0a	[OBC] PAYLOAD_ACCEPTED seq=248 mode=0\r\n
2026-09-01T15:46:09.009030+00:00	5b4f42435d205041594c4f41445f4143434550544544207365713d323439206d6f64653d300d0a	[OBC] PAYLOAD_ACCEPTED seq=249 mode=0\r\n
2026-09-01T15:46:09.487776+00:00	5b4f42435d205041594c4f41445f5354415455532073746174653d4f4e4c494e4520706f6c6c733d323530206f6b3d3234322074696d656f75743d38206372633d30207365713d38207265636f766572793d31206865617274626561743d4f4b207761746368646f673d4f4b0d0a	[OBC] PAYLOAD_STATUS state=ONLINE polls=250 ok=242 timeout=8 crc=0 seq=8 recovery=1 heartbeat=OK watchdog=OK\r\n
2026-09-01T15:46:09.550451+00:00	5b4f42435d205041594c4f41445f4143434550544544207365713d323530206d6f64653d300d0a	[OBC] PAYLOAD_ACCEPTED seq=250 mode=0\r\n
2026-09-01T15:46:10.046807+00:00	5b4f42435d205041594c4f41445f4143434550544544207365713d323531206d6f64653d300d0a	[OBC] PAYLOAD_ACCEPTED seq=251 mode=0\r\n
2026-09-01T15:46:10.480534+00:00	5b4f42435d205041594c4f41445f4143434550544544207365713d323532206d6f64653d300d0a	[OBC] PAYLOAD_ACCEPTED seq=252 mode=0\r\n
2026-09-01T15:46:11.032905+00:00	5b4f42435d205041594c4f41445f4143434550544544207365713d323533206d6f64653d300d0a	[OBC] PAYLOAD_ACCEPTED seq=253 mode=0\r\n
2026-09-01T15:46:11.526313+00:00	5b4f42435d205041594c4f41445f4143434550544544207365713d323534206d6f64653d300d0a	[OBC] PAYLOAD_ACCEPTED seq=254 mode=0\r\n
2026-09-01T15:46:11.961414+00:00	5b4f42435d205041594c4f41445f4143434550544544207365713d323535206d6f64653d300d0a	[OBC] PAYLOAD_ACCEPTED seq=255 mode=0\r\n
2026-09-01T15:46:12.515606+00:00	5b4f42435d205041594c4f41445f4143434550544544207365713d323536206d6f64653d300d0a	[OBC] PAYLOAD_ACCEPTED seq=256 mode=0\r\n
2026-09-01T15:46:13.012403+00:00	5b4f42435d205041594c4f41445f4143434550544544207365713d323537206d6f64653d300d0a	[OBC] PAYLOAD_ACCEPTED seq=257 mode=0\r\n
2026-09-01T15:46:13.445801+00:00	5b4f42435d205041594c4f41445f4143434550544544207365713d323538206d6f64653d300d0a	[OBC] PAYLOAD_ACCEPTED seq=258 mode=0\r\n
2026-09-01T15:46:13.944376+00:00	5b4f42435d205041594c4f41445f4143434550544544207365713d323539206d6f64653d300d0a	[OBC] PAYLOAD_ACCEPTED seq=259 mode=0\r\n
2026-09-01T15:46:14.430624+00:00	5b4f42435d205041594c4f41445f5354415455532073746174653d4f4e4c494e4520706f6c6c733d323630206f6b3d3235322074696d656f75743d38206372633d30207365713d38207265636f766572793d31206865617274626561743d4f4b207761746368646f673d4f4b0d0a	[OBC] PAYLOAD_STATUS state=ONLINE polls=260 ok=252 timeout=8 crc=0 seq=8 recovery=1 heartbeat=OK watchdog=OK\r\n
2026-09-01T15:46:14.487026+00:00	5b4f42435d205041594c4f41445f4143434550544544207365713d323630206d6f64653d300d0a	[OBC] PAYLOAD_ACCEPTED seq=260 mode=0\r\n
2026-09-01T15:46:14.982109+00:00	5b4f42435d205041594c4f41445f4143434550544544207365713d323631206d6f64653d300d0a	[OBC] PAYLOAD_ACCEPTED seq=261 mode=0\r\n
2026-09-01T15:46:15.476515+00:00	5b4f42435d205041594c4f41445f4143434550544544207365713d323632206d6f64653d300d0a	[OBC] PAYLOAD_ACCEPTED seq=262 mode=0\r\n
2026-09-01T15:46:15.970675+00:00	5b4f42435d205041594c4f41445f4143434550544544207365713d323633206d6f64653d300d0a	[OBC] PAYLOAD_ACCEPTED seq=263 mode=0\r\n
2026-09-01T15:46:16.466663+00:00	5b4f42435d205041594c4f41445f4143434550544544207365713d323634206d6f64653d300d0a	[OBC] PAYLOAD_ACCEPTED seq=264 mode=0\r\n
2026-09-01T15:46:16.963032+00:00	5b4f42435d205041594c4f41445f4143434550544544207365713d323635206d6f64653d300d0a	[OBC] PAYLOAD_ACCEPTED seq=265 mode=0\r\n
2026-09-01T15:46:17.398501+00:00	5b4f42435d205041594c4f41445f4143434550544544207365713d323636206d6f64653d300d0a	[OBC] PAYLOAD_ACCEPTED seq=266 mode=0\r\n
2026-09-01T15:46:17.896020+00:00	5b4f42435d205041594c4f41445f4143434550544544207365713d323637206d6f64653d300d0a	[OBC] PAYLOAD_ACCEPTED seq=267 mode=0\r\n
2026-09-01T15:46:18.392416+00:00	5b4f42435d205041594c4f41445f4143434550544544207365713d323638206d6f64653d300d0a	[OBC] PAYLOAD_ACCEPTED seq=268 mode=0\r\n
2026-09-01T15:46:18.887710+00:00	5b4f42435d205041594c4f41445f4143434550544544207365713d323639206d6f64653d300d0a	[OBC] PAYLOAD_ACCEPTED seq=269 mode=0\r\n
2026-09-01T15:46:19.366572+00:00	5b4f42435d205041594c4f41445f5354415455532073746174653d4f4e4c494e4520706f6c6c733d323730206f6b3d3236322074696d656f75743d38206372633d30207365713d38207265636f766572793d31206865617274626561743d4f4b207761746368646f673d4f4b0d0a	[OBC] PAYLOAD_STATUS state=ONLINE polls=270 ok=262 timeout=8 crc=0 seq=8 recovery=1 heartbeat=OK watchdog=OK\r\n
2026-09-01T15:46:19.427224+00:00	5b4f42435d205041594c4f41445f4143434550544544207365713d323730206d6f64653d300d0a	[OBC] PAYLOAD_ACCEPTED seq=270 mode=0\r\n
2026-09-01T15:46:19.962161+00:00	5b4f42435d205041594c4f41445f54494d454f555420636f6e73656375746976653d310d0a	[OBC] PAYLOAD_TIMEOUT consecutive=1\r\n
2026-09-01T15:46:20.016780+00:00	5b4f42435d205041594c4f41445f52454a45435420726561736f6e3d53455155454e43450d0a	[OBC] PAYLOAD_REJECT reason=SEQUENCE\r\n
2026-09-01T15:46:20.510194+00:00	5b4f42435d205041594c4f41445f54494d454f555420636f6e73656375746976653d320d0a	[OBC] PAYLOAD_TIMEOUT consecutive=2\r\n
2026-09-01T15:46:20.945641+00:00	5b4f42435d205041594c4f41445f4f46464c494e4520636f6e73656375746976653d33206865617274626561743d4f4b207761746368646f673d4f4b0d0a	[OBC] PAYLOAD_OFFLINE consecutive=3 heartbeat=OK watchdog=OK\r\n
2026-09-01T15:46:23.815777+00:00	5b4f42435d205041594c4f41445f4143434550544544207365713d323739206d6f64653d300d0a	[OBC] PAYLOAD_ACCEPTED seq=279 mode=0\r\n
2026-09-01T15:46:23.876291+00:00	5b4f42435d205041594c4f41445f5245434f5645524544207265636f7665726965733d320d0a	[OBC] PAYLOAD_RECOVERED recoveries=2\r\n
2026-09-01T15:46:24.303885+00:00	5b4f42435d205041594c4f41445f5354415455532073746174653d4f4e4c494e4520706f6c6c733d323830206f6b3d3236342074696d656f75743d3136206372633d30207365713d3136207265636f766572793d32206865617274626561743d4f4b207761746368646f673d4f4b0d0a	[OBC] PAYLOAD_STATUS state=ONLINE polls=280 ok=264 timeout=16 crc=0 seq=16 recovery=2 heartbeat=OK watchdog=OK\r\n
2026-09-01T15:46:24.358145+00:00	5b4f42435d205041594c4f41445f4143434550544544207365713d323830206d6f64653d300d0a	[OBC] PAYLOAD_ACCEPTED seq=280 mode=0\r\n
2026-09-01T15:46:24.855320+00:00	5b4f42435d205041594c4f41445f4143434550544544207365713d323831206d6f64653d300d0a	[OBC] PAYLOAD_ACCEPTED seq=281 mode=0\r\n
2026-09-01T15:46:25.352895+00:00	5b4f42435d205041594c4f41445f4143434550544544207365713d323832206d6f64653d300d0a	[OBC] PAYLOAD_ACCEPTED seq=282 mode=0\r\n
2026-09-01T15:46:25.847513+00:00	5b4f42435d205041594c4f41445f4143434550544544207365713d323833206d6f64653d300d0a	[OBC] PAYLOAD_ACCEPTED seq=283 mode=0\r\n
2026-09-01T15:46:26.341954+00:00	5b4f42435d205041594c4f41445f4143434550544544207365713d323834206d6f64653d300d0a	[OBC] PAYLOAD_ACCEPTED seq=284 mode=0\r\n
2026-09-01T15:46:26.778483+00:00	5b4f42435d205041594c4f41445f4143434550544544207365713d323835206d6f64653d300d0a	[OBC] PAYLOAD_ACCEPTED seq=285 mode=0\r\n
2026-09-01T15:46:27.271418+00:00	5b4f42435d205041594c4f41445f4143434550544544207365713d323836206d6f64653d300d0a	[OBC] PAYLOAD_ACCEPTED seq=286 mode=0\r\n
2026-09-01T15:46:27.769983+00:00	5b4f42435d205041594c4f41445f4143434550544544207365713d323837206d6f64653d300d0a	[OBC] PAYLOAD_ACCEPTED seq=287 mode=0\r\n
2026-09-01T15:46:28.266862+00:00	5b4f42435d205041594c4f41445f4143434550544544207365713d323838206d6f64653d300d0a	[OBC] PAYLOAD_ACCEPTED seq=288 mode=0\r\n
2026-09-01T15:46:28.760639+00:00	5b4f42435d205041594c4f41445f4143434550544544207365713d323839206d6f64653d300d0a	[OBC] PAYLOAD_ACCEPTED seq=289 mode=0\r\n
2026-09-01T15:46:29.242710+00:00	5b4f42435d205041594c4f41445f5354415455532073746174653d4f4e4c494e4520706f6c6c733d323930206f6b3d3237342074696d656f75743d3136206372633d30207365713d3136207265636f766572793d32206865617274626561743d4f4b207761746368646f673d4f4b0d0a	[OBC] PAYLOAD_STATUS state=ONLINE polls=290 ok=274 timeout=16 crc=0 seq=16 recovery=2 heartbeat=OK watchdog=OK\r\n
2026-09-01T15:46:29.301723+00:00	5b4f42435d205041594c4f41445f4143434550544544207365713d323930206d6f64653d300d0a	[OBC] PAYLOAD_ACCEPTED seq=290 mode=0\r\n
2026-09-01T15:46:29.799065+00:00	5b4f42435d205041594c4f41445f4143434550544544207365713d323931206d6f64653d300d0a	[OBC] PAYLOAD_ACCEPTED seq=291 mode=0\r\n
2026-09-01T15:46:30.291722+00:00	5b4f42435d205041594c4f41445f4143434550544544207365713d323932206d6f64653d300d0a	[OBC] PAYLOAD_ACCEPTED seq=292 mode=0\r\n
2026-09-01T15:46:30.726727+00:00	5b4f42435d205041594c4f41445f4143434550544544207365713d323933206d6f64653d300d0a	[OBC] PAYLOAD_ACCEPTED seq=293 mode=0\r\n
2026-09-01T15:46:31.223689+00:00	5b4f42435d205041594c4f41445f4143434550544544207365713d323934206d6f64653d300d0a	[OBC] PAYLOAD_ACCEPTED seq=294 mode=0\r\n
2026-09-01T15:46:31.720568+00:00	5b4f42435d205041594c4f41445f4143434550544544207365713d323935206d6f64653d300d0a	[OBC] PAYLOAD_ACCEPTED seq=295 mode=0\r\n
2026-09-01T15:46:32.214765+00:00	5b4f42435d205041594c4f41445f4143434550544544207365713d323936206d6f64653d300d0a	[OBC] PAYLOAD_ACCEPTED seq=296 mode=0\r\n
2026-09-01T15:46:32.713752+00:00	5b4f42435d205041594c4f41445f4143434550544544207365713d323937206d6f64653d300d0a	[OBC] PAYLOAD_ACCEPTED seq=297 mode=0\r\n
2026-09-01T15:46:33.210068+00:00	5b4f42435d205041594c4f41445f4143434550544544207365713d323938206d6f64653d300d0a	[OBC] PAYLOAD_ACCEPTED seq=298 mode=0\r\n
2026-09-01T15:46:33.709542+00:00	5b4f42435d205041594c4f41445f4143434550544544207365713d323939206d6f64653d300d0a	[OBC] PAYLOAD_ACCEPTED seq=299 mode=0\r\n
2026-09-01T15:46:34.181361+00:00	5b4f42435d205041594c4f41445f5354415455532073746174653d4f4e4c494e4520706f6c6c733d333030206f6b3d3238342074696d656f75743d3136206372633d30207365713d3136207265636f766572793d32206865617274626561743d4f4b207761746368646f673d4f4b0d0a	[OBC] PAYLOAD_STATUS state=ONLINE polls=300 ok=284 timeout=16 crc=0 seq=16 recovery=2 heartbeat=OK watchdog=OK\r\n
2026-09-01T15:46:34.237851+00:00	5b4f42435d205041594c4f41445f4143434550544544207365713d333030206d6f64653d300d0a	[OBC] PAYLOAD_ACCEPTED seq=300 mode=0\r\n
2026-09-01T15:46:34.732671+00:00	5b4f42435d205041594c4f41445f4143434550544544207365713d333031206d6f64653d300d0a	[OBC] PAYLOAD_ACCEPTED seq=301 mode=0\r\n
2026-09-01T15:46:35.228130+00:00	5b4f42435d205041594c4f41445f4143434550544544207365713d333032206d6f64653d300d0a	[OBC] PAYLOAD_ACCEPTED seq=302 mode=0\r\n
2026-09-01T15:46:35.723783+00:00	5b4f42435d205041594c4f41445f4143434550544544207365713d333033206d6f64653d300d0a	[OBC] PAYLOAD_ACCEPTED seq=303 mode=0\r\n
2026-09-01T15:46:36.220724+00:00	5b4f42435d205041594c4f41445f4143434550544544207365713d333034206d6f64653d300d0a	[OBC] PAYLOAD_ACCEPTED seq=304 mode=0\r\n
2026-09-01T15:46:36.654304+00:00	5b4f42435d205041594c4f41445f4143434550544544207365713d333035206d6f64653d300d0a	[OBC] PAYLOAD_ACCEPTED seq=305 mode=0\r\n
2026-09-01T15:46:37.148855+00:00	5b4f42435d205041594c4f41445f4143434550544544207365713d333036206d6f64653d300d0a	[OBC] PAYLOAD_ACCEPTED seq=306 mode=0\r\n
2026-09-01T15:46:37.642971+00:00	5b4f42435d205041594c4f41445f4143434550544544207365713d333037206d6f64653d300d0a	[OBC] PAYLOAD_ACCEPTED seq=307 mode=0\r\n
2026-09-01T15:46:38.137312+00:00	5b4f42435d205041594c4f41445f4143434550544544207365713d333038206d6f64653d300d0a	[OBC] PAYLOAD_ACCEPTED seq=308 mode=0\r\n
2026-09-01T15:46:38.636459+00:00	5b4f42435d205041594c4f41445f4143434550544544207365713d333039206d6f64653d300d0a	[OBC] PAYLOAD_ACCEPTED seq=309 mode=0\r\n
2026-09-01T15:46:39.120226+00:00	5b4f42435d205041594c4f41445f5354415455532073746174653d4f4e4c494e4520706f6c6c733d333130206f6b3d3239342074696d656f75743d3136206372633d30207365713d3136207265636f766572793d32206865617274626561743d4f4b207761746368646f673d4f4b0d0a	[OBC] PAYLOAD_STATUS state=ONLINE polls=310 ok=294 timeout=16 crc=0 seq=16 recovery=2 heartbeat=OK watchdog=OK\r\n
2026-09-01T15:46:39.180559+00:00	5b4f42435d205041594c4f41445f4143434550544544207365713d333130206d6f64653d300d0a	[OBC] PAYLOAD_ACCEPTED seq=310 mode=0\r\n
2026-09-01T15:46:39.740831+00:00	5b4f42435d205041594c4f41445f4143434550544544207365713d333131206d6f64653d330d0a	[OBC] PAYLOAD_ACCEPTED seq=311 mode=3\r\n
2026-09-01T15:46:40.236284+00:00	5b4f42435d205041594c4f41445f4143434550544544207365713d333132206d6f64653d330d0a	[OBC] PAYLOAD_ACCEPTED seq=312 mode=3\r\n
2026-09-01T15:46:40.731281+00:00	5b4f42435d205041594c4f41445f4143434550544544207365713d333133206d6f64653d330d0a	[OBC] PAYLOAD_ACCEPTED seq=313 mode=3\r\n
2026-09-01T15:46:41.227132+00:00	5b4f42435d205041594c4f41445f4143434550544544207365713d333134206d6f64653d330d0a	[OBC] PAYLOAD_ACCEPTED seq=314 mode=3\r\n
2026-09-01T15:46:41.723459+00:00	5b4f42435d205041594c4f41445f4143434550544544207365713d333135206d6f64653d330d0a	[OBC] PAYLOAD_ACCEPTED seq=315 mode=3\r\n
2026-09-01T15:46:42.219930+00:00	5b4f42435d205041594c4f41445f4143434550544544207365713d333136206d6f64653d330d0a	[OBC] PAYLOAD_ACCEPTED seq=316 mode=3\r\n
2026-09-01T15:46:42.712355+00:00	5b4f42435d205041594c4f41445f4143434550544544207365713d333137206d6f64653d330d0a	[OBC] PAYLOAD_ACCEPTED seq=317 mode=3\r\n
2026-09-01T15:46:43.211780+00:00	5b4f42435d205041594c4f41445f4143434550544544207365713d333138206d6f64653d330d0a	[OBC] PAYLOAD_ACCEPTED seq=318 mode=3\r\n
2026-09-01T15:46:43.584841+00:00	5b4f42435d205041594c4f41445f4143434550544544207365713d333139206d6f64653d300d0a	[OBC] PAYLOAD_ACCEPTED seq=319 mode=0\r\n
2026-09-01T15:46:44.055708+00:00	5b4f42435d205041594c4f41445f5354415455532073746174653d4f4e4c494e4520706f6c6c733d333230206f6b3d3330342074696d656f75743d3136206372633d30207365713d3136207265636f766572793d32206865617274626561743d4f4b207761746368646f673d4f4b0d0a	[OBC] PAYLOAD_STATUS state=ONLINE polls=320 ok=304 timeout=16 crc=0 seq=16 recovery=2 heartbeat=OK watchdog=OK\r\n
2026-09-01T15:46:44.114316+00:00	5b4f42435d205041594c4f41445f4143434550544544207365713d333230206d6f64653d300d0a	[OBC] PAYLOAD_ACCEPTED seq=320 mode=0\r\n
2026-09-01T15:46:44.610382+00:00	5b4f42435d205041594c4f41445f4143434550544544207365713d333231206d6f64653d300d0a	[OBC] PAYLOAD_ACCEPTED seq=321 mode=0\r\n
2026-09-01T15:46:45.105826+00:00	5b4f42435d205041594c4f41445f4143434550544544207365713d333232206d6f64653d300d0a	[OBC] PAYLOAD_ACCEPTED seq=322 mode=0\r\n
2026-09-01T15:46:45.540565+00:00	5b4f42435d205041594c4f41445f4143434550544544207365713d333233206d6f64653d300d0a	[OBC] PAYLOAD_ACCEPTED seq=323 mode=0\r\n
2026-09-01T15:46:46.038438+00:00	5b4f42435d205041594c4f41445f4143434550544544207365713d333234206d6f64653d300d0a	[OBC] PAYLOAD_ACCEPTED seq=324 mode=0\r\n
2026-09-01T15:46:46.534714+00:00	5b4f42435d205041594c4f41445f4143434550544544207365713d333235206d6f64653d300d0a	[OBC] PAYLOAD_ACCEPTED seq=325 mode=0\r\n
2026-09-01T15:46:47.031436+00:00	5b4f42435d205041594c4f41445f4143434550544544207365713d333236206d6f64653d300d0a	[OBC] PAYLOAD_ACCEPTED seq=326 mode=0\r\n
2026-09-01T15:46:47.529155+00:00	5b4f42435d205041594c4f41445f4143434550544544207365713d333237206d6f64653d300d0a	[OBC] PAYLOAD_ACCEPTED seq=327 mode=0\r\n
2026-09-01T15:46:48.025870+00:00	5b4f42435d205041594c4f41445f4143434550544544207365713d333238206d6f64653d300d0a	[OBC] PAYLOAD_ACCEPTED seq=328 mode=0\r\n
2026-09-01T15:46:48.520385+00:00	5b4f42435d205041594c4f41445f4143434550544544207365713d333239206d6f64653d300d0a	[OBC] PAYLOAD_ACCEPTED seq=329 mode=0\r\n
2026-09-01T15:46:48.993118+00:00	5b4f42435d205041594c4f41445f5354415455532073746174653d4f4e4c494e4520706f6c6c733d333330206f6b3d3331342074696d656f75743d3136206372633d30207365713d3136207265636f766572793d32206865617274626561743d4f4b207761746368646f673d4f4b0d0a	[OBC] PAYLOAD_STATUS state=ONLINE polls=330 ok=314 timeout=16 crc=0 seq=16 recovery=2 heartbeat=OK watchdog=OK\r\n
2026-09-01T15:46:49.048994+00:00	5b4f42435d205041594c4f41445f4143434550544544207365713d333330206d6f64653d300d0a	[OBC] PAYLOAD_ACCEPTED seq=330 mode=0\r\n
2026-09-01T15:46:49.546652+00:00	5b4f42435d205041594c4f41445f4143434550544544207365713d333331206d6f64653d300d0a	[OBC] PAYLOAD_ACCEPTED seq=331 mode=0\r\n
2026-09-01T15:46:50.041499+00:00	5b4f42435d205041594c4f41445f4143434550544544207365713d333332206d6f64653d300d0a	[OBC] PAYLOAD_ACCEPTED seq=332 mode=0\r\n
2026-09-01T15:46:50.538418+00:00	5b4f42435d205041594c4f41445f4143434550544544207365713d333333206d6f64653d300d0a	[OBC] PAYLOAD_ACCEPTED seq=333 mode=0\r\n
2026-09-01T15:46:51.032879+00:00	5b4f42435d205041594c4f41445f4143434550544544207365713d333334206d6f64653d300d0a	[OBC] PAYLOAD_ACCEPTED seq=334 mode=0\r\n
2026-09-01T15:46:51.464805+00:00	5b4f42435d205041594c4f41445f4143434550544544207365713d333335206d6f64653d300d0a	[OBC] PAYLOAD_ACCEPTED seq=335 mode=0\r\n
2026-09-01T15:46:51.958325+00:00	5b4f42435d205041594c4f41445f4143434550544544207365713d333336206d6f64653d300d0a	[OBC] PAYLOAD_ACCEPTED seq=336 mode=0\r\n
2026-09-01T15:46:52.455457+00:00	5b4f42435d205041594c4f41445f4143434550544544207365713d333337206d6f64653d300d0a	[OBC] PAYLOAD_ACCEPTED seq=337 mode=0\r\n
2026-09-01T15:46:52.949186+00:00	5b4f42435d205041594c4f41445f4143434550544544207365713d333338206d6f64653d300d0a	[OBC] PAYLOAD_ACCEPTED seq=338 mode=0\r\n
2026-09-01T15:46:53.447885+00:00	5b4f42435d205041594c4f41445f4143434550544544207365713d333339206d6f64653d300d0a	[OBC] PAYLOAD_ACCEPTED seq=339 mode=0\r\n
2026-09-01T15:46:53.931012+00:00	5b4f42435d205041594c4f41445f5354415455532073746174653d4f4e4c494e4520706f6c6c733d333430206f6b3d3332342074696d656f75743d3136206372633d30207365713d3136207265636f766572793d32206865617274626561743d4f4b207761746368646f673d4f4b0d0a	[OBC] PAYLOAD_STATUS state=ONLINE polls=340 ok=324 timeout=16 crc=0 seq=16 recovery=2 heartbeat=OK watchdog=OK\r\n
2026-09-01T15:46:53.991484+00:00	5b4f42435d205041594c4f41445f4143434550544544207365713d333430206d6f64653d300d0a	[OBC] PAYLOAD_ACCEPTED seq=340 mode=0\r\n
2026-09-01T15:46:54.426950+00:00	5b4f42435d205041594c4f41445f4143434550544544207365713d333431206d6f64653d300d0a	[OBC] PAYLOAD_ACCEPTED seq=341 mode=0\r\n
2026-09-01T15:46:54.925515+00:00	5b4f42435d205041594c4f41445f4143434550544544207365713d333432206d6f64653d300d0a	[OBC] PAYLOAD_ACCEPTED seq=342 mode=0\r\n
2026-09-01T15:46:55.419785+00:00	5b4f42435d205041594c4f41445f4143434550544544207365713d333433206d6f64653d300d0a	[OBC] PAYLOAD_ACCEPTED seq=343 mode=0\r\n
2026-09-01T15:46:55.914670+00:00	5b4f42435d205041594c4f41445f4143434550544544207365713d333434206d6f64653d300d0a	[OBC] PAYLOAD_ACCEPTED seq=344 mode=0\r\n
2026-09-01T15:46:56.414418+00:00	5b4f42435d205041594c4f41445f4143434550544544207365713d333435206d6f64653d300d0a	[OBC] PAYLOAD_ACCEPTED seq=345 mode=0\r\n
2026-09-01T15:46:56.908811+00:00	5b4f42435d205041594c4f41445f4143434550544544207365713d333436206d6f64653d300d0a	[OBC] PAYLOAD_ACCEPTED seq=346 mode=0\r\n
2026-09-01T15:46:57.404041+00:00	5b4f42435d205041594c4f41445f4143434550544544207365713d333437206d6f64653d300d0a	[OBC] PAYLOAD_ACCEPTED seq=347 mode=0\r\n
2026-09-01T15:46:57.900095+00:00	5b4f42435d205041594c4f41445f4143434550544544207365713d333438206d6f64653d300d0a	[OBC] PAYLOAD_ACCEPTED seq=348 mode=0\r\n
2026-09-01T15:46:58.393545+00:00	5b4f42435d205041594c4f41445f4143434550544544207365713d333439206d6f64653d300d0a	[OBC] PAYLOAD_ACCEPTED seq=349 mode=0\r\n
2026-09-01T15:46:58.869280+00:00	5b4f42435d205041594c4f41445f5354415455532073746174653d4f4e4c494e4520706f6c6c733d333530206f6b3d3333342074696d656f75743d3136206372633d30207365713d3136207265636f766572793d32206865617274626561743d4f4b207761746368646f673d4f4b0d0a	[OBC] PAYLOAD_STATUS state=ONLINE polls=350 ok=334 timeout=16 crc=0 seq=16 recovery=2 heartbeat=OK watchdog=OK\r\n
2026-09-01T15:46:58.921934+00:00	5b4f42435d205041594c4f41445f4143434550544544207365713d333530206d6f64653d300d0a	[OBC] PAYLOAD_ACCEPTED seq=350 mode=0\r\n
2026-09-01T15:46:59.419452+00:00	5b4f42435d205041594c4f41445f4143434550544544207365713d333531206d6f64653d300d0a	[OBC] PAYLOAD_ACCEPTED seq=351 mode=0\r\n
2026-09-01T15:46:59.916135+00:00	5b4f42435d205041594c4f41445f4143434550544544207365713d333532206d6f64653d300d0a	[OBC] PAYLOAD_ACCEPTED seq=352 mode=0\r\n
2026-09-01T15:47:00.411893+00:00	5b4f42435d205041594c4f41445f4143434550544544207365713d333533206d6f64653d300d0a	[OBC] PAYLOAD_ACCEPTED seq=353 mode=0\r\n
2026-09-01T15:47:00.908185+00:00	5b4f42435d205041594c4f41445f4143434550544544207365713d333534206d6f64653d300d0a	[OBC] PAYLOAD_ACCEPTED seq=354 mode=0\r\n
2026-09-01T15:47:01.340362+00:00	5b4f42435d205041594c4f41445f4143434550544544207365713d333535206d6f64653d300d0a	[OBC] PAYLOAD_ACCEPTED seq=355 mode=0\r\n
2026-09-01T15:47:01.836450+00:00	5b4f42435d205041594c4f41445f4143434550544544207365713d333536206d6f64653d300d0a	[OBC] PAYLOAD_ACCEPTED seq=356 mode=0\r\n
2026-09-01T15:47:02.331978+00:00	5b4f42435d205041594c4f41445f4143434550544544207365713d333537206d6f64653d300d0a	[OBC] PAYLOAD_ACCEPTED seq=357 mode=0\r\n
2026-09-01T15:47:02.829682+00:00	5b4f42435d205041594c4f41445f4143434550544544207365713d333538206d6f64653d300d0a	[OBC] PAYLOAD_ACCEPTED seq=358 mode=0\r\n
2026-09-01T15:47:03.327218+00:00	5b4f42435d205041594c4f41445f4143434550544544207365713d333539206d6f64653d300d0a	[OBC] PAYLOAD_ACCEPTED seq=359 mode=0\r\n
2026-09-01T15:47:03.808266+00:00	5b4f42435d205041594c4f41445f5354415455532073746174653d4f4e4c494e4520706f6c6c733d333630206f6b3d3334342074696d656f75743d3136206372633d30207365713d3136207265636f766572793d32206865617274626561743d4f4b207761746368646f673d4f4b0d0a	[OBC] PAYLOAD_STATUS state=ONLINE polls=360 ok=344 timeout=16 crc=0 seq=16 recovery=2 heartbeat=OK watchdog=OK\r\n
2026-09-01T15:47:03.869434+00:00	5b4f42435d205041594c4f41445f4143434550544544207365713d333630206d6f64653d300d0a	[OBC] PAYLOAD_ACCEPTED seq=360 mode=0\r\n
2026-09-01T15:47:04.305630+00:00	5b4f42435d205041594c4f41445f4143434550544544207365713d333631206d6f64653d300d0a	[OBC] PAYLOAD_ACCEPTED seq=361 mode=0\r\n
2026-09-01T15:47:04.802826+00:00	5b4f42435d205041594c4f41445f4143434550544544207365713d333632206d6f64653d300d0a	[OBC] PAYLOAD_ACCEPTED seq=362 mode=0\r\n
2026-09-01T15:47:05.300318+00:00	5b4f42435d205041594c4f41445f4143434550544544207365713d333633206d6f64653d300d0a	[OBC] PAYLOAD_ACCEPTED seq=363 mode=0\r\n
2026-09-01T15:47:05.796524+00:00	5b4f42435d205041594c4f41445f4143434550544544207365713d333634206d6f64653d300d0a	[OBC] PAYLOAD_ACCEPTED seq=364 mode=0\r\n
2026-09-01T15:47:06.291892+00:00	5b4f42435d205041594c4f41445f4143434550544544207365713d333635206d6f64653d300d0a	[OBC] PAYLOAD_ACCEPTED seq=365 mode=0\r\n
2026-09-01T15:47:06.788705+00:00	5b4f42435d205041594c4f41445f4143434550544544207365713d333636206d6f64653d300d0a	[OBC] PAYLOAD_ACCEPTED seq=366 mode=0\r\n
2026-09-01T15:47:07.284814+00:00	5b4f42435d205041594c4f41445f4143434550544544207365713d333637206d6f64653d300d0a	[OBC] PAYLOAD_ACCEPTED seq=367 mode=0\r\n
2026-09-01T15:47:07.779968+00:00	5b4f42435d205041594c4f41445f4143434550544544207365713d333638206d6f64653d300d0a	[OBC] PAYLOAD_ACCEPTED seq=368 mode=0\r\n
2026-09-01T15:47:08.275429+00:00	5b4f42435d205041594c4f41445f4143434550544544207365713d333639206d6f64653d300d0a	[OBC] PAYLOAD_ACCEPTED seq=369 mode=0\r\n
2026-09-01T15:47:08.746955+00:00	5b4f42435d205041594c4f41445f5354415455532073746174653d4f4e4c494e4520706f6c6c733d333730206f6b3d3335342074696d656f75743d3136206372633d30207365713d3136207265636f766572793d32206865617274626561743d4f4b207761746368646f673d4f4b0d0a	[OBC] PAYLOAD_STATUS state=ONLINE polls=370 ok=354 timeout=16 crc=0 seq=16 recovery=2 heartbeat=OK watchdog=OK\r\n
2026-09-01T15:47:08.802769+00:00	5b4f42435d205041594c4f41445f4143434550544544207365713d333730206d6f64653d300d0a	[OBC] PAYLOAD_ACCEPTED seq=370 mode=0\r\n
2026-09-01T15:47:09.296461+00:00	5b4f42435d205041594c4f41445f4143434550544544207365713d333731206d6f64653d300d0a	[OBC] PAYLOAD_ACCEPTED seq=371 mode=0\r\n
2026-09-01T15:47:09.792515+00:00	5b4f42435d205041594c4f41445f4143434550544544207365713d333732206d6f64653d300d0a	[OBC] PAYLOAD_ACCEPTED seq=372 mode=0\r\n
2026-09-01T15:47:10.291610+00:00	5b4f42435d205041594c4f41445f4143434550544544207365713d333733206d6f64653d300d0a	[OBC] PAYLOAD_ACCEPTED seq=373 mode=0\r\n
2026-09-01T15:47:10.786224+00:00	5b4f42435d205041594c4f41445f4143434550544544207365713d333734206d6f64653d300d0a	[OBC] PAYLOAD_ACCEPTED seq=374 mode=0\r\n
2026-09-01T15:47:11.219167+00:00	5b4f42435d205041594c4f41445f4143434550544544207365713d333735206d6f64653d300d0a	[OBC] PAYLOAD_ACCEPTED seq=375 mode=0\r\n
2026-09-01T15:47:11.717509+00:00	5b4f42435d205041594c4f41445f4143434550544544207365713d333736206d6f64653d300d0a	[OBC] PAYLOAD_ACCEPTED seq=376 mode=0\r\n
2026-09-01T15:47:12.216448+00:00	5b4f42435d205041594c4f41445f4143434550544544207365713d333737206d6f64653d300d0a	[OBC] PAYLOAD_ACCEPTED seq=377 mode=0\r\n
2026-09-01T15:47:12.715224+00:00	5b4f42435d205041594c4f41445f4143434550544544207365713d333738206d6f64653d300d0a	[OBC] PAYLOAD_ACCEPTED seq=378 mode=0\r\n
2026-09-01T15:47:13.212452+00:00	5b4f42435d205041594c4f41445f4143434550544544207365713d333739206d6f64653d300d0a	[OBC] PAYLOAD_ACCEPTED seq=379 mode=0\r\n
2026-09-01T15:47:13.687070+00:00	5b4f42435d205041594c4f41445f5354415455532073746174653d4f4e4c494e4520706f6c6c733d333830206f6b3d3336342074696d656f75743d3136206372633d30207365713d3136207265636f766572793d32206865617274626561743d4f4b207761746368646f673d4f4b0d0a	[OBC] PAYLOAD_STATUS state=ONLINE polls=380 ok=364 timeout=16 crc=0 seq=16 recovery=2 heartbeat=OK watchdog=OK\r\n
2026-09-01T15:47:13.739889+00:00	5b4f42435d205041594c4f41445f4143434550544544207365713d333830206d6f64653d300d0a	[OBC] PAYLOAD_ACCEPTED seq=380 mode=0\r\n
2026-09-01T15:47:14.232946+00:00	5b4f42435d205041594c4f41445f4143434550544544207365713d333831206d6f64653d300d0a	[OBC] PAYLOAD_ACCEPTED seq=381 mode=0\r\n
2026-09-01T15:47:14.731532+00:00	5b4f42435d205041594c4f41445f4143434550544544207365713d333832206d6f64653d300d0a	[OBC] PAYLOAD_ACCEPTED seq=382 mode=0\r\n
2026-09-01T15:47:15.229846+00:00	5b4f42435d205041594c4f41445f4143434550544544207365713d333833206d6f64653d300d0a	[OBC] PAYLOAD_ACCEPTED seq=383 mode=0\r\n
2026-09-01T15:47:15.722918+00:00	5b4f42435d205041594c4f41445f4143434550544544207365713d333834206d6f64653d300d0a	[OBC] PAYLOAD_ACCEPTED seq=384 mode=0\r\n
2026-09-01T15:47:16.217843+00:00	5b4f42435d205041594c4f41445f4143434550544544207365713d333835206d6f64653d300d0a	[OBC] PAYLOAD_ACCEPTED seq=385 mode=0\r\n
2026-09-01T15:47:16.714771+00:00	5b4f42435d205041594c4f41445f4143434550544544207365713d333836206d6f64653d300d0a	[OBC] PAYLOAD_ACCEPTED seq=386 mode=0\r\n
2026-09-01T15:47:17.150480+00:00	5b4f42435d205041594c4f41445f4143434550544544207365713d333837206d6f64653d300d0a	[OBC] PAYLOAD_ACCEPTED seq=387 mode=0\r\n
2026-09-01T15:47:17.648424+00:00	5b4f42435d205041594c4f41445f4143434550544544207365713d333838206d6f64653d300d0a	[OBC] PAYLOAD_ACCEPTED seq=388 mode=0\r\n
2026-09-01T15:47:18.144993+00:00	5b4f42435d205041594c4f41445f4143434550544544207365713d333839206d6f64653d300d0a	[OBC] PAYLOAD_ACCEPTED seq=389 mode=0\r\n
2026-09-01T15:47:18.626700+00:00	5b4f42435d205041594c4f41445f5354415455532073746174653d4f4e4c494e4520706f6c6c733d333930206f6b3d3337342074696d656f75743d3136206372633d30207365713d3136207265636f766572793d32206865617274626561743d4f4b207761746368646f673d4f4b0d0a	[OBC] PAYLOAD_STATUS state=ONLINE polls=390 ok=374 timeout=16 crc=0 seq=16 recovery=2 heartbeat=OK watchdog=OK\r\n
2026-09-01T15:47:18.688231+00:00	5b4f42435d205041594c4f41445f4143434550544544207365713d333930206d6f64653d300d0a	[OBC] PAYLOAD_ACCEPTED seq=390 mode=0\r\n
2026-09-01T15:47:19.220306+00:00	5b4f42435d205041594c4f41445f54494d454f555420636f6e73656375746976653d310d0a	[OBC] PAYLOAD_TIMEOUT consecutive=1\r\n
2026-09-01T15:47:19.272544+00:00	5b4f42435d205041594c4f41445f52454a45435420726561736f6e3d53455155454e43450d0a	[OBC] PAYLOAD_REJECT reason=SEQUENCE\r\n
2026-09-01T15:47:19.767977+00:00	5b4f42435d205041594c4f41445f54494d454f555420636f6e73656375746976653d320d0a	[OBC] PAYLOAD_TIMEOUT consecutive=2\r\n
2026-09-01T15:47:20.261672+00:00	5b4f42435d205041594c4f41445f4f46464c494e4520636f6e73656375746976653d33206865617274626561743d4f4b207761746368646f673d4f4b0d0a	[OBC] PAYLOAD_OFFLINE consecutive=3 heartbeat=OK watchdog=OK\r\n
2026-09-01T15:47:23.078190+00:00	5b4f42435d205041594c4f41445f4143434550544544207365713d333939206d6f64653d300d0a	[OBC] PAYLOAD_ACCEPTED seq=399 mode=0\r\n
2026-09-01T15:47:23.141299+00:00	5b4f42435d205041594c4f41445f5245434f5645524544207265636f7665726965733d330d0a	[OBC] PAYLOAD_RECOVERED recoveries=3\r\n
2026-09-01T15:47:23.568160+00:00	5b4f42435d205041594c4f41445f5354415455532073746174653d4f4e4c494e4520706f6c6c733d343030206f6b3d3337362074696d656f75743d3234206372633d30207365713d3234207265636f766572793d33206865617274626561743d4f4b207761746368646f673d4f4b0d0a	[OBC] PAYLOAD_STATUS state=ONLINE polls=400 ok=376 timeout=24 crc=0 seq=24 recovery=3 heartbeat=OK watchdog=OK\r\n
2026-09-01T15:47:23.618738+00:00	5b4f42435d205041594c4f41445f4143434550544544207365713d343030206d6f64653d300d0a	[OBC] PAYLOAD_ACCEPTED seq=400 mode=0\r\n
2026-09-01T15:47:24.116007+00:00	5b4f42435d205041594c4f41445f4143434550544544207365713d343031206d6f64653d300d0a	[OBC] PAYLOAD_ACCEPTED seq=401 mode=0\r\n
2026-09-01T15:47:24.608467+00:00	5b4f42435d205041594c4f41445f4143434550544544207365713d343032206d6f64653d300d0a	[OBC] PAYLOAD_ACCEPTED seq=402 mode=0\r\n
2026-09-01T15:47:25.101383+00:00	5b4f42435d205041594c4f41445f4143434550544544207365713d343033206d6f64653d300d0a	[OBC] PAYLOAD_ACCEPTED seq=403 mode=0\r\n
2026-09-01T15:47:25.597061+00:00	5b4f42435d205041594c4f41445f4143434550544544207365713d343034206d6f64653d300d0a	[OBC] PAYLOAD_ACCEPTED seq=404 mode=0\r\n
2026-09-01T15:47:26.097008+00:00	5b4f42435d205041594c4f41445f4143434550544544207365713d343035206d6f64653d300d0a	[OBC] PAYLOAD_ACCEPTED seq=405 mode=0\r\n
2026-09-01T15:47:26.592293+00:00	5b4f42435d205041594c4f41445f4143434550544544207365713d343036206d6f64653d300d0a	[OBC] PAYLOAD_ACCEPTED seq=406 mode=0\r\n
2026-09-01T15:47:27.028378+00:00	5b4f42435d205041594c4f41445f4143434550544544207365713d343037206d6f64653d300d0a	[OBC] PAYLOAD_ACCEPTED seq=407 mode=0\r\n
2026-09-01T15:47:27.582868+00:00	5b4f42435d205041594c4f41445f4143434550544544207365713d343038206d6f64653d300d0a	[OBC] PAYLOAD_ACCEPTED seq=408 mode=0\r\n
2026-09-01T15:47:28.075179+00:00	5b4f42435d205041594c4f41445f4143434550544544207365713d343039206d6f64653d300d0a	[OBC] PAYLOAD_ACCEPTED seq=409 mode=0\r\n
2026-09-01T15:47:28.509132+00:00	5b4f42435d205041594c4f41445f5354415455532073746174653d4f4e4c494e4520706f6c6c733d343130206f6b3d3338362074696d656f75743d3234206372633d30207365713d3234207265636f766572793d33206865617274626561743d4f4b207761746368646f673d4f4b0d0a	[OBC] PAYLOAD_STATUS state=ONLINE polls=410 ok=386 timeout=24 crc=0 seq=24 recovery=3 heartbeat=OK watchdog=OK\r\n
2026-09-01T15:47:28.570060+00:00	5b4f42435d205041594c4f41445f4143434550544544207365713d343130206d6f64653d300d0a	[OBC] PAYLOAD_ACCEPTED seq=410 mode=0\r\n
2026-09-01T15:47:29.005847+00:00	5b4f42435d205041594c4f41445f4143434550544544207365713d343131206d6f64653d300d0a	[OBC] PAYLOAD_ACCEPTED seq=411 mode=0\r\n
2026-09-01T15:47:29.504300+00:00	5b4f42435d205041594c4f41445f4143434550544544207365713d343132206d6f64653d300d0a	[OBC] PAYLOAD_ACCEPTED seq=412 mode=0\r\n
2026-09-01T15:47:30.000242+00:00	5b4f42435d205041594c4f41445f4143434550544544207365713d343133206d6f64653d300d0a	[OBC] PAYLOAD_ACCEPTED seq=413 mode=0\r\n
2026-09-01T15:47:30.496718+00:00	5b4f42435d205041594c4f41445f4143434550544544207365713d343134206d6f64653d300d0a	[OBC] PAYLOAD_ACCEPTED seq=414 mode=0\r\n
2026-09-01T15:47:30.995611+00:00	5b4f42435d205041594c4f41445f4143434550544544207365713d343135206d6f64653d300d0a	[OBC] PAYLOAD_ACCEPTED seq=415 mode=0\r\n
2026-09-01T15:47:31.491228+00:00	5b4f42435d205041594c4f41445f4143434550544544207365713d343136206d6f64653d300d0a	[OBC] PAYLOAD_ACCEPTED seq=416 mode=0\r\n
2026-09-01T15:47:31.988795+00:00	5b4f42435d205041594c4f41445f4143434550544544207365713d343137206d6f64653d300d0a	[OBC] PAYLOAD_ACCEPTED seq=417 mode=0\r\n
2026-09-01T15:47:32.485762+00:00	5b4f42435d205041594c4f41445f4143434550544544207365713d343138206d6f64653d300d0a	[OBC] PAYLOAD_ACCEPTED seq=418 mode=0\r\n
2026-09-01T15:47:32.982356+00:00	5b4f42435d205041594c4f41445f4143434550544544207365713d343139206d6f64653d300d0a	[OBC] PAYLOAD_ACCEPTED seq=419 mode=0\r\n
2026-09-01T15:47:33.446587+00:00	5b4f42435d205041594c4f41445f5354415455532073746174653d4f4e4c494e4520706f6c6c733d343230206f6b3d3339362074696d656f75743d3234206372633d30207365713d3234207265636f766572793d33206865617274626561743d4f4b207761746368646f673d4f4b0d0a	[OBC] PAYLOAD_STATUS state=ONLINE polls=420 ok=396 timeout=24 crc=0 seq=24 recovery=3 heartbeat=OK watchdog=OK\r\n
2026-09-01T15:47:33.507148+00:00	5b4f42435d205041594c4f41445f4143434550544544207365713d343230206d6f64653d300d0a	[OBC] PAYLOAD_ACCEPTED seq=420 mode=0\r\n
2026-09-01T15:47:34.002778+00:00	5b4f42435d205041594c4f41445f4143434550544544207365713d343231206d6f64653d300d0a	[OBC] PAYLOAD_ACCEPTED seq=421 mode=0\r\n
2026-09-01T15:47:34.498690+00:00	5b4f42435d205041594c4f41445f4143434550544544207365713d343232206d6f64653d300d0a	[OBC] PAYLOAD_ACCEPTED seq=422 mode=0\r\n
2026-09-01T15:47:34.934215+00:00	5b4f42435d205041594c4f41445f4143434550544544207365713d343233206d6f64653d300d0a	[OBC] PAYLOAD_ACCEPTED seq=423 mode=0\r\n
2026-09-01T15:47:35.429167+00:00	5b4f42435d205041594c4f41445f4143434550544544207365713d343234206d6f64653d300d0a	[OBC] PAYLOAD_ACCEPTED seq=424 mode=0\r\n
2026-09-01T15:47:35.924474+00:00	5b4f42435d205041594c4f41445f4143434550544544207365713d343235206d6f64653d300d0a	[OBC] PAYLOAD_ACCEPTED seq=425 mode=0\r\n
2026-09-01T15:47:36.420199+00:00	5b4f42435d205041594c4f41445f4143434550544544207365713d343236206d6f64653d300d0a	[OBC] PAYLOAD_ACCEPTED seq=426 mode=0\r\n
2026-09-01T15:47:36.918194+00:00	5b4f42435d205041594c4f41445f4143434550544544207365713d343237206d6f64653d300d0a	[OBC] PAYLOAD_ACCEPTED seq=427 mode=0\r\n
2026-09-01T15:47:37.415342+00:00	5b4f42435d205041594c4f41445f4143434550544544207365713d343238206d6f64653d300d0a	[OBC] PAYLOAD_ACCEPTED seq=428 mode=0\r\n
2026-09-01T15:47:37.909795+00:00	5b4f42435d205041594c4f41445f4143434550544544207365713d343239206d6f64653d300d0a	[OBC] PAYLOAD_ACCEPTED seq=429 mode=0\r\n
2026-09-01T15:47:38.385052+00:00	5b4f42435d205041594c4f41445f5354415455532073746174653d4f4e4c494e4520706f6c6c733d343330206f6b3d3430362074696d656f75743d3234206372633d30207365713d3234207265636f766572793d33206865617274626561743d4f4b207761746368646f673d4f4b0d0a	[OBC] PAYLOAD_STATUS state=ONLINE polls=430 ok=406 timeout=24 crc=0 seq=24 recovery=3 heartbeat=OK watchdog=OK\r\n
2026-09-01T15:47:38.442061+00:00	5b4f42435d205041594c4f41445f4143434550544544207365713d343330206d6f64653d300d0a	[OBC] PAYLOAD_ACCEPTED seq=430 mode=0\r\n
2026-09-01T15:47:38.989115+00:00	5b4f42435d205041594c4f41445f54494d454f555420636f6e73656375746976653d310d0a	[OBC] PAYLOAD_TIMEOUT consecutive=1\r\n
2026-09-01T15:47:39.042863+00:00	5b4f42435d205041594c4f41445f52454a45435420726561736f6e3d53455155454e43450d0a	[OBC] PAYLOAD_REJECT reason=SEQUENCE\r\n
2026-09-01T15:47:39.477276+00:00	5b4f42435d205041594c4f41445f54494d454f555420636f6e73656375746976653d320d0a	[OBC] PAYLOAD_TIMEOUT consecutive=2\r\n
2026-09-01T15:47:39.972632+00:00	5b4f42435d205041594c4f41445f4f46464c494e4520636f6e73656375746976653d33206865617274626561743d4f4b207761746368646f673d4f4b0d0a	[OBC] PAYLOAD_OFFLINE consecutive=3 heartbeat=OK watchdog=OK\r\n
2026-09-01T15:47:42.831465+00:00	5b4f42435d205041594c4f41445f4143434550544544207365713d343339206d6f64653d300d0a	[OBC] PAYLOAD_ACCEPTED seq=439 mode=0\r\n
2026-09-01T15:47:42.884517+00:00	5b4f42435d205041594c4f41445f5245434f5645524544207265636f7665726965733d340d0a	[OBC] PAYLOAD_RECOVERED recoveries=4\r\n
2026-09-01T15:47:43.322259+00:00	5b4f42435d205041594c4f41445f5354415455532073746174653d4f4e4c494e4520706f6c6c733d343430206f6b3d3430382074696d656f75743d3332206372633d30207365713d3332207265636f766572793d34206865617274626561743d4f4b207761746368646f673d4f4b0d0a	[OBC] PAYLOAD_STATUS state=ONLINE polls=440 ok=408 timeout=32 crc=0 seq=32 recovery=4 heartbeat=OK watchdog=OK\r\n
2026-09-01T15:47:43.380918+00:00	5b4f42435d205041594c4f41445f4143434550544544207365713d343430206d6f64653d300d0a	[OBC] PAYLOAD_ACCEPTED seq=440 mode=0\r\n
2026-09-01T15:47:43.875514+00:00	5b4f42435d205041594c4f41445f4143434550544544207365713d343431206d6f64653d300d0a	[OBC] PAYLOAD_ACCEPTED seq=441 mode=0\r\n
2026-09-01T15:47:44.368053+00:00	5b4f42435d205041594c4f41445f4143434550544544207365713d343432206d6f64653d300d0a	[OBC] PAYLOAD_ACCEPTED seq=442 mode=0\r\n
2026-09-01T15:47:44.863327+00:00	5b4f42435d205041594c4f41445f4143434550544544207365713d343433206d6f64653d300d0a	[OBC] PAYLOAD_ACCEPTED seq=443 mode=0\r\n
2026-09-01T15:47:45.360231+00:00	5b4f42435d205041594c4f41445f4143434550544544207365713d343434206d6f64653d300d0a	[OBC] PAYLOAD_ACCEPTED seq=444 mode=0\r\n
2026-09-01T15:47:45.793933+00:00	5b4f42435d205041594c4f41445f4143434550544544207365713d343435206d6f64653d300d0a	[OBC] PAYLOAD_ACCEPTED seq=445 mode=0\r\n
2026-09-01T15:47:46.292376+00:00	5b4f42435d205041594c4f41445f4143434550544544207365713d343436206d6f64653d300d0a	[OBC] PAYLOAD_ACCEPTED seq=446 mode=0\r\n
2026-09-01T15:47:46.789257+00:00	5b4f42435d205041594c4f41445f4143434550544544207365713d343437206d6f64653d300d0a	[OBC] PAYLOAD_ACCEPTED seq=447 mode=0\r\n
2026-09-01T15:47:47.287543+00:00	5b4f42435d205041594c4f41445f4143434550544544207365713d343438206d6f64653d300d0a	[OBC] PAYLOAD_ACCEPTED seq=448 mode=0\r\n
2026-09-01T15:47:47.783583+00:00	5b4f42435d205041594c4f41445f4143434550544544207365713d343439206d6f64653d300d0a	[OBC] PAYLOAD_ACCEPTED seq=449 mode=0\r\n
2026-09-01T15:47:48.260514+00:00	5b4f42435d205041594c4f41445f5354415455532073746174653d4f4e4c494e4520706f6c6c733d343530206f6b3d3431382074696d656f75743d3332206372633d30207365713d3332207265636f766572793d34206865617274626561743d4f4b207761746368646f673d4f4b0d0a	[OBC] PAYLOAD_STATUS state=ONLINE polls=450 ok=418 timeout=32 crc=0 seq=32 recovery=4 heartbeat=OK watchdog=OK\r\n
2026-09-01T15:47:48.310528+00:00	5b4f42435d205041594c4f41445f4143434550544544207365713d343530206d6f64653d300d0a	[OBC] PAYLOAD_ACCEPTED seq=450 mode=0\r\n
2026-09-01T15:47:48.808341+00:00	5b4f42435d205041594c4f41445f4143434550544544207365713d343531206d6f64653d300d0a	[OBC] PAYLOAD_ACCEPTED seq=451 mode=0\r\n
2026-09-01T15:47:49.303858+00:00	5b4f42435d205041594c4f41445f4143434550544544207365713d343532206d6f64653d300d0a	[OBC] PAYLOAD_ACCEPTED seq=452 mode=0\r\n
2026-09-01T15:47:49.798362+00:00	5b4f42435d205041594c4f41445f4143434550544544207365713d343533206d6f64653d300d0a	[OBC] PAYLOAD_ACCEPTED seq=453 mode=0\r\n
2026-09-01T15:47:50.293220+00:00	5b4f42435d205041594c4f41445f4143434550544544207365713d343534206d6f64653d300d0a	[OBC] PAYLOAD_ACCEPTED seq=454 mode=0\r\n
2026-09-01T15:47:50.788548+00:00	5b4f42435d205041594c4f41445f4143434550544544207365713d343535206d6f64653d300d0a	[OBC] PAYLOAD_ACCEPTED seq=455 mode=0\r\n
2026-09-01T15:47:51.286076+00:00	5b4f42435d205041594c4f41445f4143434550544544207365713d343536206d6f64653d300d0a	[OBC] PAYLOAD_ACCEPTED seq=456 mode=0\r\n
2026-09-01T15:47:51.781400+00:00	5b4f42435d205041594c4f41445f4143434550544544207365713d343537206d6f64653d300d0a	[OBC] PAYLOAD_ACCEPTED seq=457 mode=0\r\n
2026-09-01T15:47:52.216815+00:00	5b4f42435d205041594c4f41445f4143434550544544207365713d343538206d6f64653d300d0a	[OBC] PAYLOAD_ACCEPTED seq=458 mode=0\r\n
2026-09-01T15:47:52.712285+00:00	5b4f42435d205041594c4f41445f4143434550544544207365713d343539206d6f64653d300d0a	[OBC] PAYLOAD_ACCEPTED seq=459 mode=0\r\n
2026-09-01T15:47:53.198785+00:00	5b4f42435d205041594c4f41445f5354415455532073746174653d4f4e4c494e4520706f6c6c733d343630206f6b3d3432382074696d656f75743d3332206372633d30207365713d3332207265636f766572793d34206865617274626561743d4f4b207761746368646f673d4f4b0d0a	[OBC] PAYLOAD_STATUS state=ONLINE polls=460 ok=428 timeout=32 crc=0 seq=32 recovery=4 heartbeat=OK watchdog=OK\r\n
2026-09-01T15:47:53.252412+00:00	5b4f42435d205041594c4f41445f4143434550544544207365713d343630206d6f64653d300d0a	[OBC] PAYLOAD_ACCEPTED seq=460 mode=0\r\n
2026-09-01T15:47:53.746747+00:00	5b4f42435d205041594c4f41445f4143434550544544207365713d343631206d6f64653d300d0a	[OBC] PAYLOAD_ACCEPTED seq=461 mode=0\r\n
2026-09-01T15:47:54.243513+00:00	5b4f42435d205041594c4f41445f4143434550544544207365713d343632206d6f64653d300d0a	[OBC] PAYLOAD_ACCEPTED seq=462 mode=0\r\n
2026-09-01T15:47:54.738936+00:00	5b4f42435d205041594c4f41445f4143434550544544207365713d343633206d6f64653d300d0a	[OBC] PAYLOAD_ACCEPTED seq=463 mode=0\r\n
2026-09-01T15:47:55.236017+00:00	5b4f42435d205041594c4f41445f4143434550544544207365713d343634206d6f64653d300d0a	[OBC] PAYLOAD_ACCEPTED seq=464 mode=0\r\n
2026-09-01T15:47:55.673416+00:00	5b4f42435d205041594c4f41445f4143434550544544207365713d343635206d6f64653d300d0a	[OBC] PAYLOAD_ACCEPTED seq=465 mode=0\r\n
2026-09-01T15:47:56.169788+00:00	5b4f42435d205041594c4f41445f4143434550544544207365713d343636206d6f64653d300d0a	[OBC] PAYLOAD_ACCEPTED seq=466 mode=0\r\n
2026-09-01T15:47:56.666021+00:00	5b4f42435d205041594c4f41445f4143434550544544207365713d343637206d6f64653d300d0a	[OBC] PAYLOAD_ACCEPTED seq=467 mode=0\r\n
2026-09-01T15:47:57.157217+00:00	5b4f42435d205041594c4f41445f4143434550544544207365713d343638206d6f64653d300d0a	[OBC] PAYLOAD_ACCEPTED seq=468 mode=0\r\n
2026-09-01T15:47:57.655112+00:00	5b4f42435d205041594c4f41445f4143434550544544207365713d343639206d6f64653d300d0a	[OBC] PAYLOAD_ACCEPTED seq=469 mode=0\r\n
2026-09-01T15:47:58.141855+00:00	5b4f42435d205041594c4f41445f5354415455532073746174653d4f4e4c494e4520706f6c6c733d343730206f6b3d3433382074696d656f75743d3332206372633d30207365713d3332207265636f766572793d34206865617274626561743d4f4b207761746368646f673d4f4b0d0a	[OBC] PAYLOAD_STATUS state=ONLINE polls=470 ok=438 timeout=32 crc=0 seq=32 recovery=4 heartbeat=OK watchdog=OK\r\n
2026-09-01T15:47:58.195948+00:00	5b4f42435d205041594c4f41445f4143434550544544207365713d343730206d6f64653d300d0a	[OBC] PAYLOAD_ACCEPTED seq=470 mode=0\r\n
2026-09-01T15:47:58.735754+00:00	5b4f42435d205041594c4f41445f54494d454f555420636f6e73656375746976653d310d0a	[OBC] PAYLOAD_TIMEOUT consecutive=1\r\n
2026-09-01T15:47:58.799876+00:00	5b4f42435d205041594c4f41445f52454a45435420726561736f6e3d53455155454e43450d0a	[OBC] PAYLOAD_REJECT reason=SEQUENCE\r\n
2026-09-01T15:47:59.232861+00:00	5b4f42435d205041594c4f41445f54494d454f555420636f6e73656375746976653d320d0a	[OBC] PAYLOAD_TIMEOUT consecutive=2\r\n
2026-09-01T15:47:59.730846+00:00	5b4f42435d205041594c4f41445f4f46464c494e4520636f6e73656375746976653d33206865617274626561743d4f4b207761746368646f673d4f4b0d0a	[OBC] PAYLOAD_OFFLINE consecutive=3 heartbeat=OK watchdog=OK\r\n
2026-09-01T15:48:02.592532+00:00	5b4f42435d205041594c4f41445f4143434550544544207365713d343739206d6f64653d300d0a	[OBC] PAYLOAD_ACCEPTED seq=479 mode=0\r\n
2026-09-01T15:48:02.645375+00:00	5b4f42435d205041594c4f41445f5245434f5645524544207265636f7665726965733d350d0a	[OBC] PAYLOAD_RECOVERED recoveries=5\r\n
2026-09-01T15:48:03.083124+00:00	5b4f42435d205041594c4f41445f5354415455532073746174653d4f4e4c494e4520706f6c6c733d343830206f6b3d3434302074696d656f75743d3430206372633d30207365713d3430207265636f766572793d35206865617274626561743d4f4b207761746368646f673d4f4b0d0a	[OBC] PAYLOAD_STATUS state=ONLINE polls=480 ok=440 timeout=40 crc=0 seq=40 recovery=5 heartbeat=OK watchdog=OK\r\n
2026-09-01T15:48:03.142929+00:00	5b4f42435d205041594c4f41445f4143434550544544207365713d343830206d6f64653d300d0a	[OBC] PAYLOAD_ACCEPTED seq=480 mode=0\r\n
2026-09-01T15:48:03.638964+00:00	5b4f42435d205041594c4f41445f4143434550544544207365713d343831206d6f64653d300d0a	[OBC] PAYLOAD_ACCEPTED seq=481 mode=0\r\n
2026-09-01T15:48:04.075723+00:00	5b4f42435d205041594c4f41445f4143434550544544207365713d343832206d6f64653d300d0a	[OBC] PAYLOAD_ACCEPTED seq=482 mode=0\r\n
2026-09-01T15:48:04.572869+00:00	5b4f42435d205041594c4f41445f4143434550544544207365713d343833206d6f64653d300d0a	[OBC] PAYLOAD_ACCEPTED seq=483 mode=0\r\n
2026-09-01T15:48:05.070195+00:00	5b4f42435d205041594c4f41445f4143434550544544207365713d343834206d6f64653d300d0a	[OBC] PAYLOAD_ACCEPTED seq=484 mode=0\r\n
2026-09-01T15:48:05.562918+00:00	5b4f42435d205041594c4f41445f4143434550544544207365713d343835206d6f64653d300d0a	[OBC] PAYLOAD_ACCEPTED seq=485 mode=0\r\n
2026-09-01T15:48:06.059628+00:00	5b4f42435d205041594c4f41445f4143434550544544207365713d343836206d6f64653d300d0a	[OBC] PAYLOAD_ACCEPTED seq=486 mode=0\r\n
2026-09-01T15:48:06.555792+00:00	5b4f42435d205041594c4f41445f4143434550544544207365713d343837206d6f64653d300d0a	[OBC] PAYLOAD_ACCEPTED seq=487 mode=0\r\n
2026-09-01T15:48:07.053815+00:00	5b4f42435d205041594c4f41445f4143434550544544207365713d343838206d6f64653d300d0a	[OBC] PAYLOAD_ACCEPTED seq=488 mode=0\r\n
2026-09-01T15:48:07.548339+00:00	5b4f42435d205041594c4f41445f4143434550544544207365713d343839206d6f64653d300d0a	[OBC] PAYLOAD_ACCEPTED seq=489 mode=0\r\n
2026-09-01T15:48:08.023983+00:00	5b4f42435d205041594c4f41445f5354415455532073746174653d4f4e4c494e4520706f6c6c733d343930206f6b3d3435302074696d656f75743d3430206372633d30207365713d3430207265636f766572793d35206865617274626561743d4f4b207761746368646f673d4f4b0d0a	[OBC] PAYLOAD_STATUS state=ONLINE polls=490 ok=450 timeout=40 crc=0 seq=40 recovery=5 heartbeat=OK watchdog=OK\r\n
2026-09-01T15:48:08.077190+00:00	5b4f42435d205041594c4f41445f4143434550544544207365713d343930206d6f64653d300d0a	[OBC] PAYLOAD_ACCEPTED seq=490 mode=0\r\n
2026-09-01T15:48:08.573205+00:00	5b4f42435d205041594c4f41445f4143434550544544207365713d343931206d6f64653d300d0a	[OBC] PAYLOAD_ACCEPTED seq=491 mode=0\r\n
2026-09-01T15:48:09.065210+00:00	5b4f42435d205041594c4f41445f4143434550544544207365713d343932206d6f64653d300d0a	[OBC] PAYLOAD_ACCEPTED seq=492 mode=0\r\n
2026-09-01T15:48:09.559771+00:00	5b4f42435d205041594c4f41445f4143434550544544207365713d343933206d6f64653d300d0a	[OBC] PAYLOAD_ACCEPTED seq=493 mode=0\r\n
2026-09-01T15:48:10.057621+00:00	5b4f42435d205041594c4f41445f4143434550544544207365713d343934206d6f64653d300d0a	[OBC] PAYLOAD_ACCEPTED seq=494 mode=0\r\n
2026-09-01T15:48:10.555589+00:00	5b4f42435d205041594c4f41445f4143434550544544207365713d343935206d6f64653d300d0a	[OBC] PAYLOAD_ACCEPTED seq=495 mode=0\r\n
2026-09-01T15:48:10.992090+00:00	5b4f42435d205041594c4f41445f4143434550544544207365713d343936206d6f64653d300d0a	[OBC] PAYLOAD_ACCEPTED seq=496 mode=0\r\n
2026-09-01T15:48:11.488676+00:00	5b4f42435d205041594c4f41445f4143434550544544207365713d343937206d6f64653d300d0a	[OBC] PAYLOAD_ACCEPTED seq=497 mode=0\r\n
2026-09-01T15:48:11.982266+00:00	5b4f42435d205041594c4f41445f4143434550544544207365713d343938206d6f64653d300d0a	[OBC] PAYLOAD_ACCEPTED seq=498 mode=0\r\n
2026-09-01T15:48:12.480428+00:00	5b4f42435d205041594c4f41445f4143434550544544207365713d343939206d6f64653d300d0a	[OBC] PAYLOAD_ACCEPTED seq=499 mode=0\r\n
2026-09-01T15:48:12.964784+00:00	5b4f42435d205041594c4f41445f5354415455532073746174653d4f4e4c494e4520706f6c6c733d353030206f6b3d3436302074696d656f75743d3430206372633d30207365713d3430207265636f766572793d35206865617274626561743d4f4b207761746368646f673d4f4b0d0a	[OBC] PAYLOAD_STATUS state=ONLINE polls=500 ok=460 timeout=40 crc=0 seq=40 recovery=5 heartbeat=OK watchdog=OK\r\n
2026-09-01T15:48:13.024958+00:00	5b4f42435d205041594c4f41445f4143434550544544207365713d353030206d6f64653d300d0a	[OBC] PAYLOAD_ACCEPTED seq=500 mode=0\r\n
2026-09-01T15:48:13.518216+00:00	5b4f42435d205041594c4f41445f4143434550544544207365713d353031206d6f64653d300d0a	[OBC] PAYLOAD_ACCEPTED seq=501 mode=0\r\n
2026-09-01T15:48:14.016507+00:00	5b4f42435d205041594c4f41445f4143434550544544207365713d353032206d6f64653d300d0a	[OBC] PAYLOAD_ACCEPTED seq=502 mode=0\r\n
2026-09-01T15:48:14.451073+00:00	5b4f42435d205041594c4f41445f4143434550544544207365713d353033206d6f64653d300d0a	[OBC] PAYLOAD_ACCEPTED seq=503 mode=0\r\n
2026-09-01T15:48:14.945633+00:00	5b4f42435d205041594c4f41445f4143434550544544207365713d353034206d6f64653d300d0a	[OBC] PAYLOAD_ACCEPTED seq=504 mode=0\r\n
2026-09-01T15:48:15.442908+00:00	5b4f42435d205041594c4f41445f4143434550544544207365713d353035206d6f64653d300d0a	[OBC] PAYLOAD_ACCEPTED seq=505 mode=0\r\n
2026-09-01T15:48:15.938210+00:00	5b4f42435d205041594c4f41445f4143434550544544207365713d353036206d6f64653d300d0a	[OBC] PAYLOAD_ACCEPTED seq=506 mode=0\r\n
2026-09-01T15:48:16.436062+00:00	5b4f42435d205041594c4f41445f4143434550544544207365713d353037206d6f64653d300d0a	[OBC] PAYLOAD_ACCEPTED seq=507 mode=0\r\n
2026-09-01T15:48:16.932711+00:00	5b4f42435d205041594c4f41445f4143434550544544207365713d353038206d6f64653d300d0a	[OBC] PAYLOAD_ACCEPTED seq=508 mode=0\r\n
2026-09-01T15:48:17.427693+00:00	5b4f42435d205041594c4f41445f4143434550544544207365713d353039206d6f64653d300d0a	[OBC] PAYLOAD_ACCEPTED seq=509 mode=0\r\n
2026-09-01T15:48:17.905160+00:00	5b4f42435d205041594c4f41445f5354415455532073746174653d4f4e4c494e4520706f6c6c733d353130206f6b3d3437302074696d656f75743d3430206372633d30207365713d3430207265636f766572793d35206865617274626561743d4f4b207761746368646f673d4f4b0d0a	[OBC] PAYLOAD_STATUS state=ONLINE polls=510 ok=470 timeout=40 crc=0 seq=40 recovery=5 heartbeat=OK watchdog=OK\r\n
2026-09-01T15:48:17.967703+00:00	5b4f42435d205041594c4f41445f4143434550544544207365713d353130206d6f64653d300d0a	[OBC] PAYLOAD_ACCEPTED seq=510 mode=0\r\n
2026-09-01T15:48:18.509935+00:00	5b4f42435d205041594c4f41445f54494d454f555420636f6e73656375746976653d310d0a	[OBC] PAYLOAD_TIMEOUT consecutive=1\r\n
2026-09-01T15:48:18.568805+00:00	5b4f42435d205041594c4f41445f52454a45435420726561736f6e3d53455155454e43450d0a	[OBC] PAYLOAD_REJECT reason=SEQUENCE\r\n
2026-09-01T15:48:19.002720+00:00	5b4f42435d205041594c4f41445f54494d454f555420636f6e73656375746976653d320d0a	[OBC] PAYLOAD_TIMEOUT consecutive=2\r\n
2026-09-01T15:48:19.500453+00:00	5b4f42435d205041594c4f41445f4f46464c494e4520636f6e73656375746976653d33206865617274626561743d4f4b207761746368646f673d4f4b0d0a	[OBC] PAYLOAD_OFFLINE consecutive=3 heartbeat=OK watchdog=OK\r\n
2026-09-01T15:48:22.411623+00:00	5b4f42435d205041594c4f41445f4143434550544544207365713d353139206d6f64653d300d0a	[OBC] PAYLOAD_ACCEPTED seq=519 mode=0\r\n
2026-09-01T15:48:22.411623+00:00	5b4f42435d205041594c4f41445f5245434f5645524544207265636f7665726965733d360d0a	[OBC] PAYLOAD_RECOVERED recoveries=6\r\n
2026-09-01T15:48:22.844086+00:00	5b4f42435d205041594c4f41445f5354415455532073746174653d4f4e4c494e4520706f6c6c733d353230206f6b3d3437322074696d656f75743d3438206372633d30207365713d3438207265636f766572793d36206865617274626561743d4f4b207761746368646f673d4f4b0d0a	[OBC] PAYLOAD_STATUS state=ONLINE polls=520 ok=472 timeout=48 crc=0 seq=48 recovery=6 heartbeat=OK watchdog=OK\r\n
2026-09-01T15:48:22.909456+00:00	5b4f42435d205041594c4f41445f4143434550544544207365713d353230206d6f64653d300d0a	[OBC] PAYLOAD_ACCEPTED seq=520 mode=0\r\n
2026-09-01T15:48:23.344144+00:00	5b4f42435d205041594c4f41445f4143434550544544207365713d353231206d6f64653d300d0a	[OBC] PAYLOAD_ACCEPTED seq=521 mode=0\r\n
2026-09-01T15:48:23.841531+00:00	5b4f42435d205041594c4f41445f4143434550544544207365713d353232206d6f64653d300d0a	[OBC] PAYLOAD_ACCEPTED seq=522 mode=0\r\n
2026-09-01T15:48:24.338948+00:00	5b4f42435d205041594c4f41445f4143434550544544207365713d353233206d6f64653d300d0a	[OBC] PAYLOAD_ACCEPTED seq=523 mode=0\r\n
2026-09-01T15:48:24.833491+00:00	5b4f42435d205041594c4f41445f4143434550544544207365713d353234206d6f64653d300d0a	[OBC] PAYLOAD_ACCEPTED seq=524 mode=0\r\n
2026-09-01T15:48:25.326507+00:00	5b4f42435d205041594c4f41445f4143434550544544207365713d353235206d6f64653d300d0a	[OBC] PAYLOAD_ACCEPTED seq=525 mode=0\r\n
2026-09-01T15:48:25.820821+00:00	5b4f42435d205041594c4f41445f4143434550544544207365713d353236206d6f64653d300d0a	[OBC] PAYLOAD_ACCEPTED seq=526 mode=0\r\n
2026-09-01T15:48:26.320679+00:00	5b4f42435d205041594c4f41445f4143434550544544207365713d353237206d6f64653d300d0a	[OBC] PAYLOAD_ACCEPTED seq=527 mode=0\r\n
2026-09-01T15:48:26.818076+00:00	5b4f42435d205041594c4f41445f4143434550544544207365713d353238206d6f64653d300d0a	[OBC] PAYLOAD_ACCEPTED seq=528 mode=0\r\n
2026-09-01T15:48:27.313198+00:00	5b4f42435d205041594c4f41445f4143434550544544207365713d353239206d6f64653d300d0a	[OBC] PAYLOAD_ACCEPTED seq=529 mode=0\r\n
2026-09-01T15:48:27.784788+00:00	5b4f42435d205041594c4f41445f5354415455532073746174653d4f4e4c494e4520706f6c6c733d353330206f6b3d3438322074696d656f75743d3438206372633d30207365713d3438207265636f766572793d36206865617274626561743d4f4b207761746368646f673d4f4b0d0a	[OBC] PAYLOAD_STATUS state=ONLINE polls=530 ok=482 timeout=48 crc=0 seq=48 recovery=6 heartbeat=OK watchdog=OK\r\n
2026-09-01T15:48:27.841911+00:00	5b4f42435d205041594c4f41445f4143434550544544207365713d353330206d6f64653d300d0a	[OBC] PAYLOAD_ACCEPTED seq=530 mode=0\r\n
2026-09-01T15:48:28.336464+00:00	5b4f42435d205041594c4f41445f4143434550544544207365713d353331206d6f64653d300d0a	[OBC] PAYLOAD_ACCEPTED seq=531 mode=0\r\n
2026-09-01T15:48:28.831351+00:00	5b4f42435d205041594c4f41445f4143434550544544207365713d353332206d6f64653d300d0a	[OBC] PAYLOAD_ACCEPTED seq=532 mode=0\r\n
2026-09-01T15:48:29.327048+00:00	5b4f42435d205041594c4f41445f4143434550544544207365713d353333206d6f64653d300d0a	[OBC] PAYLOAD_ACCEPTED seq=533 mode=0\r\n
2026-09-01T15:48:29.821111+00:00	5b4f42435d205041594c4f41445f4143434550544544207365713d353334206d6f64653d300d0a	[OBC] PAYLOAD_ACCEPTED seq=534 mode=0\r\n
2026-09-01T15:48:30.257821+00:00	5b4f42435d205041594c4f41445f4143434550544544207365713d353335206d6f64653d300d0a	[OBC] PAYLOAD_ACCEPTED seq=535 mode=0\r\n
2026-09-01T15:48:30.753102+00:00	5b4f42435d205041594c4f41445f4143434550544544207365713d353336206d6f64653d300d0a	[OBC] PAYLOAD_ACCEPTED seq=536 mode=0\r\n
2026-09-01T15:48:31.248306+00:00	5b4f42435d205041594c4f41445f4143434550544544207365713d353337206d6f64653d300d0a	[OBC] PAYLOAD_ACCEPTED seq=537 mode=0\r\n
2026-09-01T15:48:31.745436+00:00	5b4f42435d205041594c4f41445f4143434550544544207365713d353338206d6f64653d300d0a	[OBC] PAYLOAD_ACCEPTED seq=538 mode=0\r\n
2026-09-01T15:48:32.240461+00:00	5b4f42435d205041594c4f41445f4143434550544544207365713d353339206d6f64653d300d0a	[OBC] PAYLOAD_ACCEPTED seq=539 mode=0\r\n
2026-09-01T15:48:32.723652+00:00	5b4f42435d205041594c4f41445f5354415455532073746174653d4f4e4c494e4520706f6c6c733d353430206f6b3d3439322074696d656f75743d3438206372633d30207365713d3438207265636f766572793d36206865617274626561743d4f4b207761746368646f673d4f4b0d0a	[OBC] PAYLOAD_STATUS state=ONLINE polls=540 ok=492 timeout=48 crc=0 seq=48 recovery=6 heartbeat=OK watchdog=OK\r\n
2026-09-01T15:48:32.786738+00:00	5b4f42435d205041594c4f41445f4143434550544544207365713d353430206d6f64653d300d0a	[OBC] PAYLOAD_ACCEPTED seq=540 mode=0\r\n
2026-09-01T15:48:33.280972+00:00	5b4f42435d205041594c4f41445f4143434550544544207365713d353431206d6f64653d300d0a	[OBC] PAYLOAD_ACCEPTED seq=541 mode=0\r\n
2026-09-01T15:48:33.716916+00:00	5b4f42435d205041594c4f41445f4143434550544544207365713d353432206d6f64653d300d0a	[OBC] PAYLOAD_ACCEPTED seq=542 mode=0\r\n
2026-09-01T15:48:34.212701+00:00	5b4f42435d205041594c4f41445f4143434550544544207365713d353433206d6f64653d300d0a	[OBC] PAYLOAD_ACCEPTED seq=543 mode=0\r\n
2026-09-01T15:48:34.706609+00:00	5b4f42435d205041594c4f41445f4143434550544544207365713d353434206d6f64653d300d0a	[OBC] PAYLOAD_ACCEPTED seq=544 mode=0\r\n
2026-09-01T15:48:35.203412+00:00	5b4f42435d205041594c4f41445f4143434550544544207365713d353435206d6f64653d300d0a	[OBC] PAYLOAD_ACCEPTED seq=545 mode=0\r\n
2026-09-01T15:48:35.696122+00:00	5b4f42435d205041594c4f41445f4143434550544544207365713d353436206d6f64653d300d0a	[OBC] PAYLOAD_ACCEPTED seq=546 mode=0\r\n
2026-09-01T15:48:36.194729+00:00	5b4f42435d205041594c4f41445f4143434550544544207365713d353437206d6f64653d300d0a	[OBC] PAYLOAD_ACCEPTED seq=547 mode=0\r\n
2026-09-01T15:48:36.690428+00:00	5b4f42435d205041594c4f41445f4143434550544544207365713d353438206d6f64653d300d0a	[OBC] PAYLOAD_ACCEPTED seq=548 mode=0\r\n
2026-09-01T15:48:37.185797+00:00	5b4f42435d205041594c4f41445f4143434550544544207365713d353439206d6f64653d300d0a	[OBC] PAYLOAD_ACCEPTED seq=549 mode=0\r\n
2026-09-01T15:48:37.665180+00:00	5b4f42435d205041594c4f41445f5354415455532073746174653d4f4e4c494e4520706f6c6c733d353530206f6b3d3530322074696d656f75743d3438206372633d30207365713d3438207265636f766572793d36206865617274626561743d4f4b207761746368646f673d4f4b0d0a	[OBC] PAYLOAD_STATUS state=ONLINE polls=550 ok=502 timeout=48 crc=0 seq=48 recovery=6 heartbeat=OK watchdog=OK\r\n
2026-09-01T15:48:37.729559+00:00	5b4f42435d205041594c4f41445f4143434550544544207365713d353530206d6f64653d300d0a	[OBC] PAYLOAD_ACCEPTED seq=550 mode=0\r\n
2026-09-01T15:48:38.223051+00:00	5b4f42435d205041594c4f41445f4143434550544544207365713d353531206d6f64653d300d0a	[OBC] PAYLOAD_ACCEPTED seq=551 mode=0\r\n
2026-09-01T15:48:38.656543+00:00	5b4f42435d205041594c4f41445f4143434550544544207365713d353532206d6f64653d300d0a	[OBC] PAYLOAD_ACCEPTED seq=552 mode=0\r\n
2026-09-01T15:48:39.151205+00:00	5b4f42435d205041594c4f41445f4143434550544544207365713d353533206d6f64653d300d0a	[OBC] PAYLOAD_ACCEPTED seq=553 mode=0\r\n
2026-09-01T15:48:39.645226+00:00	5b4f42435d205041594c4f41445f4143434550544544207365713d353534206d6f64653d300d0a	[OBC] PAYLOAD_ACCEPTED seq=554 mode=0\r\n
2026-09-01T15:48:40.140909+00:00	5b4f42435d205041594c4f41445f4143434550544544207365713d353535206d6f64653d300d0a	[OBC] PAYLOAD_ACCEPTED seq=555 mode=0\r\n
2026-09-01T15:48:40.637109+00:00	5b4f42435d205041594c4f41445f4143434550544544207365713d353536206d6f64653d300d0a	[OBC] PAYLOAD_ACCEPTED seq=556 mode=0\r\n
2026-09-01T15:48:41.131195+00:00	5b4f42435d205041594c4f41445f4143434550544544207365713d353537206d6f64653d300d0a	[OBC] PAYLOAD_ACCEPTED seq=557 mode=0\r\n
2026-09-01T15:48:41.628961+00:00	5b4f42435d205041594c4f41445f4143434550544544207365713d353538206d6f64653d300d0a	[OBC] PAYLOAD_ACCEPTED seq=558 mode=0\r\n
2026-09-01T15:48:42.124500+00:00	5b4f42435d205041594c4f41445f4143434550544544207365713d353539206d6f64653d300d0a	[OBC] PAYLOAD_ACCEPTED seq=559 mode=0\r\n
2026-09-01T15:48:42.604562+00:00	5b4f42435d205041594c4f41445f5354415455532073746174653d4f4e4c494e4520706f6c6c733d353630206f6b3d3531322074696d656f75743d3438206372633d30207365713d3438207265636f766572793d36206865617274626561743d4f4b207761746368646f673d4f4b0d0a	[OBC] PAYLOAD_STATUS state=ONLINE polls=560 ok=512 timeout=48 crc=0 seq=48 recovery=6 heartbeat=OK watchdog=OK\r\n
2026-09-01T15:48:42.668468+00:00	5b4f42435d205041594c4f41445f4143434550544544207365713d353630206d6f64653d300d0a	[OBC] PAYLOAD_ACCEPTED seq=560 mode=0\r\n
2026-09-01T15:48:43.103539+00:00	5b4f42435d205041594c4f41445f4143434550544544207365713d353631206d6f64653d300d0a	[OBC] PAYLOAD_ACCEPTED seq=561 mode=0\r\n
2026-09-01T15:48:43.601240+00:00	5b4f42435d205041594c4f41445f4143434550544544207365713d353632206d6f64653d300d0a	[OBC] PAYLOAD_ACCEPTED seq=562 mode=0\r\n
2026-09-01T15:48:44.098126+00:00	5b4f42435d205041594c4f41445f4143434550544544207365713d353633206d6f64653d300d0a	[OBC] PAYLOAD_ACCEPTED seq=563 mode=0\r\n
2026-09-01T15:48:44.593321+00:00	5b4f42435d205041594c4f41445f4143434550544544207365713d353634206d6f64653d300d0a	[OBC] PAYLOAD_ACCEPTED seq=564 mode=0\r\n
2026-09-01T15:48:45.087224+00:00	5b4f42435d205041594c4f41445f4143434550544544207365713d353635206d6f64653d300d0a	[OBC] PAYLOAD_ACCEPTED seq=565 mode=0\r\n
2026-09-01T15:48:45.584268+00:00	5b4f42435d205041594c4f41445f4143434550544544207365713d353636206d6f64653d300d0a	[OBC] PAYLOAD_ACCEPTED seq=566 mode=0\r\n
2026-09-01T15:48:46.077469+00:00	5b4f42435d205041594c4f41445f4143434550544544207365713d353637206d6f64653d300d0a	[OBC] PAYLOAD_ACCEPTED seq=567 mode=0\r\n
2026-09-01T15:48:46.573613+00:00	5b4f42435d205041594c4f41445f4143434550544544207365713d353638206d6f64653d300d0a	[OBC] PAYLOAD_ACCEPTED seq=568 mode=0\r\n
2026-09-01T15:48:47.069435+00:00	5b4f42435d205041594c4f41445f4143434550544544207365713d353639206d6f64653d300d0a	[OBC] PAYLOAD_ACCEPTED seq=569 mode=0\r\n
2026-09-01T15:48:47.544206+00:00	5b4f42435d205041594c4f41445f5354415455532073746174653d4f4e4c494e4520706f6c6c733d353730206f6b3d3532322074696d656f75743d3438206372633d30207365713d3438207265636f766572793d36206865617274626561743d4f4b207761746368646f673d4f4b0d0a	[OBC] PAYLOAD_STATUS state=ONLINE polls=570 ok=522 timeout=48 crc=0 seq=48 recovery=6 heartbeat=OK watchdog=OK\r\n
2026-09-01T15:48:47.597933+00:00	5b4f42435d205041594c4f41445f4143434550544544207365713d353730206d6f64653d300d0a	[OBC] PAYLOAD_ACCEPTED seq=570 mode=0\r\n
2026-09-01T15:48:48.093367+00:00	5b4f42435d205041594c4f41445f4143434550544544207365713d353731206d6f64653d300d0a	[OBC] PAYLOAD_ACCEPTED seq=571 mode=0\r\n
2026-09-01T15:48:48.592670+00:00	5b4f42435d205041594c4f41445f4143434550544544207365713d353732206d6f64653d300d0a	[OBC] PAYLOAD_ACCEPTED seq=572 mode=0\r\n
2026-09-01T15:48:49.027500+00:00	5b4f42435d205041594c4f41445f4143434550544544207365713d353733206d6f64653d300d0a	[OBC] PAYLOAD_ACCEPTED seq=573 mode=0\r\n
2026-09-01T15:48:49.524565+00:00	5b4f42435d205041594c4f41445f4143434550544544207365713d353734206d6f64653d300d0a	[OBC] PAYLOAD_ACCEPTED seq=574 mode=0\r\n
2026-09-01T15:48:50.020419+00:00	5b4f42435d205041594c4f41445f4143434550544544207365713d353735206d6f64653d300d0a	[OBC] PAYLOAD_ACCEPTED seq=575 mode=0\r\n
2026-09-01T15:48:50.517694+00:00	5b4f42435d205041594c4f41445f4143434550544544207365713d353736206d6f64653d300d0a	[OBC] PAYLOAD_ACCEPTED seq=576 mode=0\r\n
2026-09-01T15:48:51.014224+00:00	5b4f42435d205041594c4f41445f4143434550544544207365713d353737206d6f64653d300d0a	[OBC] PAYLOAD_ACCEPTED seq=577 mode=0\r\n
2026-09-01T15:48:51.507290+00:00	5b4f42435d205041594c4f41445f4143434550544544207365713d353738206d6f64653d300d0a	[OBC] PAYLOAD_ACCEPTED seq=578 mode=0\r\n
2026-09-01T15:48:52.003658+00:00	5b4f42435d205041594c4f41445f4143434550544544207365713d353739206d6f64653d300d0a	[OBC] PAYLOAD_ACCEPTED seq=579 mode=0\r\n
2026-09-01T15:48:52.480802+00:00	5b4f42435d205041594c4f41445f5354415455532073746174653d4f4e4c494e4520706f6c6c733d353830206f6b3d3533322074696d656f75743d3438206372633d30207365713d3438207265636f766572793d36206865617274626561743d4f4b207761746368646f673d4f4b0d0a	[OBC] PAYLOAD_STATUS state=ONLINE polls=580 ok=532 timeout=48 crc=0 seq=48 recovery=6 heartbeat=OK watchdog=OK\r\n
2026-09-01T15:48:52.543279+00:00	5b4f42435d205041594c4f41445f4143434550544544207365713d353830206d6f64653d300d0a	[OBC] PAYLOAD_ACCEPTED seq=580 mode=0\r\n
2026-09-01T15:48:52.980351+00:00	5b4f42435d205041594c4f41445f4143434550544544207365713d353831206d6f64653d300d0a	[OBC] PAYLOAD_ACCEPTED seq=581 mode=0\r\n
2026-09-01T15:48:53.476296+00:00	5b4f42435d205041594c4f41445f4143434550544544207365713d353832206d6f64653d300d0a	[OBC] PAYLOAD_ACCEPTED seq=582 mode=0\r\n
2026-09-01T15:48:53.973682+00:00	5b4f42435d205041594c4f41445f4143434550544544207365713d353833206d6f64653d300d0a	[OBC] PAYLOAD_ACCEPTED seq=583 mode=0\r\n
2026-09-01T15:48:54.470697+00:00	5b4f42435d205041594c4f41445f4143434550544544207365713d353834206d6f64653d300d0a	[OBC] PAYLOAD_ACCEPTED seq=584 mode=0\r\n
2026-09-01T15:48:54.966010+00:00	5b4f42435d205041594c4f41445f4143434550544544207365713d353835206d6f64653d300d0a	[OBC] PAYLOAD_ACCEPTED seq=585 mode=0\r\n
2026-09-01T15:48:55.464822+00:00	5b4f42435d205041594c4f41445f4143434550544544207365713d353836206d6f64653d300d0a	[OBC] PAYLOAD_ACCEPTED seq=586 mode=0\r\n
2026-09-01T15:48:55.959175+00:00	5b4f42435d205041594c4f41445f4143434550544544207365713d353837206d6f64653d300d0a	[OBC] PAYLOAD_ACCEPTED seq=587 mode=0\r\n
2026-09-01T15:48:56.454214+00:00	5b4f42435d205041594c4f41445f4143434550544544207365713d353838206d6f64653d300d0a	[OBC] PAYLOAD_ACCEPTED seq=588 mode=0\r\n
2026-09-01T15:48:56.954820+00:00	5b4f42435d205041594c4f41445f4143434550544544207365713d353839206d6f64653d300d0a	[OBC] PAYLOAD_ACCEPTED seq=589 mode=0\r\n
2026-09-01T15:48:57.420201+00:00	5b4f42435d205041594c4f41445f5354415455532073746174653d4f4e4c494e4520706f6c6c733d353930206f6b3d3534322074696d656f75743d3438206372633d30207365713d3438207265636f766572793d36206865617274626561743d4f4b207761746368646f673d4f4b0d0a	[OBC] PAYLOAD_STATUS state=ONLINE polls=590 ok=542 timeout=48 crc=0 seq=48 recovery=6 heartbeat=OK watchdog=OK\r\n
2026-09-01T15:48:57.482862+00:00	5b4f42435d205041594c4f41445f4143434550544544207365713d353930206d6f64653d300d0a	[OBC] PAYLOAD_ACCEPTED seq=590 mode=0\r\n
2026-09-01T15:48:58.038981+00:00	5b4f42435d205041594c4f41445f4143434550544544207365713d353931206d6f64653d330d0a	[OBC] PAYLOAD_ACCEPTED seq=591 mode=3\r\n
2026-09-01T15:48:58.535501+00:00	5b4f42435d205041594c4f41445f4143434550544544207365713d353932206d6f64653d330d0a	[OBC] PAYLOAD_ACCEPTED seq=592 mode=3\r\n
2026-09-01T15:48:59.031968+00:00	5b4f42435d205041594c4f41445f4143434550544544207365713d353933206d6f64653d330d0a	[OBC] PAYLOAD_ACCEPTED seq=593 mode=3\r\n
2026-09-01T15:48:59.529227+00:00	5b4f42435d205041594c4f41445f4143434550544544207365713d353934206d6f64653d330d0a	[OBC] PAYLOAD_ACCEPTED seq=594 mode=3\r\n
2026-09-01T15:49:00.026229+00:00	5b4f42435d205041594c4f41445f4143434550544544207365713d353935206d6f64653d330d0a	[OBC] PAYLOAD_ACCEPTED seq=595 mode=3\r\n
2026-09-01T15:49:00.520657+00:00	5b4f42435d205041594c4f41445f4143434550544544207365713d353936206d6f64653d330d0a	[OBC] PAYLOAD_ACCEPTED seq=596 mode=3\r\n
2026-09-01T15:49:01.015899+00:00	5b4f42435d205041594c4f41445f4143434550544544207365713d353937206d6f64653d330d0a	[OBC] PAYLOAD_ACCEPTED seq=597 mode=3\r\n
2026-09-01T15:49:01.511804+00:00	5b4f42435d205041594c4f41445f4143434550544544207365713d353938206d6f64653d330d0a	[OBC] PAYLOAD_ACCEPTED seq=598 mode=3\r\n
2026-09-01T15:49:01.883464+00:00	5b4f42435d205041594c4f41445f4143434550544544207365713d353939206d6f64653d300d0a	[OBC] PAYLOAD_ACCEPTED seq=599 mode=0\r\n
2026-09-01T15:49:02.357588+00:00	5b4f42435d205041594c4f41445f5354415455532073746174653d4f4e4c494e4520706f6c6c733d363030206f6b3d3535322074696d656f75743d3438206372633d30207365713d3438207265636f766572793d36206865617274626561743d4f4b207761746368646f673d4f4b0d0a	[OBC] PAYLOAD_STATUS state=ONLINE polls=600 ok=552 timeout=48 crc=0 seq=48 recovery=6 heartbeat=OK watchdog=OK\r\n
2026-09-01T15:49:02.411688+00:00	5b4f42435d205041594c4f41445f4143434550544544207365713d363030206d6f64653d300d0a	[OBC] PAYLOAD_ACCEPTED seq=600 mode=0\r\n
2026-09-01T15:49:02.905011+00:00	5b4f42435d205041594c4f41445f4143434550544544207365713d363031206d6f64653d300d0a	[OBC] PAYLOAD_ACCEPTED seq=601 mode=0\r\n
2026-09-01T15:49:03.405333+00:00	5b4f42435d205041594c4f41445f4143434550544544207365713d363032206d6f64653d300d0a	[OBC] PAYLOAD_ACCEPTED seq=602 mode=0\r\n
2026-09-01T15:49:03.898558+00:00	5b4f42435d205041594c4f41445f4143434550544544207365713d363033206d6f64653d300d0a	[OBC] PAYLOAD_ACCEPTED seq=603 mode=0\r\n
2026-09-01T15:49:04.394653+00:00	5b4f42435d205041594c4f41445f4143434550544544207365713d363034206d6f64653d300d0a	[OBC] PAYLOAD_ACCEPTED seq=604 mode=0\r\n
2026-09-01T15:49:04.888439+00:00	5b4f42435d205041594c4f41445f4143434550544544207365713d363035206d6f64653d300d0a	[OBC] PAYLOAD_ACCEPTED seq=605 mode=0\r\n
2026-09-01T15:49:05.384999+00:00	5b4f42435d205041594c4f41445f4143434550544544207365713d363036206d6f64653d300d0a	[OBC] PAYLOAD_ACCEPTED seq=606 mode=0\r\n
2026-09-01T15:49:05.818354+00:00	5b4f42435d205041594c4f41445f4143434550544544207365713d363037206d6f64653d300d0a	[OBC] PAYLOAD_ACCEPTED seq=607 mode=0\r\n
2026-09-01T15:49:06.313461+00:00	5b4f42435d205041594c4f41445f4143434550544544207365713d363038206d6f64653d300d0a	[OBC] PAYLOAD_ACCEPTED seq=608 mode=0\r\n
2026-09-01T15:49:06.808699+00:00	5b4f42435d205041594c4f41445f4143434550544544207365713d363039206d6f64653d300d0a	[OBC] PAYLOAD_ACCEPTED seq=609 mode=0\r\n
2026-09-01T15:49:07.294141+00:00	5b4f42435d205041594c4f41445f5354415455532073746174653d4f4e4c494e4520706f6c6c733d363130206f6b3d3536322074696d656f75743d3438206372633d30207365713d3438207265636f766572793d36206865617274626561743d4f4b207761746368646f673d4f4b0d0a	[OBC] PAYLOAD_STATUS state=ONLINE polls=610 ok=562 timeout=48 crc=0 seq=48 recovery=6 heartbeat=OK watchdog=OK\r\n
2026-09-01T15:49:07.336331+00:00	5b4f42435d205041594c4f41445f4143	[OBC] PAYLOAD_AC
