scope,path,bytes,sha256
repository,bootloader/bootloader.ld,2768,0E92567C508FB65955D50C1B4AD892184CC87AB4FFDC73A694F4C901CE6C1DC8
repository,bootloader/include/README,1301,DC6D9BE88119A80EDF773EB5A659F4470CAF81ED5E95DBFD0CD3C7A9686CCD8C
repository,bootloader/include/boot/BootMetadata.hpp,9718,2D30E9985D4D1E309724A199846C68B37D3AB70921616F20E1F2AB6E95F328EC
repository,bootloader/include/boot/BootPolicy.hpp,8228,DF5210B798EF92AF2CF4226EA946D5D8B14DA17DBEBFEE18CCFB4F0DAF957F48
repository,bootloader/include/boot/Crc32.hpp,1191,B5F5900B593910279127B6BDD951F319F26E0FD6A15DFE594837724F2FBED587
repository,bootloader/include/bsp/g4/Stm32G4Beacon.hpp,216,31D547E05510A0DFECAEF6CDA0B03252989B54CC44280FB73EEEB9809AC0E8B4
repository,bootloader/include/bsp/g4/Stm32G4BootPlatform.hpp,309,6EC9EECF1FDC713B7506FD6AF9318D4AA2D2A34EBBC9AD3729B91637CA29C4D8
repository,bootloader/include/bsp/g4/Stm32G4FlashMap.hpp,647,A575408C6AF969BEF8917E12D12B7486D5A54CDEBD97CDDA7E545F440865C3D6
repository,bootloader/include/hal/IBeacon.hpp,160,048EE52975754355F467551DB2747073AE3FF2ACAE98C7108EFD528EEA620156
repository,bootloader/include/hal/IBootPlatform.hpp,274,B30088B67ED399D5D9D61422264D2E6A054941F956E30214AD5D5D09787D22A2
repository,bootloader/include/hal/IFlashMap.hpp,696,ED8BFBBC6D6DC97B67B4812BD1C4125326B7311C7F4053E17653BC4CEFBDEF5D
repository,bootloader/lib/README,1100,9E753E4BEF2BB4C7A3784561F50D0C42CEB7BD0C65F183E73209E86EC9892192
repository,bootloader/platformio.ini,1549,FCF03E376D7EFD144E614CB9BDAB1424D7408357D921E85C50438B7B0163EA41
repository,bootloader/scripts/provision_slot_crc.py,3859,EC856F4EEB29AE498279E88E1C2F64AF68A59374A32997B4B5D84CEA4CA68DE2
repository,bootloader/src/bsp/g4/Stm32G4Beacon.cpp,888,B6368D608A9BC4F29046151491C77A57D0D38CAFE3EDD0078E1B7F66D994AD04
repository,bootloader/src/bsp/g4/Stm32G4BootPlatform.cpp,1243,9C87A72A5F135CC37DC90CC56DEAD39CE6F85F97595D43EE41A8FC4A0159F046
repository,bootloader/src/bsp/g4/Stm32G4FlashMap.cpp,2196,EA9CD83AA353BBE78C2ABDB4CCC7401CE0A89A94F383B103CD2F1103CE97E693
repository,bootloader/src/main.cpp,1633,149F62B0BB80CE818D73B8D562E4F2E57C0942ADECBE23368C9BDE4A29AEFBB1
repository,bootloader/test/README,529,95291BCE496CD8B6F92AB6F9359119D77F02FC22EEC7047CC38CC818A38C2B5D
repository,bootloader/test/test_boot_policy/test_main.cpp,14197,50FAD5FA7914F7A05E174CDBB76606772D1C06A269D22B5F21D0A4B71A0E8055
repository,core/.gitignore,243,D70187EFFB80B35DE684770385AA8EBCDBEE18EA394E3C7A6DDC439F17B162C5
repository,core/README.md,7584,048170E5EA6AD4C37DEB40B58E1304A33A0D293D6B6FA52CC9B05B2AC3BF2B81
repository,core/include/README,351,904F0113F5000A7D2763893ECB2E00AF358AC9437FF08F716609794A4E17DCC0
repository,core/include/bsp/CrossPlatformConfig.hpp,178,245F955FD03572B6B7064C70A8E1B3FD9E3C414E914AC5FA149CD1F4782B7EFF
repository,core/include/bsp/f4/F411RxRing.hpp,1689,2D49A464FE3D7CCCAA11E65BD2F602269B7040E353CF974624203653983A5C95
repository,core/include/bsp/f4/Stm32F411BoardUart.hpp,1731,BD9A45EC02AF34F89B1628A90345CB48C88B96EBFBEE0AC6389D5691B8870BDD
repository,core/include/bsp/f4/Stm32F411InterruptUart.hpp,4154,76235CBCDAC442D6EDF4154235740E74C8A1A876E18BBA708D0AF33F1B559FCB
repository,core/include/bsp/f4/Stm32Gpio.hpp,972,82BDC3E71E9DC3ADE0972A9C602EC8ED462687E755B38380ADAC4D169172B5B5
repository,core/include/bsp/f4/Stm32Timing.hpp,393,C1BD01E537854331DE7222B864F4448410136623B2B8BD10DB87269C31CA8FBF
repository,core/include/bsp/f4/Stm32Uart.hpp,700,52DB44BDA4D99C884E5A4112B57E9B0A3E6BAEA0123905340D16D0324396DD7C
repository,core/include/bsp/g4/Stm32G4BoardUart.hpp,175,0CC5A2594A72F8B8BFBF96F24366F69F87268C59B6D4AF5DC2F8996F151305A3
repository,core/include/bsp/g4/Stm32G4Gpio.hpp,976,E36F17CA45377632355E6885AD4E703F8281403C2F05F828A64524C773CB632D
repository,core/include/bsp/g4/Stm32G4Timing.hpp,395,FCF7D7959846A1BCEF480B0BBD9DD653425B97611A4A895E707CEF844AA30797
repository,core/include/bsp/g4/Stm32G4Uart.hpp,1299,EE825E271213F24F0825AEAB75F3F0ECA375BE41B030665A5E7C4EF084BAE7AE
repository,core/include/comms/FsoFrame.hpp,3024,FDF835D337B93BDC35605D596D0113217DBFF7E4E8A3E1A804F03322E05816E2
repository,core/include/comms/LaserPdmTx.hpp,1891,343FF18250E5E6587A8F5ECADEEB1864C59DF3A392E8B273AF6E6F708EBC735E
repository,core/include/comms/PayloadLinkController.hpp,4277,10650766E04DEE449D26474AD36AEE5CA8274AC65A2A5B7A9D1A2C0C55CAE54C
repository,core/include/comms/PayloadProtocol.hpp,9235,228F09020FC590C623DF6DF1ECF0EA050AEBD5B1380C5A5048CE74859D7594A3
repository,core/include/core/BootFailSafe.hpp,913,2BACE8D8B9A810CF9E1D97115EF43529260AF9F0C6CED21EF4A24973E7812627
repository,core/include/core/CriticalSection.hpp,1138,2E03F6D873A66BEE577ADCDB1992345D03A48E98775A8F9BD23282954F02834D
repository,core/include/core/FaultLog.hpp,9303,2670E49CE24B0E17BC6C472BB10CD9EBD553EF403F53330B96641A0853AABEBE
repository,core/include/core/FirmwareHealthMonitor.hpp,3868,2F2DEFD3638D6F40D37CC0373889F060EAAB8C93B9C0B48726D494F4FD2A7848
repository,core/include/core/FixedTextWriter.hpp,1780,0C057755097666CDA5D60A4C76C242AE0AEC08F673AB734D8DBA15BF2530BCCB
repository,core/include/core/MemoryConfig.hpp,56,B40A1D126A226DB3C014F02B31C4A705F1671CFF9485DF9F33BD02628504CDB9
repository,core/include/core/SystemReset.hpp,104,5AE1E4AED6D5D82645F023498459D0E2CC3FEBDA520CFFBF91EFBC549C574F4F
repository,core/include/core/TMR.hpp,3399,7136E5BA3650B71B338A8C2D90B7DF4E45BEF5B536E54525B6967B48D4775AA1
repository,core/include/core/TaskHealth.hpp,6088,5C74AC8BB701F6D536D6B595E4A23B36622E30150217045F65CA1A80823B68AD
repository,core/include/core/TaskHealthReporter.hpp,757,C5C18FC6C094C1D866B5A70BE0B352C32DEC7E190DBA37272FA70F8153542F43
repository,core/include/core/Telemetry.hpp,5813,144C64C0E20B7A5DD13A1F787E91A9ECC841EA9CD3DD5E0F7767F586F2BF0C10
repository,core/include/core/Watchdog.hpp,2445,11088E83DB34D0E49D5AF0294BFC0D7CDC38834CEBBCD0F26CE494C2E40A09EC
repository,core/include/core/WatchdogRunner.hpp,1200,28D4F16F799D03C66AE70E7535ED906AC321C9362DDFA3FE20EAF4D3E87366C8
repository,core/include/hal/IAdc.hpp,2943,28F1E0E5815FDE6E3853B460E2F271DA8676DFA6EEDD79B5F9AD140C04370B44
repository,core/include/hal/ICanBus.hpp,3989,9B1CB06A774D5775D9E975848E59C03A7920E584D399E149B6A498F74D9279F1
repository,core/include/hal/IFirmwareHealthStore.hpp,827,C8908A932BE7DAEE1BC9E5BE4DF3971739F94FFFD80F6219829F5651C098DF03
repository,core/include/hal/IFlash.hpp,3692,E95553EF88ECDDB41102E1AF1D8EC8DC7AE8D137CE894F8B198CEE72F3A93A5A
repository,core/include/hal/IGPIO.hpp,3206,AA1A105E070B602EC38478544652DEEC4C2DFFD6455057F99D0D276B3813CFA7
repository,core/include/hal/II2cBus.hpp,5351,A2B1C2598E1C018A9A11512DB590B5EF9CC022B6BDA41E494238DD255904EB0A
repository,core/include/hal/IPwm.hpp,2910,5CAF5C81E9FB0AFA6FD24D99F6B1EB4DA7E837E8AB62BF261B21AE1ADD91F4B3
repository,core/include/hal/ISpiBus.hpp,3851,BA43482EDEAB89810956D51254BD1C0ADAECE11AA240CB8156CC036EDB69BBAB
repository,core/include/hal/ITiming.hpp,1653,331922E6CF8D10BE52E35573F377DC465242925818D42905EBDBA95D7D683B4D
repository,core/include/hal/IUart.hpp,2854,CB36F36826E23A58EADA321CA4AA2AFC53FC651A78C71D482D77C34D0060FA42
repository,core/include/hal/IWatchdog.hpp,945,9466BD64B9A3787C809C9D9BD95A00AA97B06809062384D895FEF035D8C96E76
repository,core/include/ldscripts/STM32G431RBTX_FLASH.ld,2944,E4724AE87B30B95D9D31E691FD37FE48A29B34C2B21CED379B5A28AFD7B84494
repository,core/include/ldscripts/STM32G431RBTX_SLOT_B.ld,2766,460421FDA0578FB4BCEFE6C24C4EC8EC2AF7FFC772BDBB9DD1482921536D76CF
repository,core/include/rtos_config/FreeRTOSConfig.h,3421,182CBE41EA1A0F83F4751CFC1CFB273B9BBEF495320D378A5E8426799488048F
repository,core/include/rtos_config/WashiTask.hpp,2388,AD7D452935685DA9555A2CCC3BF82A60EAFDB5C649E04BA975FBEDE2AF735F17
repository,core/lib/FreeRTOS/event_groups.c,36754,388502FF3F5BDF7F709CD3B22B459FBF91911BBE6F36754BBBFC5E2231FFB24F
repository,core/lib/FreeRTOS/include/FreeRTOS.h,109665,1E34335D39150F5C29709377119477C44437519FBBC20DFFA6B59844B35AB76F
repository,core/lib/FreeRTOS/include/StackMacros.h,1607,D95A10A836870A4F926EF34C8172E6F2FAE2AE16ECFD5F9EC083F181ADCEE8EA
repository,core/lib/FreeRTOS/include/atomic.h,13751,2D0A3CD04FBFA4CA04E4DC8F417802C2615D441CABE45CD2A39F6224870FF0A2
repository,core/lib/FreeRTOS/include/croutine.h,29347,35A03797355A7BCA500104549FAB4D4ACB2B086939D27A4B947B0CBC66CA7C80
repository,core/lib/FreeRTOS/include/deprecated_definitions.h,7799,7F0DCBC6A61AEC1F775A566B7307E9E8E924581EE88611D04E2C19420CFDB067
repository,core/lib/FreeRTOS/include/event_groups.h,36608,D6C98BC262F23639193748625728C3036FBC39374022E848E9649C8F838533E0
repository,core/lib/FreeRTOS/include/list.h,25310,63B5CF31C558A7E99151D83C75781EAA12E77D6E5B6F7F8000E8125D0C761785
repository,core/lib/FreeRTOS/include/message_buffer.h,45957,03A2ACA7E2108E7C7623A253285CD03DD4E34DAEA581FD71BEBB02B567B16E61
repository,core/lib/FreeRTOS/include/mpu_prototypes.h,33606,ECD086F5C8307E993617F6EE36F90E569090700A3495B4646B4438A7DB0B8D86
repository,core/lib/FreeRTOS/include/mpu_syscall_numbers.h,5965,A2BD18E4F073CABCBE38B28675C3859F7E2F8F69FB9752E792C4C8D6B1A0BC80
repository,core/lib/FreeRTOS/include/mpu_wrappers.h,19076,94908AF88EA2AC3047B0F7FA69C0FBBDACA70F0F9FC7CCA8C36884AF8F6BF582
repository,core/lib/FreeRTOS/include/newlib-freertos.h,2528,CBBD99A422CE78D91F2C29447273192BF088C1BD9C3D5AC548DCF5286BDED06E
repository,core/lib/FreeRTOS/include/picolibc-freertos.h,4533,A8B34CF596F95498CADDC768D3DB6DC16DCC7A12D16771499FBFF54E9FBEF294
repository,core/lib/FreeRTOS/include/portable.h,12175,01D1F5DADA6B9703FEADD65A619A72D9733D95C6DE3AEAA183C52374CA1FF8F1
repository,core/lib/FreeRTOS/include/projdefs.h,7489,99FE2AF841E291B21E60C8CD36F62357DDC1F8C849264B8F050C1D3194F59FD8
repository,core/lib/FreeRTOS/include/queue.h,75455,A6DB434775B9E88F2F7EC0489FC7D50C17E2415C158BE7832374DE5202BEA9C4
repository,core/lib/FreeRTOS/include/semphr.h,51464,A04715E82CB6899E1780BBF341CFA2C7F7FE68EF81BC2416B77FA23D2AC4FFB2
repository,core/lib/FreeRTOS/include/stack_macros.h,10063,94665E537208FFD03D6DF088DE34C42734B0085D2EFBD7B71516AE8CD785AF03
repository,core/lib/FreeRTOS/include/stream_buffer.h,59880,DC24C3241267911B1AE22FF7CC22A77C4EC1258821902568C9BDDE44D8471DB5
repository,core/lib/FreeRTOS/include/task.h,169719,1461D6D125676A9BFF0842DD97460CD72B3C7FD0A1DB64B39E634B99E947E6B1
repository,core/lib/FreeRTOS/include/timers.h,67246,E84A6B34A3BC061D0174BCB380BA176C1E7967C31F1A3A5670ED1BA11F09FAE4
repository,core/lib/FreeRTOS/list.c,10389,729CBADE5C3A032A1572D4A94719AF0C86AAFAB795CA2DC69D0F1975438730CA
repository,core/lib/FreeRTOS/portable/GCC/ARM_CM4F/port.c,42677,7FD7815CAD4CEEA4794FC75703AAEE051EBDEA5BE4D8F6317D9593BD1BF763D2
repository,core/lib/FreeRTOS/portable/GCC/ARM_CM4F/portmacro.h,10707,988C882FAB36FFF03DA1C3512716A3A259C3A69FDC5B5A7C2004B9CB9F9B1846
repository,core/lib/FreeRTOS/queue.c,133126,12B7F97C1F39BDDA91735EDC0718F45EF5A369FA1C1BED6E4175EAD72456701D
repository,core/lib/FreeRTOS/stream_buffer.c,77140,AC580F2A63D5C090B5E0525D0CC4FFD01C624C7E7DE4815C0E0F8CCBA6328B51
repository,core/lib/FreeRTOS/tasks.c,370911,C781A9FCD5C8456A6F8A7C0B47BFEB2EA33F998B275A54BBDD4BF348D4735AF5
repository,core/lib/FreeRTOS/timers.c,58478,6763E61ADEDD778D37E96B225DF7864BB80121AD60482215AF52A424A6AA41A6
repository,core/lib/README,410,73A9DB47C269AB83C185BB9E1B3DBFD5F12441A145C4340A7624DC0A1C6410D8
repository,core/platformio.ini,2585,88F98B7E7C349E13450995118F7C4172BAC7F7917C35783C60FC49E21707D0E5
repository,core/scripts/hard_float_link.py,116,727DEAF0D5C00D71A659AEBE2425F3EC4FEF9069F21B0D5D0D600A5A698FC09A
repository,core/scripts/profile_resources.ps1,2948,6EE8FE9112DD3BE7F2C65C605F7B78C27698E2B94DEF755705675894F5A3420E
repository,core/scripts/strict_cpp_flags.py,229,1CFD15CCE7E85AE947D0571543DCEA9D00153462E957D1D55EC48942971FB3C7
repository,core/src/app/F411UartMonitorTask.hpp,1668,DA188F733F45CA65E10317FD3BBB4AD9D2F230C47665C261C1A3AEA8559171D7
repository,core/src/app/HeartbeatTask.hpp,1575,49F16C82AF047EAA9A7E8F85F9FD87B0A8FD38B59C1FD9A53F85BA8CD5882F7A
repository,core/src/app/LaserTelemetryTask.hpp,4762,18D815A328DDF67DC7A7D88C0F1F674718B87700AE5086BD1024AD35D5B4CBC3
repository,core/src/app/PayloadLinkTask.hpp,10808,F7C65C788732EEEDD27C926F4677DDA01E8DFA82CEEFB38F053BDDFDF4CCEFDE
repository,core/src/app/TelemetryMockTask.hpp,2482,AE4116FBA1D8AB940A1FF825414CFC4C831BB55A1913FF76105998A6711A45A0
repository,core/src/app/WatchdogTask.hpp,808,CB8E50791F7A76EA12F69658FD3DED66534E26586389221FE27698D66FF00F3E
repository,core/src/bsp/f4/Stm32Gpio.cpp,3642,A19464CF5C08C613B6B992AF44199B004E14EB6D9C6852C30B23139CB5F1F4FA
repository,core/src/bsp/f4/Stm32Timing.cpp,1108,10692DCF169E25DBE2B3682CB2C6120EE8B96C8F81C21218BDF0C2E255E83A13
repository,core/src/bsp/f4/Stm32Uart.cpp,1852,354FF16608B432D0AE48DBDA4E8733D8034AAD3809FD419430940AA822506312
repository,core/src/bsp/f4/SystemReset.cpp,281,6636AA43A83B523DD10AA34A58F3EA935807A4C1B909CC10BDFE736B38A50990
repository,core/src/bsp/g4/Stm32G4BoardUart.cpp,2384,FDB2E101966EDB36B482FE9A869996A7BFCEF8B16495C2E8FEA7F230B9B1E74D
repository,core/src/bsp/g4/Stm32G4Gpio.cpp,3787,7FC65CAD55866FAB2738E1B5B9DEC73DBA18910F2BD3942BB7C03A437034083B
repository,core/src/bsp/g4/Stm32G4Timing.cpp,1132,CD1453609CBCE1050226300454C56FB72FD6DE1425343DCFB6849DC09AD9941D
repository,core/src/bsp/g4/Stm32G4Uart.cpp,5820,E613E1A5E9698EEFBCAF2B78BA136DAC332E023FD08C8461D61F16D372AA4323
repository,core/src/bsp/g4/SystemReset.cpp,281,926D2B993547667C8AB3024DA198C262ECC5D9B14AF66A443BA3F2C78877C2D3
repository,core/src/main.cpp,16816,612B48458BEC43A10DFE1A16D3E1BA7A076B75DA6A1C22084AA31D34FCC67670
repository,core/src/stress/StressTestTask.cpp,38,06F71CB4E1418A1A83AD2301C029DEC11FA6CEB641DB985501CAF5F8F879CCC5
repository,core/src/stress/StressTestTask.hpp,4539,819571AE0924D834DC625BDCC4C2E519A344A8B65C2A527DBA1B777257F0DACD
repository,core/test/README,529,95291BCE496CD8B6F92AB6F9359119D77F02FC22EEC7047CC38CC818A38C2B5D
repository,core/test/mocks/MockAdc.hpp,2296,EAF0AA35367B8AB0A84AC23B9A3D9330BCA7FBD10F3D7A4F165D5CC85E4593B5
repository,core/test/mocks/MockCanBus.hpp,4256,37EA6635E17536655728B8946680FD1C2A116EF6CBF34C0CF87F668FD1DF7D2A
repository,core/test/mocks/MockGpio.hpp,2389,6CCB96AD0452B9A608E6CD1DA591B6E8F45B2956372A0566D58DDF7C2A34A630
repository,core/test/mocks/MockI2cBus.hpp,4292,522F06C59BA8C3DE11E6840E5CD476FDDC3E436B7F254F3A0F3D85C628C6C99F
repository,core/test/mocks/MockPwm.hpp,1681,340B673C062C7BF3D72802D98DCC14FB2A2403535EC86C1636068DA581312F6E
repository,core/test/mocks/MockSpiBus.hpp,3504,F5C4F6FB7112032462B0CEC250E75A59F75D4EBC7F05741100325BE58E1231F7
repository,core/test/mocks/MockTiming.hpp,793,7A0F2E34ADB8A9E319C2FB78E9EFC7F0ED62C233397090ECC8C94CA5F9D8FC4A
repository,core/test/mocks/MockUart.hpp,3681,D76E99F97CDD9876DA165CEC3980FB1AC1B4196211AD624818EF587D1BFF9328
repository,core/test/mocks/SitlRuntime.hpp,4952,24A9A35D5AAA8E256C0CBD1A7B720D154932F878BB0F3693ECA247CA908D4563
repository,core/test/test_f411_rx_ring/test_main.cpp,3240,F891FBB54A4F195501F2CF4C8B2A214559E6C657E358700440F5FA65C73C8BAD
repository,core/test/test_sitl/test_main.cpp,49664,BC3A4830213C1268EC85FFA6FC428D26D98E20C9DE9A683634A0FDCD5111628E
repository,demo-payload/.gitignore,17,FE87927404D28F94B539478646C9BBCF049A365BE9B7FB82A3505B8FE4321076
repository,demo-payload/README.md,2639,7D860903960A386B930179CBBCBFE118B4555A09B35CAE72D5F2F9B67C442BFD
repository,demo-payload/docs/experiment-results.md,1064,1CCD65ED6B8FEDF5853E556E449F404ED05CEA2FC5B91B66F3E74DAA21510CEA
repository,demo-payload/docs/presentation-script.md,1495,1D66D5E78D445C3F489E58CAF936104183E9DB232C0447D2F58A3A9ED4033104
repository,demo-payload/platformio.ini,1117,ED2BC994784A0497457F949187C0AF30AC7B18084924C6E016E2BD964A051101
repository,demo-payload/src/HostModeCommandParser.hpp,3452,23460BCDC2E6B77CDF3FAB9CFF0542C8987BE1A59DB6CEE3B3EB6FE0804DFFBE
repository,demo-payload/src/f411_main.cpp,8968,0275FD31799420707E2AE87411497D7C50018E0E8ABF7F957030B000C7E974BD
repository,demo-payload/src/main.cpp,13986,FB83C6AEFDB6A2488648B56E9AE1CFBF5FC87AEF6312915CCF7FA2C803C50EE5
repository,demo-payload/test/test_host_mode_command/test_main.cpp,4914,223A4CE2901C2B70D594C3323EA2234B5016942F107E86D89715351D04589B07
repository,research/icsec2026/CURRENT_STATE_20260901.md,21119,3758103CEDA3C6DD899FFF9667AC578F4C99088491BFE8FA83873E7AAD9FE580
repository,research/icsec2026/FINAL_PUSH_PLAN.md,10355,3578FD2AC8EE9B6BB605100B61CEF56D8EEBCF09543325B48005E1DE7F44B302
repository,research/icsec2026/LAB_EXTENSION_BRIEF.md,6133,636E73A62AF0FDF76BDE8BE51F3E2D44D20C21615F59EAC2A6FD9BEF2ED9A19B
repository,research/icsec2026/extension/.gitattributes,286,03FA9440247365D7D60A8C3BCB18445B115C16A4CD1E00A090303E8CF860B878
repository,research/icsec2026/extension/BACKUP_COMPLETION.json,767,2B344A81FCEBB7B26C0A0FB45CB18C73C479DA020D9383F2492D1A08F8F88E13
repository,research/icsec2026/extension/F411_FEASIBILITY_20260901.md,13609,95E22935445B1E3369E3E4809EF16A3B28FCB717A37DD8A1A26FCDFAE352FC21
repository,research/icsec2026/extension/F411_PAIR1_CAMPAIGN_BACKUP_COMPLETION.json,736,BF72288B5590FF750EB3244BC3DC414E37533BAFEA6C66B69D60BDE7E02C0115
repository,research/icsec2026/extension/F411_PAIR2_CAMPAIGN_BACKUP_COMPLETION.json,1132,0FDC36163F18C7B2920EEE44F7B53F30DB000E2A775FCE678CDB25572BB3EB01
repository,research/icsec2026/extension/REPLICATION_BACKUP_COMPLETION.json,695,7D66858E8EE17F122383AAD5619B3593F67033C060C4EA2DC3A354C4FA69BFA0
repository,research/icsec2026/extension/SCOPE_FEASIBILITY_BACKUP_COMPLETION.json,675,AA2D8EC8E1649B8689E7EFFC79D611E5650BA01ECB6317DBD11BEFADB090B7DD
repository,research/icsec2026/extension/analysis/f411_claim_correction_20260902/CLAIM_CHANGE_RECORD.json,1298,14DBEF60BB3C1646F3C704260459AE02F872105308757A2CF3941DF0069523A0
repository,research/icsec2026/extension/analysis/f411_claim_correction_20260902/CORRECTION_SHA256SUMS.csv,2837,B832BFA847EE553AC6AD142FFDFABFA5BAF2298D73A0B8A350A042A224311106
repository,research/icsec2026/extension/analysis/f411_claim_correction_20260902/FINAL_VALIDATION.json,6473,4C4B2C2E373E3DF5D181ECBB0BA521512C131449D03ABA2510278D3CF5579F90
repository,research/icsec2026/extension/analysis/f411_claim_correction_20260902/README.md,937,2F4441DF110C597CEDA4FCF9E3FC96497987B2F6A14340AEB6738856702BF28C
repository,research/icsec2026/extension/analysis/f411_claim_correction_20260902/manuscript/CLAIM_LANGUAGE_DIFF.patch,3638,6DD835A1AC9049024875818953A29CB1A892AD52DB336B5405509587387B10B1
repository,research/icsec2026/extension/analysis/f411_claim_correction_20260902/manuscript/INCLUSION_DECISION.md,773,B350895C0DF11F312A42B353E4A7D40DF55F029541DF789AD25AFF91CB4B9579
repository,research/icsec2026/extension/analysis/f411_claim_correction_20260902/manuscript/MANUSCRIPT_DIFF.patch,49911,8FE608172B4B6E0B137AEFAB932D14EAB0CEA7F43B502727AC23F1BEC48579C1
repository,research/icsec2026/extension/analysis/f411_claim_correction_20260902/manuscript/build.log,1242,323355CD2DF4B8F439564C3F4314ED25C24344276453E0BA02880100434DEE87
repository,research/icsec2026/extension/analysis/f411_claim_correction_20260902/manuscript/main.aux,5892,D83CE20631C665FF3AF6A8AB7C18267D91148DB7E9AFB21BD30FDF0AA1DC6240
repository,research/icsec2026/extension/analysis/f411_claim_correction_20260902/manuscript/main.bbl,2462,309C235E5D7F55DC881375FABF5B67AD70AB766216879ED52211919A9D7CC8DB
repository,research/icsec2026/extension/analysis/f411_claim_correction_20260902/manuscript/main.blg,379,0D78A60ABC96272E29FC0AFDA82E8681D243D9DDF183989AE112163835C94C7B
repository,research/icsec2026/extension/analysis/f411_claim_correction_20260902/manuscript/main.log,27943,CBEA95D5D5DF0144B3162AE2B4284C7C7D10F480E53292FACE6B310C32364CF2
repository,research/icsec2026/extension/analysis/f411_claim_correction_20260902/manuscript/main.out,3364,2331E0BD777DE3B64F185E8230F2A2636E7D41015B9F587D21A314A6FD39CEF2
repository,research/icsec2026/extension/analysis/f411_claim_correction_20260902/manuscript/main.pdf,66248,D346C39253B8BC44B96968A4509BED14369F0632742352ACA7EE5B8027F42ED3
repository,research/icsec2026/extension/analysis/f411_claim_correction_20260902/manuscript/main.tex,26451,BD2963900E834BD2623958776476EF4B4576983B8F2926D4FEDA27509D496924
repository,research/icsec2026/extension/analysis/f411_claim_correction_20260902/manuscript/pair_condition_pattern.pdf,15788,48D6D71AC3AF9024847B2F05D251B15F41ABFB57B9A0670E2F22E7E3AE93F245
repository,research/icsec2026/extension/analysis/f411_claim_correction_20260902/manuscript/qa/ANONYMITY_CLAIM_AUDIT.md,2158,610D17D06EA5ECC9D95D8E4166001FBA8A7D6B174C466AD3C82F714AF449C7B9
repository,research/icsec2026/extension/analysis/f411_claim_correction_20260902/manuscript/qa/CLAIM_BOUNDARY_SEARCH.md,791,8DE98B932BCAFD404B9988E35AA12F9D65C2CF54C6890B57544555D7E7F1AF50
repository,research/icsec2026/extension/analysis/f411_claim_correction_20260902/manuscript/qa/CLAIM_EVIDENCE_TRACEABILITY.json,2093,ACCD923846D091431B8CC1C628C473B07C02D2199A40560749990CCAF1C0B4C2
repository,research/icsec2026/extension/analysis/f411_claim_correction_20260902/manuscript/qa/PAGE_COUNT.json,344,7D030342DF51602EA842D71DBBEDE442E146BB487448D2D65FFC2C8C2E43E65D
repository,research/icsec2026/extension/analysis/f411_claim_correction_20260902/manuscript/qa/RENDERED_PAGE_QA.md,1283,A3E5179F5FE68DD16E1D363A26688A45C41ABF64A0944322F70EACE277783795
repository,research/icsec2026/extension/analysis/f411_claim_correction_20260902/manuscript/qa/page-1.png,547677,5638C3FEA6684691846B406ABF5AC85717579CB8ECDC43DD38136981909897F5
repository,research/icsec2026/extension/analysis/f411_claim_correction_20260902/manuscript/qa/page-2.png,455009,448D720BEBD01E6384DC92E0D51DB8B5B29CAE3F1DC6DB69955F47497D89C164
repository,research/icsec2026/extension/analysis/f411_claim_correction_20260902/manuscript/qa/page-3.png,579480,FA591679BA0D2EE6B56541204769DEC31368A20F4885B85508D4EB971CA607CE
repository,research/icsec2026/extension/analysis/f411_claim_correction_20260902/manuscript/qa/page-4.png,538304,FB012399B5A429514C3FAB54E9EA5057C19ED76BF3B87CDD6E0AA8A50831E3E3
repository,research/icsec2026/extension/analysis/f411_claim_correction_20260902/manuscript/qa/page-5.png,271520,AA476F4C94DC65840D55C5ECF5534F475E2E6F8EA57EE74EA0472A4D384152D9
repository,research/icsec2026/extension/analysis/f411_claim_correction_20260902/manuscript/qa/pdfinfo.txt,667,656CB1A20F47A648E44E14EC8A46A467682131A5A2B8D8E9749A120DA2802512
repository,research/icsec2026/extension/analysis/f411_claim_correction_20260902/manuscript/references.bib,2440,B936C7F6AF1E173CEB771D5BB430F3652846B759C494E71B674D3071D387AC00
repository,research/icsec2026/extension/analysis/f411_cross_pair_integration_20260902/INTEGRATION_SHA256SUMS.csv,3493,4C0D6FC2AF25228AB3080677D5C14C58DB83029D9041D04610E93F22C3D4BA15
repository,research/icsec2026/extension/analysis/f411_cross_pair_integration_20260902/INTEGRATION_VALIDATION.json,1812,36EC0728D192A3A8A4123CC2CDBDCC33DF842B025464D070E1BBCBC4AE9F37E8
repository,research/icsec2026/extension/analysis/f411_cross_pair_integration_20260902/README.md,1196,C313B2B7310D05E921C0EFC699CBCA77BB41319103F5C812535566BBD0D7CD8C
repository,research/icsec2026/extension/analysis/f411_cross_pair_integration_20260902/manuscript_candidate/INCLUSION_DECISION.md,670,9788C30FB10F1294DFCB61503731D4D8ECA2B3529008E15ADDF0AF32B6C9B430
repository,research/icsec2026/extension/analysis/f411_cross_pair_integration_20260902/manuscript_candidate/MANUSCRIPT_DIFF.patch,14599,37D946F68AC77FAAA3ED490317E829AA5FD92EDF503A7790C7120D640ACE1E27
repository,research/icsec2026/extension/analysis/f411_cross_pair_integration_20260902/manuscript_candidate/build.log,15185,EE805B07C4AB200BDE494CFABADAAC3F0C118C6D8E9151F79E5B8F44B56BD7A1
repository,research/icsec2026/extension/analysis/f411_cross_pair_integration_20260902/manuscript_candidate/main.aux,5892,7335D309B96D5ED7B1409037C98A69A1A5DF83D4BB807D982EEE084E2F06EEC6
repository,research/icsec2026/extension/analysis/f411_cross_pair_integration_20260902/manuscript_candidate/main.bbl,2462,309C235E5D7F55DC881375FABF5B67AD70AB766216879ED52211919A9D7CC8DB
repository,research/icsec2026/extension/analysis/f411_cross_pair_integration_20260902/manuscript_candidate/main.blg,379,0D78A60ABC96272E29FC0AFDA82E8681D243D9DDF183989AE112163835C94C7B
repository,research/icsec2026/extension/analysis/f411_cross_pair_integration_20260902/manuscript_candidate/main.log,27943,8BFA90880E37941487CC1490B3EFDC07734525B99124ACAEF1F0058A9A0E4524
repository,research/icsec2026/extension/analysis/f411_cross_pair_integration_20260902/manuscript_candidate/main.out,3364,2331E0BD777DE3B64F185E8230F2A2636E7D41015B9F587D21A314A6FD39CEF2
repository,research/icsec2026/extension/analysis/f411_cross_pair_integration_20260902/manuscript_candidate/main.pdf,66151,2E3E684431608396122F018BE45A17BA7F05FAD92F1E017934FC9F624395A3F5
repository,research/icsec2026/extension/analysis/f411_cross_pair_integration_20260902/manuscript_candidate/main.tex,26355,E6E7942E895819FB9DA46CE28E31A8A1C39D39E453193A3445A18DD249236E44
repository,research/icsec2026/extension/analysis/f411_cross_pair_integration_20260902/manuscript_candidate/pair_condition_pattern.pdf,15788,48D6D71AC3AF9024847B2F05D251B15F41ABFB57B9A0670E2F22E7E3AE93F245
repository,research/icsec2026/extension/analysis/f411_cross_pair_integration_20260902/manuscript_candidate/qa/ANONYMITY_CLAIM_AUDIT.md,1822,45BBA0AF09AF5F24279FC89B8046973BB9937F10F32AACC579B864B6AEDBDFAB
repository,research/icsec2026/extension/analysis/f411_cross_pair_integration_20260902/manuscript_candidate/qa/CLAIM_EVIDENCE_TRACEABILITY.json,1901,341E7F932AE38972A881C855F6AE1767D84BDE680B7BA00F7F47A9FEFBA3A9FD
repository,research/icsec2026/extension/analysis/f411_cross_pair_integration_20260902/manuscript_candidate/qa/PAGE_COUNT.json,334,C0E9C97778DA54F0615AE8C10A511079A8EE96C26053A818E7313158507CF33E
repository,research/icsec2026/extension/analysis/f411_cross_pair_integration_20260902/manuscript_candidate/qa/RENDERED_PAGE_QA.md,1237,706F909D9B9D573811CE858A4D8EB7CE3BC4CD1C90A89D2794A35E4F648DFF5B
repository,research/icsec2026/extension/analysis/f411_cross_pair_integration_20260902/manuscript_candidate/qa/page-1.png,548074,EBE668EF9E774B222BA1035FFFF7F4FAB870BC398FB805EEF3FC7A7CF4855F64
repository,research/icsec2026/extension/analysis/f411_cross_pair_integration_20260902/manuscript_candidate/qa/page-2.png,456973,894A9C2096F672DECD1BA578152CE8595DC07E625D65888138CF67BF9346EF9B
repository,research/icsec2026/extension/analysis/f411_cross_pair_integration_20260902/manuscript_candidate/qa/page-3.png,538028,026FC1386D8D88E26744CF7FC81C363E462B6DB79D3BA768BBB1968D29ED2CD0
repository,research/icsec2026/extension/analysis/f411_cross_pair_integration_20260902/manuscript_candidate/qa/page-4.png,572007,06E18B612F8F28AF18E18629B05C971834D5EA3C9E2FF48284DA68AB8E433071
repository,research/icsec2026/extension/analysis/f411_cross_pair_integration_20260902/manuscript_candidate/qa/page-5.png,262782,F77E7C99644D4B769561E0416EFAE59A6BE0BC1D1F1CDAACE681726D9A121590
repository,research/icsec2026/extension/analysis/f411_cross_pair_integration_20260902/manuscript_candidate/qa/pdfinfo.txt,667,13FB6DE3CC3F125417E58AD4FEE10CFC47A23EDDDFA867DDC5F6AE4735D61A34
repository,research/icsec2026/extension/analysis/f411_cross_pair_integration_20260902/manuscript_candidate/references.bib,2440,B936C7F6AF1E173CEB771D5BB430F3652846B759C494E71B674D3071D387AC00
repository,research/icsec2026/extension/analysis/f411_cross_pair_integration_20260902/synthesis/FRIDAY_GAP_DECISION.md,1395,70BBBE40F013BFC2C7DC838BBB84F61572CC25E2FE76999939155366FD416926
repository,research/icsec2026/extension/analysis/f411_cross_pair_integration_20260902/synthesis/PROVENANCE.json,13323,716D874980AF631EA09F143797C6B045123E8DFC68FCF981D1354C73F024E5EC
repository,research/icsec2026/extension/analysis/f411_cross_pair_integration_20260902/synthesis/SYNTHESIS.md,2751,E6206CF1479312AFAE23512DBB9FDD3029B9B3FC1CB773EA38361464A82064D2
repository,research/icsec2026/extension/analysis/f411_cross_pair_integration_20260902/synthesis/condition_outcomes.csv,846,EEF215CD18CADF3DE9466A665CEF56D49FCAC25FFEBDB5555CD3F66260C6A259
repository,research/icsec2026/extension/analysis/f411_cross_pair_integration_20260902/synthesis/pair_comparison.csv,882,F966F62B74A5D62E2E5F7A0012425B298A31B02A5CF501F15E5D5EEFE4F5BBCD
repository,research/icsec2026/extension/analysis/f411_cross_pair_integration_20260902/synthesis/pair_condition_pattern.pdf,15788,48D6D71AC3AF9024847B2F05D251B15F41ABFB57B9A0670E2F22E7E3AE93F245
repository,research/icsec2026/extension/analysis/f411_cross_pair_integration_20260902/synthesis/pair_condition_pattern.png,60048,1B7AEC66353ECC8760FA260C0D5F5ED58F7B6358B31A275C9442FAAB3671FAFD
repository,research/icsec2026/extension/analysis/f411_cross_pair_synthesis_20260902/FAILED_GENERATION.json,495,8CA0FA15920EAF6399095898F17EC2F2DE6E5E81D43C1F49625E2482F1484F4D
repository,research/icsec2026/extension/analysis/f411_cross_pair_synthesis_20260902_r2/FAILED_GENERATION.json,506,2FF9A7880C8A6D8CC82ABDC90CFE9DC03AC70B505BD6F03A12F4563EC24D73D6
repository,research/icsec2026/extension/analysis/f411_cross_pair_synthesis_20260902_r3/FIGURE_QA_FAILED.md,329,D37EF3D7562542AEEF44E6857DB0C2B4A3C3FCDD3ED5241BA4C002A8756F2A71
repository,research/icsec2026/extension/analysis/f411_cross_pair_synthesis_20260902_r3/PROVENANCE.json,13323,4AFCD26C14E1700AE9472675E9B4BBB359F73B9D61662ADDF41F6E40C3DA7136
repository,research/icsec2026/extension/analysis/f411_cross_pair_synthesis_20260902_r3/SYNTHESIS.md,2751,E6206CF1479312AFAE23512DBB9FDD3029B9B3FC1CB773EA38361464A82064D2
repository,research/icsec2026/extension/analysis/f411_cross_pair_synthesis_20260902_r3/condition_outcomes.csv,846,EEF215CD18CADF3DE9466A665CEF56D49FCAC25FFEBDB5555CD3F66260C6A259
repository,research/icsec2026/extension/analysis/f411_cross_pair_synthesis_20260902_r3/pair_comparison.csv,882,F966F62B74A5D62E2E5F7A0012425B298A31B02A5CF501F15E5D5EEFE4F5BBCD
repository,research/icsec2026/extension/analysis/f411_cross_pair_synthesis_20260902_r3/pair_condition_pattern.pdf,18735,3C951A85313BD4AFAF8644C5EBABE0A830611EAC8D2D4CA4149F7C84357512A1
repository,research/icsec2026/extension/analysis/f411_cross_pair_synthesis_20260902_r3/pair_condition_pattern.png,77184,9E000D8452BDDBFD32C0F4325E858261E462C829B645E1963AC26C3F58C64502
repository,research/icsec2026/extension/analysis/f411_cross_pair_synthesis_20260902_r4/FRIDAY_GAP_DECISION.md,1395,70BBBE40F013BFC2C7DC838BBB84F61572CC25E2FE76999939155366FD416926
repository,research/icsec2026/extension/analysis/f411_cross_pair_synthesis_20260902_r4/PROVENANCE.json,13323,716D874980AF631EA09F143797C6B045123E8DFC68FCF981D1354C73F024E5EC
repository,research/icsec2026/extension/analysis/f411_cross_pair_synthesis_20260902_r4/SYNTHESIS.md,2751,E6206CF1479312AFAE23512DBB9FDD3029B9B3FC1CB773EA38361464A82064D2
repository,research/icsec2026/extension/analysis/f411_cross_pair_synthesis_20260902_r4/condition_outcomes.csv,846,EEF215CD18CADF3DE9466A665CEF56D49FCAC25FFEBDB5555CD3F66260C6A259
repository,research/icsec2026/extension/analysis/f411_cross_pair_synthesis_20260902_r4/pair_comparison.csv,882,F966F62B74A5D62E2E5F7A0012425B298A31B02A5CF501F15E5D5EEFE4F5BBCD
repository,research/icsec2026/extension/analysis/f411_cross_pair_synthesis_20260902_r4/pair_condition_pattern.pdf,15788,48D6D71AC3AF9024847B2F05D251B15F41ABFB57B9A0670E2F22E7E3AE93F245
repository,research/icsec2026/extension/analysis/f411_cross_pair_synthesis_20260902_r4/pair_condition_pattern.png,60048,1B7AEC66353ECC8760FA260C0D5F5ED58F7B6358B31A275C9442FAAB3671FAFD
repository,research/icsec2026/extension/analysis/submission_readiness_20260902/EVIDENCE_AND_CLAIM_AUDIT.md,2962,63926D52D96087B340743B90A6421F8B4CBCAB81868500B8B3CC80574C10E148
repository,research/icsec2026/extension/analysis/submission_readiness_20260902/FAILED_VALIDATOR_ATTEMPT.json,370,CB8404B7AB3EF26535B5D1A92E9BBA4D716FE52919B84D41893F4670A4E199BA
repository,research/icsec2026/extension/analysis/submission_readiness_20260902/FINAL_VALIDATION.json,4750,E060AEFFFDDC3F52696B5C3E43ADAB33A9E0706D5FCEF28147387DA7828F57BC
repository,research/icsec2026/extension/analysis/submission_readiness_20260902/README.md,1710,562251685983ABADA0852B720FA69CB69784B895318723056BF8CF2DA94A037C
repository,research/icsec2026/extension/analysis/submission_readiness_20260902/REQUIREMENTS_AND_REFERENCE_AUDIT.md,1741,2E3284A5AA0068F07DBCCD393AA81249C4C98BDBC49B10189B008EFFD152870B
repository,research/icsec2026/extension/analysis/submission_readiness_20260902/SHA256SUMS.csv,645,E521FB300388C92554CDEE76D638C962881EE3F7416DAF3D5C1C4E3D6C3D352C
repository,research/icsec2026/extension/analysis/submission_readiness_20260902/validate_submission_readiness.py,6780,18BA4C0C4F74EACB3AF9087731EA7DA59C677A08DE681DCB2B85C32357EF84C3
repository,research/icsec2026/extension/evidence/f411_engdiag_20260901/.gitattributes,19,020BEFB2F472CC9304277628DA283A958D083C03C0A1C136729A8FC4048E1D0D
repository,research/icsec2026/extension/evidence/f411_engdiag_20260901/ENGDIAG_SHA256SUMS.csv,3276,98846023F3285F5B9F60C5387E1C54FD6D5EEAA8D5E58A42720795EC9B328DE0
repository,research/icsec2026/extension/evidence/f411_engdiag_20260901/bringup_validation.json,2074,A4C19AE1CBC444A047FD79B7D0F01ED0ADAA139700A29E3F320DDE78EC970492
repository,research/icsec2026/extension/evidence/f411_engdiag_20260901/build_and_test_validation.json,1170,DB017C6DA6048EEE558C8DE8B291481C619495FDE389AA10C1317F92E9CA4FA4
repository,research/icsec2026/extension/evidence/f411_engdiag_20260901/commands.txt,1953,8D359C0F6F2433E9007DE3717B178628FA2007B9C304AADE2F85B2641147DDF6
repository,research/icsec2026/extension/evidence/f411_engdiag_20260901/diagnostic_manifest.json,1484,9D6ECAC206B0960B79D3FA206ED2BEF22E6ADCE2997D3DAAE27C797B45227912
repository,research/icsec2026/extension/evidence/f411_engdiag_20260901/final_disposition.json,1126,7D8B0F92B5FD4970960D35CC2AE6F632606DF1F4FCD890EE4FB42A5EDE6AD80F
repository,research/icsec2026/extension/evidence/f411_engdiag_20260901/fix.patch,605,95EDA676DBD3745509FD9B981116AEE41D799E2B1B33FA94A649F2CD6F8E1F0B
repository,research/icsec2026/extension/evidence/f411_engdiag_20260901/fixcheck_validation.json,1466,AB205BB8EBD28C3CD320ED46898C3AD326DBEEE524805DB1E5C70239C9EF1885
repository,research/icsec2026/extension/evidence/f411_engdiag_20260901/hardware_enumeration.json,609,94240DDAD339E00C933019715261ED85A44E06DC4BD67D959A13D70420ADFCCE
repository,research/icsec2026/extension/evidence/f411_engdiag_20260901/raw/bringup/ENGDIAG_001_FIXCHECK/run_metadata.json,332,C05CAC5461FB64E8152F42FBDE3F1A84BAE31D9C71D59FFD7831E07B0EEBDA5E
repository,research/icsec2026/extension/evidence/f411_engdiag_20260901/runtime_hypothesis_validation.json,1473,F2F716FF7C6323E156A9F465C0C8018BA975E20F4DAA0E89CE02E2D556E3D480
repository,research/icsec2026/extension/evidence/f411_engdiag_20260901/source_and_semantic_validation.json,1143,3935123D98B78934A9B57501D2B7346248B1337C4CF5DB4B734BC1DC3ABCA9FD
repository,research/icsec2026/extension/evidence/f411_engdiag_20260901/static_hypothesis_audit.md,1242,447587F16090AB259B85883ECBA331B1DAE53EDB5B96412C37909517A2FE40EB
repository,research/icsec2026/extension/evidence/f411_feasibility_20260901/BOARD_ENUMERATION.json,1878,4FB0D031A7D8DD8DE9573373A246EDD0336E46CBF71F2320F22ABC86B831B842
repository,research/icsec2026/extension/evidence/f411_feasibility_20260901/F411_FEASIBILITY_SHA256SUMS.csv,632,540D3E46D206B9CE29806E291F8328D3B8C4F43F7A58471931AA3BEFB8A8930C
repository,research/icsec2026/extension/evidence/f411_feasibility_20260901/FEASIBILITY_RESULT.json,1278,921486D9AB436CD2C0B01D5967B3BB61BF5E8C895D15B985D3350E42A864339C
repository,research/icsec2026/extension/evidence/f411_feasibility_20260901/TOOLCHAIN_SANITY.json,1085,E3E2DDC7964BBB3054192299103E2937EA783353B5A3A7545E92A0A1CB8640F7
repository,research/icsec2026/extension/evidence/f411_pair1_20260901/ACCOUNTING_CORRECTION_20260901.json,3436,44F4E2831668B4316783F72F6EC3762C286D43B7E3E8B01E096025B7C931A7B0
repository,research/icsec2026/extension/evidence/f411_pair1_20260901/CORRECTED_FINAL_VALIDATION.json,1290,98B984E77345E36F3D9822F44AECE7966AAA33E389943E535CAB05727BEBD1FB
repository,research/icsec2026/extension/evidence/f411_pair1_20260901/FINAL_CORRECTED_DISPOSITION.json,1176,DCA5CE85578BA8FC3BA6A3BEB55B873D92ACA9726A9C923BEF94A03CD019B4EA
repository,research/icsec2026/extension/evidence/f411_pair1_20260901/PAIR1_CORRECTED_SHA256SUMS.csv,4158,A5C8BF48D7FD0E9CC3A120B890F11CA49FD8DBB6086FD594A321F14C778AC6C9
repository,research/icsec2026/extension/evidence/f411_pair1_20260901/PAIR1_SHA256SUMS.csv,3609,AC00A0C93083FBB553408B2EE20DC283D9002B67F853D472B28D3067E2145A3F
repository,research/icsec2026/extension/evidence/f411_pair1_20260901/attempt_ledger.json,937,6DA7C0E54EC2B8F54FC83A26F95F8ADF5A03F139F9A5212A6A8834ECC71D6D48
repository,research/icsec2026/extension/evidence/f411_pair1_20260901/bringup_001_reconstructed_validation.json,1717,1679FC38A34CC28A6DCA321EDD21FB2A3E5D34F5FD45835EE556C74389257262
repository,research/icsec2026/extension/evidence/f411_pair1_20260901/bringup_validation.json,2041,E9097FEEEC4B84F5CDEC45418CEDE7AD8204C34B892565E53D1BFB00F9C0D731
repository,research/icsec2026/extension/evidence/f411_pair1_20260901/build/controller_clean_build.log,12779,F26DE8E26EC946872D9FD4D860CF10DFBA0FD65C57E45089F19366C2CBBDDB4F
repository,research/icsec2026/extension/evidence/f411_pair1_20260901/build/controller_elf_header.log,993,C13E8FBAC02FA3766DCF3FF30965714BFD908B8DAC42D748F931E1F97756E528
repository,research/icsec2026/extension/evidence/f411_pair1_20260901/build/controller_sections.log,1962,3F65F34CCAA2FD6D6B9E87824A4AF510C0D9D86095F8B482983B2C3C14545CD3
repository,research/icsec2026/extension/evidence/f411_pair1_20260901/build/payload_clean_build.log,10450,B8152D1245E8528B68744EA24164A7004164F2E4177488DDFAE344D13C90B811
repository,research/icsec2026/extension/evidence/f411_pair1_20260901/build/payload_elf_header.log,993,1E364E6DAC756ECDFC6FD9A6064CFA850726DF990B81395FCEE7E2F0E7BECF78
repository,research/icsec2026/extension/evidence/f411_pair1_20260901/build/payload_sections.log,1733,8CD46972BC0E772355448C9218E3EABD1B6E6847E265DEA5B5EACA7FA454B7A2
repository,research/icsec2026/extension/evidence/f411_pair1_20260901/configuration.json,948,2880F7351413915C93055373FB3A79608BD514A0A1655EA19BC5DA3D4DAC6789
repository,research/icsec2026/extension/evidence/f411_pair1_20260901/final_disposition.json,2116,3F31622B27FF45D7800D56C133637D86168B9D6BB347577B95369680AD153BEA
repository,research/icsec2026/extension/evidence/f411_pair1_20260901/final_validation.json,1078,00742A332214719680C712BE8C095AA56F66172CC4FCD7D972FA3EB41614862A
repository,research/icsec2026/extension/evidence/f411_pair1_20260901/firmware/f411_p1_controller.bin,19820,F83B425A57CC31D4E81EC8D145CAE77C1AC81957A17A13161267EFDDE7ACB146
repository,research/icsec2026/extension/evidence/f411_pair1_20260901/firmware/f411_p1_controller.elf,158152,14878B899FBCED958CF507FBF62E10F39A95CBE90A4C33A8C938396305D93452
repository,research/icsec2026/extension/evidence/f411_pair1_20260901/firmware/f411_p1_payload.bin,8152,52F145488CAD9D3A9711F77DF1DFB9F76DFEAE6660FE9E1FBD5560AA738BFBBB
repository,research/icsec2026/extension/evidence/f411_pair1_20260901/firmware/f411_p1_payload.elf,143396,0BC0EAAA7830B001CD31F1805C1002275E62FAF8DE6BC8C1AF44ABF5A2005493
repository,research/icsec2026/extension/evidence/f411_pair1_20260901/hardware_assignment.json,736,735D6A63D513EBD7BA6031987B6F0AE9FD0C6B6BABB284326247076CC392E44C
repository,research/icsec2026/extension/evidence/f411_pair1_20260901/manifest.json,2061,65C8764ADD092035BCDCD8227533BF374CA2A47EF66348727CEDA081ABF1FEB3
repository,research/icsec2026/extension/evidence/f411_pair1_20260901/raw/bringup/BRINGUP_001/controller.log,727,0D8E1CB85B4733791D677B98F6D2E23F4CE7E9D8320109983CBC4A6111C18DBC
repository,research/icsec2026/extension/evidence/f411_pair1_20260901/raw/bringup/BRINGUP_001/flash_controller.log,1335,4DC3CAF17693576CEFF8B72D6329F049801A3423DB1CF82352933B9DAD35CEF1
repository,research/icsec2026/extension/evidence/f411_pair1_20260901/raw/bringup/BRINGUP_001/flash_payload.log,1335,91D8D9BE844BB6CC78B0637F4ABFDE27722D7A3DFA251000B4F548E5B3AE675D
repository,research/icsec2026/extension/evidence/f411_pair1_20260901/raw/bringup/BRINGUP_001/payload.log,471,9C7568A22CFDF48900161092E2EBAF0765FD895258EA8EFD4C546532640FA0E3
repository,research/icsec2026/extension/evidence/f411_pair1_20260901/raw/bringup/BRINGUP_001/pre_attempt_abort.json,556,A3C5A7872B2977B65B559B0940D5345CE7E1D4FD3251CD59C338AFFF06698685
repository,research/icsec2026/extension/evidence/f411_pair1_20260901/raw/bringup/BRINGUP_002/controller.log,727,26DA2C95E79C57D86D825D6032E4A33B4D902D14714A9A06A65D061B65B782A2
repository,research/icsec2026/extension/evidence/f411_pair1_20260901/raw/bringup/BRINGUP_002/controller_readable.txt,321,BD4D99D2407A152F9E7B799B007A01F63DA9CAC995B82175C30CF8F3F22F1FB4
repository,research/icsec2026/extension/evidence/f411_pair1_20260901/raw/bringup/BRINGUP_002/flash_controller.log,1335,E647A9B383EA61142C87E4BBC4C3995E389B0693368B347128461E6AB9AE4D8F
repository,research/icsec2026/extension/evidence/f411_pair1_20260901/raw/bringup/BRINGUP_002/flash_payload.log,1335,67EB20EA77E49345DD54B112181DC3EEF020834F5FE7D8840E229E17A0512886
repository,research/icsec2026/extension/evidence/f411_pair1_20260901/raw/bringup/BRINGUP_002/payload.log,471,018F16C838FDADD54601543C097C01864110A6E79E42C1FE24C2458B2EABA2A8
repository,research/icsec2026/extension/evidence/f411_pair1_20260901/raw/bringup/BRINGUP_002/payload_readable.txt,216,63FBA514609819E87ED70E7FCAE33C5FD0ADDC3D583D29530605240F35FD6BD3
repository,research/icsec2026/extension/evidence/f411_pair1_20260901/semantic_preservation.json,1634,927343C7F4FD24437C26C7FB25EC606A3893FE361CCA7AD9171C66964053ADA2
repository,research/icsec2026/extension/evidence/f411_pair1_20260901/software_validation.json,1888,DAAA34D2287F0741CE00FBC85305EAE4036C6C830145566E5867DEE0F2D2296A
repository,research/icsec2026/extension/evidence/f411_pair1_20260901/test/core_native.log,4935,919466D2AAAEE4A5F943DB2FDECA851790FBEEECC74C4D652014455D39236921
repository,research/icsec2026/extension/evidence/f411_pair1_20260901/test/extension_host.log,112,F44CD39A5BC04BB82FBBF9FC28ACD6ED1C118F27138E92D48B6B0D1F73807495
repository,research/icsec2026/extension/evidence/f411_pair1_20260901/test/payload_native.log,1002,047417872444C803B710C2FD9E6BD702C99323DDCA34E8EA09FF98206D40C7AC
repository,research/icsec2026/extension/evidence/f411_pair1_campaign_20260901_seed20260901_b3/.gitattributes,9,54DA72FFE7B7A9529B193FF0DE762C16C29616BE3C582B4ED940400E6D2A8DED
repository,research/icsec2026/extension/evidence/f411_pair1_campaign_20260901_seed20260901_b3/F411_PAIR1_CAMPAIGN_SHA256SUMS.csv,10614,797F908BCFC5EB5450302360501016DCB23188996C15194D9CF91C8BE619C2BC
repository,research/icsec2026/extension/evidence/f411_pair1_campaign_20260901_seed20260901_b3/PREACQUISITION_SHA256SUMS.csv,3288,F82C38B2017204D723F74223051CEEF64D3F354005999C7C7C3A6BCFCED1B2FC
repository,research/icsec2026/extension/evidence/f411_pair1_campaign_20260901_seed20260901_b3/acquisition_protocol.json,812,28B8FC4FCDD98E324F988C1BFBC4687769AC582D9D5D60F4BF916F292C6A05D5
repository,research/icsec2026/extension/evidence/f411_pair1_campaign_20260901_seed20260901_b3/acquisition_source_state.json,615,0AE19AEBE2EA276027A080EF34ADF71CCB360E1A6C211212FD97875CCF2EF83A
repository,research/icsec2026/extension/evidence/f411_pair1_campaign_20260901_seed20260901_b3/attempt_ledger.json,4479,713420D07D91B178777F0774DAA8BDE07CFA63BF3D3E0DF02F57A26914A6DC57
repository,research/icsec2026/extension/evidence/f411_pair1_campaign_20260901_seed20260901_b3/backup_plan.json,430,4C23F6E9A94484F58050146924292D9CF76DC4EA5F855F59982172F8C91CBE39
repository,research/icsec2026/extension/evidence/f411_pair1_campaign_20260901_seed20260901_b3/build_controller.log,12129,4A6CE9F1044B0D1E7EDB6797E2277A41737DAD7D9E99029C731981831DB243A7
repository,research/icsec2026/extension/evidence/f411_pair1_campaign_20260901_seed20260901_b3/build_controller_clean.log,650,4444A9E904C4BE83E7B9A40829DB04111CBF426EA3B7F5EFC387580DB5CE6255
repository,research/icsec2026/extension/evidence/f411_pair1_campaign_20260901_seed20260901_b3/build_exit_codes.json,99,ACCF297128AC096381F0DDB02778362A7AE3FC61F1BE56884BB3CF354454D163
repository,research/icsec2026/extension/evidence/f411_pair1_campaign_20260901_seed20260901_b3/build_payload.log,9855,1FED322733556A8968317F51A343776ADBE42FC06989FE55FDE7002ECDAABDA7
repository,research/icsec2026/extension/evidence/f411_pair1_campaign_20260901_seed20260901_b3/build_payload_clean.log,595,D4F77AC765D21C0CFDA946EAE1F2C0756720D46B044456EB6B47ACEBA7A6EAFC
repository,research/icsec2026/extension/evidence/f411_pair1_campaign_20260901_seed20260901_b3/build_test_validation.json,1057,D0662A1201942DDC9C6F5F891ADC5D158F56067C49084ACEE92EF2C4E0790D9D
repository,research/icsec2026/extension/evidence/f411_pair1_campaign_20260901_seed20260901_b3/campaign_validation.json,124073,7E129C0158A7EF515760F4469336FF6799D5F1EB00E3F946AA1975E1C0556FEC
repository,research/icsec2026/extension/evidence/f411_pair1_campaign_20260901_seed20260901_b3/commands.txt,1335,92CA3FA1BADAC8A74B7E77C530ADBE7682517C9DB5439B41F238267642AD9E21
repository,research/icsec2026/extension/evidence/f411_pair1_campaign_20260901_seed20260901_b3/condition_definitions.json,361,DA9160BC45519023721F2A84CA7C2284321CC082CE51EA04DB08E59D57AF25C9
repository,research/icsec2026/extension/evidence/f411_pair1_campaign_20260901_seed20260901_b3/controller_elf_header.txt,993,CBA9B046BE613EDBA13D7C4D4DDC7C6F297F8A7E7B282783B0799FE5604C97C6
repository,research/icsec2026/extension/evidence/f411_pair1_campaign_20260901_seed20260901_b3/controller_sections_map.txt,1923,3EA830CEA137F755C20455E3CE3F2D0E945C9537E48BD21598D75373F8055F88
repository,research/icsec2026/extension/evidence/f411_pair1_campaign_20260901_seed20260901_b3/controller_symbol_map.txt,13550,529D806DCA2A3D67DA8A934520BED83D461C98B7F5A89195904174FDBD528E47
repository,research/icsec2026/extension/evidence/f411_pair1_campaign_20260901_seed20260901_b3/counter_delta_summary.json,1721,F9AC32FCA8D231243B8C8C9E51E0E4E5C9CA8315A30333476E0A703468B8AE71
repository,research/icsec2026/extension/evidence/f411_pair1_campaign_20260901_seed20260901_b3/descriptive_condition_summary.json,2429,788847F6146624B30968111FF8D3BBCCD479B7C3C6BE881706BBC7E6EF795112
repository,research/icsec2026/extension/evidence/f411_pair1_campaign_20260901_seed20260901_b3/execution_record.json,577,D458BA196C38235E38B649A27CAEE6758FAD82E2FBFB9381256335B79240FA5C
repository,research/icsec2026/extension/evidence/f411_pair1_campaign_20260901_seed20260901_b3/final_attempt_ledger.json,4479,713420D07D91B178777F0774DAA8BDE07CFA63BF3D3E0DF02F57A26914A6DC57
repository,research/icsec2026/extension/evidence/f411_pair1_campaign_20260901_seed20260901_b3/final_disposition.json,398,103E5B2C03CEBA4A6CEAC4A1C93742FC6D1968AE94CC859763A91D04EDDFC3EC
repository,research/icsec2026/extension/evidence/f411_pair1_campaign_20260901_seed20260901_b3/final_validation.json,1329,96D96941861C157E544EE32A0BDB478DFFE1F55BCC5543AB07800510F652179B
repository,research/icsec2026/extension/evidence/f411_pair1_campaign_20260901_seed20260901_b3/firmware/f411_p1_fixed_controller.bin,19832,8686113C4A83E1600EBE66FB3B3F8795853011B4B0E69D91F9E68EBB3FD8FE68
repository,research/icsec2026/extension/evidence/f411_pair1_campaign_20260901_seed20260901_b3/firmware/f411_p1_fixed_controller.elf,158152,9AA52D103E977A8B18968A0B7F3D69E74361AC5E5FFDFA6B3CBC49A3AD722D78
repository,research/icsec2026/extension/evidence/f411_pair1_campaign_20260901_seed20260901_b3/firmware/f411_p1_payload.bin,8152,52F145488CAD9D3A9711F77DF1DFB9F76DFEAE6660FE9E1FBD5560AA738BFBBB
repository,research/icsec2026/extension/evidence/f411_pair1_campaign_20260901_seed20260901_b3/firmware/f411_p1_payload.elf,143396,0BC0EAAA7830B001CD31F1805C1002275E62FAF8DE6BC8C1AF44ABF5A2005493
repository,research/icsec2026/extension/evidence/f411_pair1_campaign_20260901_seed20260901_b3/hardware_enumeration.json,627,27EE87256B242E37A8F0EAC284728FFCC8AA376AFA5963C9C480274187CD6576
repository,research/icsec2026/extension/evidence/f411_pair1_campaign_20260901_seed20260901_b3/human_wiring_time_confirmation.json,689,FD9D8F1FAFAF2EA6F450160945175629968C0E3FA5563B5A8AAD22594464166D
repository,research/icsec2026/extension/evidence/f411_pair1_campaign_20260901_seed20260901_b3/independent_validation.json,648,9D4D6F4AF887F8AE3668FEC00EDD606000BA95C6CF6F806DAA1DD8CD376DD210
repository,research/icsec2026/extension/evidence/f411_pair1_campaign_20260901_seed20260901_b3/locked_attempt_ledger.json,2991,73BDB7CDBCCFCF24B9DD4B2521513407E3E576119E4D7637CFA1F32E9DC65076
repository,research/icsec2026/extension/evidence/f411_pair1_campaign_20260901_seed20260901_b3/locked_manifest.json,3387,768B7DC702384B19464AAC1AB374716AF18E8EE26733B713814676AF4ED80FC1
repository,research/icsec2026/extension/evidence/f411_pair1_campaign_20260901_seed20260901_b3/payload_elf_header.txt,993,1E364E6DAC756ECDFC6FD9A6064CFA850726DF990B81395FCEE7E2F0E7BECF78
repository,research/icsec2026/extension/evidence/f411_pair1_campaign_20260901_seed20260901_b3/payload_sections_map.txt,1694,D48022E03AFA2E5B8BAB29205EC8F423408B9AB796275AB2EBED35FE0DE8A1FF
repository,research/icsec2026/extension/evidence/f411_pair1_campaign_20260901_seed20260901_b3/payload_symbol_map.txt,6460,9D584D85F3384CC9C56DEE3CDA5569166224CD5283BD6EEA92D13A45AC9F981A
repository,research/icsec2026/extension/evidence/f411_pair1_campaign_20260901_seed20260901_b3/port_close_status.json,126,4B3827FC4E3D597F428F0CBFD7C51E10F73CC63F7E7486BE8BE3C1DC9B333D58
repository,research/icsec2026/extension/evidence/f411_pair1_campaign_20260901_seed20260901_b3/postacquisition_crosscheck.json,789,0446D908E36E152EC24725A41AD666462ADFCB02802F4AACDCABDEF186F07F85
repository,research/icsec2026/extension/evidence/f411_pair1_campaign_20260901_seed20260901_b3/preacquisition_inventory_reconciliation.json,1264,1E7942C5134A86B14258515DCD464E1196EF867FB68F27A1226E76D177E2504E
repository,research/icsec2026/extension/evidence/f411_pair1_campaign_20260901_seed20260901_b3/preacquisition_source_state.json,611,D4EF5710A409F6EDDD226F31C4181102B7E96D30B84B761F8606CC5168D8A13C
repository,research/icsec2026/extension/evidence/f411_pair1_campaign_20260901_seed20260901_b3/preacquisition_validation.json,895,88446D1EA1A782EC4DC6D5E75088007384584B4471DFB43D9079324FA90A2D3F
repository,research/icsec2026/extension/evidence/f411_pair1_campaign_20260901_seed20260901_b3/precheck_validation.json,5427,14474A0BD8778257FB9C644A61ADA6B8EC168AED4005DE67F4F444CD3A00F91A
repository,research/icsec2026/extension/evidence/f411_pair1_campaign_20260901_seed20260901_b3/prior_inventory_validation.json,1269,67270C7E49CD477B2349FBAE6A8DD4E1FC5B7D0F84C2BDC61525CD936678E84A
repository,research/icsec2026/extension/evidence/f411_pair1_campaign_20260901_seed20260901_b3/process_and_final_state.json,599,03C371E2378C2DCA2EA0A3EB3839B45070E3E81E10E12F80D14D64B652C976B4
repository,research/icsec2026/extension/evidence/f411_pair1_campaign_20260901_seed20260901_b3/raw/master/controller.log,115021,89043F6A79A6BAE277641C5FC7C941F04AF9BC4D75193684BB514922D2C0C2DE
repository,research/icsec2026/extension/evidence/f411_pair1_campaign_20260901_seed20260901_b3/raw/master/controller_readable.txt,54619,CFF1251C6DBCB4BF232F08DFBB9CB51FD02143EF74273DAD47EE8B41C5678036
repository,research/icsec2026/extension/evidence/f411_pair1_campaign_20260901_seed20260901_b3/raw/master/flash_controller.log,1335,DC702BCECB6430F69FE4A6AF6BD1390E86B38B0D1639364772F06890B96980DB
repository,research/icsec2026/extension/evidence/f411_pair1_campaign_20260901_seed20260901_b3/raw/master/flash_payload.log,1335,2AB32F0A2F969A52A1C180BA165BAAADB8813740E04E77E2206C072B5C9F7832
repository,research/icsec2026/extension/evidence/f411_pair1_campaign_20260901_seed20260901_b3/raw/master/payload.log,4338,014BD162E556AA9514D69996FBC3F8B5FDEF4B04BACA9BB0EDF6DE59A9F5AA19
repository,research/icsec2026/extension/evidence/f411_pair1_campaign_20260901_seed20260901_b3/raw/master/payload_readable.txt,2334,785118651FD883E8590B44B77A1A87F9ABFD17043DDFE1158B808473F70D09BD
repository,research/icsec2026/extension/evidence/f411_pair1_campaign_20260901_seed20260901_b3/raw/rows/F411P1_C01_B1_NC/controller_readable.txt,3266,5494123783BA7932646F9F4AE18073D8F7EB977630CA4D428FB982A5E18ACBD6
repository,research/icsec2026/extension/evidence/f411_pair1_campaign_20260901_seed20260901_b3/raw/rows/F411P1_C01_B1_NC/payload_readable.txt,110,45D1A0B0F3D5845F705DE75307E20AEC39C9DE93263ED5A4C083F9318E723B1E
repository,research/icsec2026/extension/evidence/f411_pair1_campaign_20260901_seed20260901_b3/raw/rows/F411P1_C01_B1_NC/validation.json,9219,A47FF2E8989D839DB8F7ACB4FD4972AB55DD821E365A3EF9776195BFB407BE96
repository,research/icsec2026/extension/evidence/f411_pair1_campaign_20260901_seed20260901_b3/raw/rows/F411P1_C02_B1_D110/controller_readable.txt,3212,623067043A59BA667D123BF74AF2AA2D1E6B587B70096764E8E577B2595B49CD
repository,research/icsec2026/extension/evidence/f411_pair1_campaign_20260901_seed20260901_b3/raw/rows/F411P1_C02_B1_D110/payload_readable.txt,179,418FD42C2DA9A7E128FBF7E8B27BDE7AE27A93CC504F7910046D18B8D8A735E9
repository,research/icsec2026/extension/evidence/f411_pair1_campaign_20260901_seed20260901_b3/raw/rows/F411P1_C02_B1_D110/validation.json,8595,0D5731F961727D254EB8DF735B8718A6AE21935FFC90186831F260ECE038D093
repository,research/icsec2026/extension/evidence/f411_pair1_campaign_20260901_seed20260901_b3/raw/rows/F411P1_C03_B1_D090/controller_readable.txt,3408,BDB123850BB6A26A0C3876706E4777DDF8D68E06DEEF9A822A05AB32FF033A68
repository,research/icsec2026/extension/evidence/f411_pair1_campaign_20260901_seed20260901_b3/raw/rows/F411P1_C03_B1_D090/payload_readable.txt,178,663B8E3E277DA009CC965329C66DECC4CCB0C0DCCBC8C0F91609AD218F73EC43
repository,research/icsec2026/extension/evidence/f411_pair1_campaign_20260901_seed20260901_b3/raw/rows/F411P1_C03_B1_D090/validation.json,9394,9DC94C2D26BD60CF5F67ED5A07E6E1BAE8A71369B11009319618EE3A64F85EC4
repository,research/icsec2026/extension/evidence/f411_pair1_campaign_20260901_seed20260901_b3/raw/rows/F411P1_C04_B1_D100/controller_readable.txt,3216,1A578B49362C6E30A749D98ADE7CC19ABB74FF718CEB5436EDE63E08020C07A1
repository,research/icsec2026/extension/evidence/f411_pair1_campaign_20260901_seed20260901_b3/raw/rows/F411P1_C04_B1_D100/payload_readable.txt,179,C49A5ADE153C40B1F803025E014B3373197F2ADEA63E172B9ECA3E74C75FD1A8
repository,research/icsec2026/extension/evidence/f411_pair1_campaign_20260901_seed20260901_b3/raw/rows/F411P1_C04_B1_D100/validation.json,8443,BDA0472D1890C8E7AE6323BD1A483ADC2D89D9856A0A061F95E2DD723465D18E
repository,research/icsec2026/extension/evidence/f411_pair1_campaign_20260901_seed20260901_b3/raw/rows/F411P1_C05_B2_D090/controller_readable.txt,3416,9D47840ECADD966A2A2CB9E4ECAA930E13248E98B828569A50D5B244CAF030B6
repository,research/icsec2026/extension/evidence/f411_pair1_campaign_20260901_seed20260901_b3/raw/rows/F411P1_C05_B2_D090/payload_readable.txt,178,3CE5838E84DB85B4887A8AEEF5EC27035464E7B1ABF8084A2701A0772C8488C9
repository,research/icsec2026/extension/evidence/f411_pair1_campaign_20260901_seed20260901_b3/raw/rows/F411P1_C05_B2_D090/validation.json,9400,5C28BE73DFFAFB0EF26E66652961698969E7BE6D19DD8AC17C9B228995C55D1A
repository,research/icsec2026/extension/evidence/f411_pair1_campaign_20260901_seed20260901_b3/raw/rows/F411P1_C06_B2_NC/controller_readable.txt,3416,EE50CA811E42E147D158BD4AEE5420A7F46EF50C566DBD4CE2ED873DC2CC35A9
repository,research/icsec2026/extension/evidence/f411_pair1_campaign_20260901_seed20260901_b3/raw/rows/F411P1_C06_B2_NC/payload_readable.txt,110,54DADB7F0116F9283D7E7AAF95061FC5856F18423808EEE5E7257E1F2F8F56BF
repository,research/icsec2026/extension/evidence/f411_pair1_campaign_20260901_seed20260901_b3/raw/rows/F411P1_C06_B2_NC/validation.json,9400,89DC8E57986CD6FDEAA6A5BA250698FADD4F74AF746F2300C7BA209AEA564573
repository,research/icsec2026/extension/evidence/f411_pair1_campaign_20260901_seed20260901_b3/raw/rows/F411P1_C07_B2_D100/controller_readable.txt,3220,2E7D734CC3CF6FF58A92806C908270B53448056EB8B3D21DBB7D92AC5D7FDDE1
repository,research/icsec2026/extension/evidence/f411_pair1_campaign_20260901_seed20260901_b3/raw/rows/F411P1_C07_B2_D100/payload_readable.txt,179,BA6DD773ADF8BF0D46BBDFA86086A44A0E2D965B34FA79E2FCAAAC9D5F4A4E2C
repository,research/icsec2026/extension/evidence/f411_pair1_campaign_20260901_seed20260901_b3/raw/rows/F411P1_C07_B2_D100/validation.json,8617,A88C502D4C0920C62D577EA0B63C8F3DF54E78208307454C2D8522EDCC3F57EA
repository,research/icsec2026/extension/evidence/f411_pair1_campaign_20260901_seed20260901_b3/raw/rows/F411P1_C08_B2_D110/controller_readable.txt,3220,3CDDEB4F19F00A3A60C31D7397A3EBA2CD5722E8D2F9FD63722A9BB598222C62
repository,research/icsec2026/extension/evidence/f411_pair1_campaign_20260901_seed20260901_b3/raw/rows/F411P1_C08_B2_D110/payload_readable.txt,179,C0B1C4061AEE04B5EE6F8C761726736FD88CDEB3BDB07D390071AD961C51A07D
repository,research/icsec2026/extension/evidence/f411_pair1_campaign_20260901_seed20260901_b3/raw/rows/F411P1_C08_B2_D110/validation.json,8435,D617ABCAD6BDABB1901A6EB82FBA1CAD102B685BEF4142332F2F83623FE744E9
repository,research/icsec2026/extension/evidence/f411_pair1_campaign_20260901_seed20260901_b3/raw/rows/F411P1_C09_B3_D100/controller_readable.txt,3220,2366730DE13E6E669F3E2EC4742CCE761D9B1E3B9F2B3C3C787A0BE3D161240D
repository,research/icsec2026/extension/evidence/f411_pair1_campaign_20260901_seed20260901_b3/raw/rows/F411P1_C09_B3_D100/payload_readable.txt,179,FF2A0F1768F8B006D403FEC3EEE9570A6065312C29C1D5556627FC120F836D5B
repository,research/icsec2026/extension/evidence/f411_pair1_campaign_20260901_seed20260901_b3/raw/rows/F411P1_C09_B3_D100/validation.json,8612,957486FDE9C898FAAA39848C65862F5A0E3B062A527911B81E76C465B0FD73AB
repository,research/icsec2026/extension/evidence/f411_pair1_campaign_20260901_seed20260901_b3/raw/rows/F411P1_C10_B3_D110/controller_readable.txt,3220,73517261B10D4BEA1217D5663EABA9708588F449B76B3CC8BD748178EB816508
repository,research/icsec2026/extension/evidence/f411_pair1_campaign_20260901_seed20260901_b3/raw/rows/F411P1_C10_B3_D110/payload_readable.txt,179,1B48A94FF85A28806FE88A485479E6A4ABBA944A34BBDB8623793C51636F3D1B
repository,research/icsec2026/extension/evidence/f411_pair1_campaign_20260901_seed20260901_b3/raw/rows/F411P1_C10_B3_D110/validation.json,8612,7653C8EB7DEF8C52655AFF3AD6D1D5000BFB1BA4DD2D41FFBFDB38A120F5CF7E
repository,research/icsec2026/extension/evidence/f411_pair1_campaign_20260901_seed20260901_b3/raw/rows/F411P1_C11_B3_NC/controller_readable.txt,3416,2EDFFF6DE0BB668ACA228838A4604BACF14E616AD1E083582B492B5A16C9940E
repository,research/icsec2026/extension/evidence/f411_pair1_campaign_20260901_seed20260901_b3/raw/rows/F411P1_C11_B3_NC/payload_readable.txt,110,E05D4D2C0C0DEF0D0C3E1571B91147B35C85E6416DAD95A2F3A1075EFC3A3F86
repository,research/icsec2026/extension/evidence/f411_pair1_campaign_20260901_seed20260901_b3/raw/rows/F411P1_C11_B3_NC/validation.json,9400,0D687C70696DB29D16B751A42505FAE05DF30DB5A38DD34ACCE746D83320DD89
repository,research/icsec2026/extension/evidence/f411_pair1_campaign_20260901_seed20260901_b3/raw/rows/F411P1_C12_B3_D090/controller_readable.txt,3416,DDBBA7C3A2261DF49984766B9D9AF914258325C55E5B9E2EC1723CFA7D9EB689
repository,research/icsec2026/extension/evidence/f411_pair1_campaign_20260901_seed20260901_b3/raw/rows/F411P1_C12_B3_D090/payload_readable.txt,178,C2A3D78651BFFF49692FD9D5C5519D9C6B1DC83833CB12B51E67C861E0372F4F
repository,research/icsec2026/extension/evidence/f411_pair1_campaign_20260901_seed20260901_b3/raw/rows/F411P1_C12_B3_D090/validation.json,9064,8B60D6AFDE1D10D80405392CBA5075C42471DF3BD4FD3B90173AAE83ACA49A7F
repository,research/icsec2026/extension/evidence/f411_pair1_campaign_20260901_seed20260901_b3/row_boundary_ledger.jsonl,8164,A43547A93AA5C9889E29224FE8341853F086036ACE76ECADD11188D1F6473BDB
repository,research/icsec2026/extension/evidence/f411_pair1_campaign_20260901_seed20260901_b3/run_plan.csv,399,88EDD7D47C40354D1C9DF8B0F7EC9A083198B4A6E5CBF4D453E947AD9B88BF45
repository,research/icsec2026/extension/evidence/f411_pair1_campaign_20260901_seed20260901_b3/semantic_source_validation.json,901,125BE5E3BEDA7D00A2D61019FD9528E020CEBD759838E9323BE60D9E34A9A292
repository,research/icsec2026/extension/evidence/f411_pair1_campaign_20260901_seed20260901_b3/test_core_native.log,4935,6B3F544CCEF12AD5EB9DA0E270853385A37D95107B5BAE48AFF557531548A38C
repository,research/icsec2026/extension/evidence/f411_pair1_campaign_20260901_seed20260901_b3/test_exit_codes.json,50,1E30B411C3AE51A8E58986FA302FF6BE66127D1BBC29E73A8B9ABF89C761B9CC
repository,research/icsec2026/extension/evidence/f411_pair1_campaign_20260901_seed20260901_b3/test_extension_host.log,120,FA44C50F1B64CDE46222E9BAD72BA13AD1E3321383BF418370141C8A31414C80
repository,research/icsec2026/extension/evidence/f411_pair1_campaign_20260901_seed20260901_b3/test_payload_native.log,1002,62EA4F73C3D1D1122EFD1AC24210CD7C6E695095E9B0EE498CAA4A95C856E944
repository,research/icsec2026/extension/evidence/f411_pair1_campaign_20260901_seed20260901_b3/unexpected_and_boundary_artifacts.json,2378,5B182DE9A320EB35680AD2540682F30069623DD9FE80854D1ABCADDF7363DECF
repository,research/icsec2026/extension/evidence/f411_pair1_campaign_20260901_seed20260901_b3/validity_rules.json,521,2BED85AB810D3FC8278FE130D67DA26C3F726A9301D42696018F8DBA3D730E0C
repository,research/icsec2026/extension/evidence/f411_pair1_scientific_pilot_20260901/.gitattributes,19,020BEFB2F472CC9304277628DA283A958D083C03C0A1C136729A8FC4048E1D0D
repository,research/icsec2026/extension/evidence/f411_pair1_scientific_pilot_20260901/PREACQUISITION_SHA256SUMS.csv,2899,0123BCDA3590BF6151A12DF6A0BD1A71FC80F383EB838D44BD38D6B89EBC217D
repository,research/icsec2026/extension/evidence/f411_pair1_scientific_pilot_20260901/SCIENTIFIC_PILOT_SHA256SUMS.csv,5140,B8B2DB1679A21747B80DB9209E7249C755C30CF8C62464E425906951E24295D1
repository,research/icsec2026/extension/evidence/f411_pair1_scientific_pilot_20260901/acquisition_source_state.json,416,3B2F88E5093DD4EC3CAE80630308A213D2C7E5B4D6069D67976FFA3187CA7065
repository,research/icsec2026/extension/evidence/f411_pair1_scientific_pilot_20260901/attempt_ledger.json,650,BB10D00F729DD2A159D9808A469E0794A6681152FFC6F439C2AA679F14B20EB1
repository,research/icsec2026/extension/evidence/f411_pair1_scientific_pilot_20260901/build_controller.log,12129,0038A963103EB55FED4E2287985812FC93CFF61B3CE0D2EF2C6F6D901732DB98
repository,research/icsec2026/extension/evidence/f411_pair1_scientific_pilot_20260901/build_controller_clean.log,650,EDEF0DAB497B898A03C17ECFC425ADBA4D8E02056F5F5D9931DE7B66C310EEE2
repository,research/icsec2026/extension/evidence/f411_pair1_scientific_pilot_20260901/build_payload.log,9855,D8BD58A916C5A3F58720C62F289CEB4596AD63E0B3720D680D725EEDB9DF6785
repository,research/icsec2026/extension/evidence/f411_pair1_scientific_pilot_20260901/build_payload_clean.log,595,8519D90C767D0CCED4DEADB5EB945223FA2A596182ED880482AFEFB8255CED6F
repository,research/icsec2026/extension/evidence/f411_pair1_scientific_pilot_20260901/build_test_validation.json,1388,7A33D1E856348C99BD21466E8DE743AEF0CD0E11078521F5582D1E57516B9FE5
repository,research/icsec2026/extension/evidence/f411_pair1_scientific_pilot_20260901/commands.txt,1639,33FD1FEF15D324023CB726D43363F77E8513AD15B8198DEEB52F171E87F64B1E
repository,research/icsec2026/extension/evidence/f411_pair1_scientific_pilot_20260901/controller_elf_header.txt,993,CBA9B046BE613EDBA13D7C4D4DDC7C6F297F8A7E7B282783B0799FE5604C97C6
repository,research/icsec2026/extension/evidence/f411_pair1_scientific_pilot_20260901/controller_sections_map.txt,1974,9311775FFF27228F715CEAD4542FB7EA1F54C2DB42BFE85708DB9199A24FDABF
repository,research/icsec2026/extension/evidence/f411_pair1_scientific_pilot_20260901/controller_symbol_map.txt,16691,6989139C6BC770FBE0F60B5454FA4A3B53069F4B3BF1D6DE407B8DF740B4A02C
repository,research/icsec2026/extension/evidence/f411_pair1_scientific_pilot_20260901/development_test_history.json,620,221B901D51DC9D669F6E1412A96A0905898D5D00C3D4BED8D50625F8BD8CB550
repository,research/icsec2026/extension/evidence/f411_pair1_scientific_pilot_20260901/deviations_and_boundary_artifacts.json,1734,2171267ECCF1F659EB8179CD52B1F46E4CA2EBA490BA1E766F1CED10C0C09A6B
repository,research/icsec2026/extension/evidence/f411_pair1_scientific_pilot_20260901/final_attempt_ledger.json,947,300156BE801BC98C709A1E1E8D0A723FAB14F2351E984F5C8DFF395B1CF4EFB7
repository,research/icsec2026/extension/evidence/f411_pair1_scientific_pilot_20260901/final_disposition.json,1063,74987832D53729C8CBE1E5D0C6249A2FE25E8D03B45178B3B12C53736CACA7B5
repository,research/icsec2026/extension/evidence/f411_pair1_scientific_pilot_20260901/final_validation.json,1611,825D6E6EE5663CC1D6DA9523713BBFC3323EC35E63B734C53839C25301083EA0
repository,research/icsec2026/extension/evidence/f411_pair1_scientific_pilot_20260901/firmware/f411_p1_fixed_controller.bin,19832,8686113C4A83E1600EBE66FB3B3F8795853011B4B0E69D91F9E68EBB3FD8FE68
repository,research/icsec2026/extension/evidence/f411_pair1_scientific_pilot_20260901/firmware/f411_p1_fixed_controller.elf,158152,9AA52D103E977A8B18968A0B7F3D69E74361AC5E5FFDFA6B3CBC49A3AD722D78
repository,research/icsec2026/extension/evidence/f411_pair1_scientific_pilot_20260901/firmware/f411_p1_payload.bin,8152,52F145488CAD9D3A9711F77DF1DFB9F76DFEAE6660FE9E1FBD5560AA738BFBBB
repository,research/icsec2026/extension/evidence/f411_pair1_scientific_pilot_20260901/firmware/f411_p1_payload.elf,143396,0BC0EAAA7830B001CD31F1805C1002275E62FAF8DE6BC8C1AF44ABF5A2005493
repository,research/icsec2026/extension/evidence/f411_pair1_scientific_pilot_20260901/hardware_enumeration.json,634,FB6EC8ECA74B2C4602428CFF6D5F10282BB37678C2152559F2D9CB8C438AB755
repository,research/icsec2026/extension/evidence/f411_pair1_scientific_pilot_20260901/human_wiring_confirmation.json,1028,1A2EE60F3335AAB49AA80573C11472CDA5390FC00D2E2B74F69BCFB1532D0FDC
repository,research/icsec2026/extension/evidence/f411_pair1_scientific_pilot_20260901/independent_raw_validation.json,965,40F51D64A7151A65DFFCA489C2433EBAB539A3AC7E0C678C08AB286AC22B72EA
repository,research/icsec2026/extension/evidence/f411_pair1_scientific_pilot_20260901/inventory_file_hash_validation.json,981,58FFBFCAA50C8EB35C339DF1AF44F1592195B0892D1BFAE10021A848F5A27358
repository,research/icsec2026/extension/evidence/f411_pair1_scientific_pilot_20260901/locked_manifest.json,2143,59CA18BCBEB2357393B22CFA489DDB80B34024F7CF947FBE0A9639500C91C839
repository,research/icsec2026/extension/evidence/f411_pair1_scientific_pilot_20260901/payload_elf_header.txt,993,1E364E6DAC756ECDFC6FD9A6064CFA850726DF990B81395FCEE7E2F0E7BECF78
repository,research/icsec2026/extension/evidence/f411_pair1_scientific_pilot_20260901/payload_sections_map.txt,1739,CD54F7B8EBDA6E4F90F5F931DA51CC0EABD3E351AAA66C6D308CCBEE45EBEB26
repository,research/icsec2026/extension/evidence/f411_pair1_scientific_pilot_20260901/payload_symbol_map.txt,7909,83AA747FE38EE8113A68ED1A081356E6307B6AC29D46557D5696C4BCD4952F8C
repository,research/icsec2026/extension/evidence/f411_pair1_scientific_pilot_20260901/pilot_validation.json,4426,A2DFCF4533AE93A6D034587EEC6A09DB3C0C3D972DBC7627C2CAB8BC69A898B2
repository,research/icsec2026/extension/evidence/f411_pair1_scientific_pilot_20260901/port_close_status.json,126,34781EC2BF848F90DCB623C8CBA372BB426A4C60CF053726C99DAB54BD818116
repository,research/icsec2026/extension/evidence/f411_pair1_scientific_pilot_20260901/preacquisition_validation.json,677,F9A3E337D8DD52B5E7FC5BE0DDF373B0109EAE4D11CFBB1E37B85EBB27C3AFA0
repository,research/icsec2026/extension/evidence/f411_pair1_scientific_pilot_20260901/precondition_boundary_correction.json,1291,D2147E6ACB9CCD8BF9C7E514DD5E94F51153DCF82DBA106D134F08BC4982987E
repository,research/icsec2026/extension/evidence/f411_pair1_scientific_pilot_20260901/precondition_validation.json,8786,3357641D56B8FB6E389680FB9EA612CEECB3A846F9E07C8DBFBA88A76F185D07
repository,research/icsec2026/extension/evidence/f411_pair1_scientific_pilot_20260901/process_and_final_state.json,583,DEEDE015DE4B295296BC16D5CD413C83200B5891A70DD1531899830F85C7DD04
repository,research/icsec2026/extension/evidence/f411_pair1_scientific_pilot_20260901/protocol_condition.json,664,B795514E5DB77E5B7AA9629C323CB5B49E5FEB3FC6D05425C9AA4B71C54DB7C7
repository,research/icsec2026/extension/evidence/f411_pair1_scientific_pilot_20260901/raw/F411_P1_SCI_PILOT_001_D110/controller.log,32955,5FF6E11E35F7310664EC42C42F68A88A4E1A604E66F8603DBE312F1BA91D4177
repository,research/icsec2026/extension/evidence/f411_pair1_scientific_pilot_20260901/raw/F411_P1_SCI_PILOT_001_D110/controller_readable.txt,15695,909499FF8BEB3E12057698A5F1FB519E4F1E0C17F6EB2B4077643822813556AD
repository,research/icsec2026/extension/evidence/f411_pair1_scientific_pilot_20260901/raw/F411_P1_SCI_PILOT_001_D110/flash_controller.log,1335,454429A3D9FF08DD36DBEFA4F16AB356DCAA84151A9B841E90BE0BE821E8B4CC
repository,research/icsec2026/extension/evidence/f411_pair1_scientific_pilot_20260901/raw/F411_P1_SCI_PILOT_001_D110/flash_payload.log,1335,A5F5798EB99CEE4C836D6AA55257CAB30D6538B08DB80BE41DA8F52A3D22C0A6
repository,research/icsec2026/extension/evidence/f411_pair1_scientific_pilot_20260901/raw/F411_P1_SCI_PILOT_001_D110/payload.log,831,41DE337260C27D7E44C29FFA6076D06BDBFF38E163852CB75B40C522E135971C
repository,research/icsec2026/extension/evidence/f411_pair1_scientific_pilot_20260901/raw/F411_P1_SCI_PILOT_001_D110/payload_readable.txt,425,AC85F1817FAEF12068DE7603BADC6695C3710A032F8F2A29D1D617E27BFD6F30
repository,research/icsec2026/extension/evidence/f411_pair1_scientific_pilot_20260901/semantic_source_validation.json,759,D28D75372500D56AE11C4B8458BEC2F22CCDA46C4CC856E8FE94C8F8DB915E49
repository,research/icsec2026/extension/evidence/f411_pair1_scientific_pilot_20260901/test_core_native.log,4935,24391AB4D8CC657A339C016FAEFB457EEA88B4C7A881D5B50B56F9702DED7D38
repository,research/icsec2026/extension/evidence/f411_pair1_scientific_pilot_20260901/test_extension_host.log,112,34A05961F194E7ABCAEB97AED39F1AA343028F974BBE2B04BE6F687D8407995E
repository,research/icsec2026/extension/evidence/f411_pair1_scientific_pilot_20260901/test_payload_native.log,1002,1176C3FB6330D8175CDE1A11C67C4ABFA86E0DF62AA1E17665E038DC8D1138BF
repository,research/icsec2026/extension/evidence/f411_pair1_scientific_pilot_20260901/test_scientific_harness.log,106,8EE4669655AAED29BBC70E28A8EF25F73D1EBE2B002448E637699B5A2CBCAA41
repository,research/icsec2026/extension/evidence/f411_pair2_campaign_20260901_seed20260901_b3/.gitattributes,8,705FD4D6451A31D36B3DF7DE96F83F30AC976C9B4A6D1E51671D8E2F33E2D0DA
repository,research/icsec2026/extension/evidence/f411_pair2_campaign_20260901_seed20260901_b3/F411_PAIR2_CAMPAIGN_SHA256SUMS.csv,9214,481F56C98647D037CFAA5698BDEF61C0D918D42954A646E36C7479EA8203588E
repository,research/icsec2026/extension/evidence/f411_pair2_campaign_20260901_seed20260901_b3/PREACQUISITION_SHA256SUMS.csv,2300,DE4894ED6056B23E1A7E9A191931B754F3098D9D1B82DFD8456D7650B4A1E9BA
repository,research/icsec2026/extension/evidence/f411_pair2_campaign_20260901_seed20260901_b3/acquisition_protocol.json,738,278767A5F74B397D45E701271A6FF65DF54F2377716CCD5BA32449A184A99D04
repository,research/icsec2026/extension/evidence/f411_pair2_campaign_20260901_seed20260901_b3/acquisition_source_state.json,701,9C5C438A47EC3BEF59E266200C070F039AA115B6F73294E7D24D483082ACCC3C
repository,research/icsec2026/extension/evidence/f411_pair2_campaign_20260901_seed20260901_b3/attempt_ledger.json,4479,E01CCEAA06304AFEA882CEE066387AD6FFFDF0B25137DA69EE9A4C12A91D2785
repository,research/icsec2026/extension/evidence/f411_pair2_campaign_20260901_seed20260901_b3/backup_plan.json,445,A78C0A411A627954E7AEA5FCA8172015283218E545F975841FB9FD742B98E82B
repository,research/icsec2026/extension/evidence/f411_pair2_campaign_20260901_seed20260901_b3/build_test_validation.json,1209,13B09BF78A366BB3C88BBAEF48906145E59D357F69235991D952E7000E052533
repository,research/icsec2026/extension/evidence/f411_pair2_campaign_20260901_seed20260901_b3/campaign_validation.json,123711,D9398874997DD658494C2C1F7E1D8A3289E8EEB67B4EAB2E23E3E99C83AE8090
repository,research/icsec2026/extension/evidence/f411_pair2_campaign_20260901_seed20260901_b3/commands.txt,1535,22AC361FE7D9E3C312E0485ACE66351BF4BFB39CCCC776BC1A956F68006B598A
repository,research/icsec2026/extension/evidence/f411_pair2_campaign_20260901_seed20260901_b3/condition_definitions.json,361,DA9160BC45519023721F2A84CA7C2284321CC082CE51EA04DB08E59D57AF25C9
repository,research/icsec2026/extension/evidence/f411_pair2_campaign_20260901_seed20260901_b3/configuration_only_equivalence.json,1926,8486A2D69EDB9A669EFF33A7CC9A37D72146D7275157614D051F4B09ED51F503
repository,research/icsec2026/extension/evidence/f411_pair2_campaign_20260901_seed20260901_b3/counter_delta_summary.json,1514,01B974C719C7DEB4123C41733495F8EE5D60659C4EDE4B15BC4F64F697D3FFB6
repository,research/icsec2026/extension/evidence/f411_pair2_campaign_20260901_seed20260901_b3/descriptive_condition_summary.json,2429,7724BA50B6341E5676C0736C19F41B7A07B0E80AA8D71A45DF765546A854D9C4
repository,research/icsec2026/extension/evidence/f411_pair2_campaign_20260901_seed20260901_b3/execution_record.json,677,672D1885052FCDB4044EE4B9067913D00BC2B4B145AC7A30F4CC9F689C511967
repository,research/icsec2026/extension/evidence/f411_pair2_campaign_20260901_seed20260901_b3/final_attempt_ledger.json,4479,E01CCEAA06304AFEA882CEE066387AD6FFFDF0B25137DA69EE9A4C12A91D2785
repository,research/icsec2026/extension/evidence/f411_pair2_campaign_20260901_seed20260901_b3/final_disposition.json,398,6D26DE55D2B2D30E0C780D90053FF6CA93B628BE705D1076173CA6A7A3E6D815
repository,research/icsec2026/extension/evidence/f411_pair2_campaign_20260901_seed20260901_b3/final_validation.json,1040,7C0AEBD26A45B22FCEB9BFE92470EEC48FCDD8D3DA5715D9C8B1AC84CF4831C7
repository,research/icsec2026/extension/evidence/f411_pair2_campaign_20260901_seed20260901_b3/firmware/f411_p2_fixed_controller.bin,19832,8686113C4A83E1600EBE66FB3B3F8795853011B4B0E69D91F9E68EBB3FD8FE68
repository,research/icsec2026/extension/evidence/f411_pair2_campaign_20260901_seed20260901_b3/firmware/f411_p2_fixed_controller.elf,158152,9AA52D103E977A8B18968A0B7F3D69E74361AC5E5FFDFA6B3CBC49A3AD722D78
repository,research/icsec2026/extension/evidence/f411_pair2_campaign_20260901_seed20260901_b3/firmware/f411_p2_payload.bin,8152,52F145488CAD9D3A9711F77DF1DFB9F76DFEAE6660FE9E1FBD5560AA738BFBBB
repository,research/icsec2026/extension/evidence/f411_pair2_campaign_20260901_seed20260901_b3/firmware/f411_p2_payload.elf,143396,0BC0EAAA7830B001CD31F1805C1002275E62FAF8DE6BC8C1AF44ABF5A2005493
repository,research/icsec2026/extension/evidence/f411_pair2_campaign_20260901_seed20260901_b3/hardware_enumeration.json,755,6CA3BB7D21E37848174DC0C9565FD4B666E822997352CA42AD58CCE1798F858C
repository,research/icsec2026/extension/evidence/f411_pair2_campaign_20260901_seed20260901_b3/hardware_gate_status.json,657,6743099AB8808CE15129DB3A72EA5C364F1B480B495AD59004A159D95E8572EB
repository,research/icsec2026/extension/evidence/f411_pair2_campaign_20260901_seed20260901_b3/human_wiring_confirmation.json,935,4D1EFA8052445C2F7DEB0AF16B9C607FC738DAA59EA9752D2B7D2212214DFEEB
repository,research/icsec2026/extension/evidence/f411_pair2_campaign_20260901_seed20260901_b3/independent_validation.json,648,3E95734FCA902947EB5840E65EEC1F4A11DCE2F22BDFC972BFC86CC74F928472
repository,research/icsec2026/extension/evidence/f411_pair2_campaign_20260901_seed20260901_b3/locked_attempt_ledger.json,2991,315A0FEDF1F27639982B158F21B748C3A2338B762763AD6D3B1F3BE22AB3F4FE
repository,research/icsec2026/extension/evidence/f411_pair2_campaign_20260901_seed20260901_b3/locked_manifest.json,3647,55D9C29253C0011ED8C9D2CF14274A9D63A9B15199068B91F77FA7A7BDA093FC
repository,research/icsec2026/extension/evidence/f411_pair2_campaign_20260901_seed20260901_b3/port_close_status.json,126,FB8367B613F378889800CCFCBAB770E21256A0DDDA93621BCBA37875817CE498
repository,research/icsec2026/extension/evidence/f411_pair2_campaign_20260901_seed20260901_b3/postacquisition_crosscheck.json,664,9A3DD612C34CBF7301049AF48B1A486A106EEBED481E06EBB834317A5431E420
repository,research/icsec2026/extension/evidence/f411_pair2_campaign_20260901_seed20260901_b3/preacquisition_inventory_reconciliation.json,852,6046D36F2FEA47726B44CA96650AA3CF4FE23EFDDAA3E2D4C1441F0F7C76D84B
repository,research/icsec2026/extension/evidence/f411_pair2_campaign_20260901_seed20260901_b3/preacquisition_source_state.json,686,E6C05DE3C9415D11722FE2D2DBE0A9350F28E0DAAA7835CF85E3655C7D82552A
repository,research/icsec2026/extension/evidence/f411_pair2_campaign_20260901_seed20260901_b3/preacquisition_validation.json,995,AD72E24EC45F78CE30C65F39674A20F3FCEC4DB05A43312907C97537D9B28540
repository,research/icsec2026/extension/evidence/f411_pair2_campaign_20260901_seed20260901_b3/precheck_validation.json,5426,814647CC15BA174D84335815D62AAB9482A5D6A9BF56362EE495F44330B851B9
repository,research/icsec2026/extension/evidence/f411_pair2_campaign_20260901_seed20260901_b3/prior_inventory_validation.json,1986,C21278AD97DA1FD990294D1086C99B098C3FC8979F79013D748CA7F68ACC9051
repository,research/icsec2026/extension/evidence/f411_pair2_campaign_20260901_seed20260901_b3/process_and_final_state.json,587,0F306E7DA0951118884B0E3EE8B0FACAA96B305498CF6CB328C2A5DB3737A849
repository,research/icsec2026/extension/evidence/f411_pair2_campaign_20260901_seed20260901_b3/raw/master/controller.log,114343,CF4FE0EAC032677381C3180D7B6A4F51073EB731E5C0AC52C020191DACA0B242
repository,research/icsec2026/extension/evidence/f411_pair2_campaign_20260901_seed20260901_b3/raw/master/controller_readable.txt,54319,66C4F216D62998337EC51D2317D1EA57D9179DB6F2767B49277BCF843F6CFBD5
repository,research/icsec2026/extension/evidence/f411_pair2_campaign_20260901_seed20260901_b3/raw/master/flash_controller.log,1335,95E32373140D8A0C1DA1EEA2B3C688D3D6946A7FA438B75593A3479280021224
repository,research/icsec2026/extension/evidence/f411_pair2_campaign_20260901_seed20260901_b3/raw/master/flash_payload.log,1335,208005A4176AE5BAC043D3CAC734BA08DB28C121B4A522B135BBB38046C3C66F
repository,research/icsec2026/extension/evidence/f411_pair2_campaign_20260901_seed20260901_b3/raw/master/payload.log,4338,632A9D31AF48ACC254697C87AF28399F7B422217F6AE60CE0510EBAED2CD6F66
repository,research/icsec2026/extension/evidence/f411_pair2_campaign_20260901_seed20260901_b3/raw/master/payload_readable.txt,2334,11BA9E6E13AE112D273892454867875119F8187E39A7805E3D29D67F4C4D92DB
repository,research/icsec2026/extension/evidence/f411_pair2_campaign_20260901_seed20260901_b3/raw/rows/F411P2_C01_B1_NC/controller_readable.txt,3195,8FD29B7A66A4FC2E16E70A45B83F8E50FE1008254459C097181AB3F6687C0CD7
repository,research/icsec2026/extension/evidence/f411_pair2_campaign_20260901_seed20260901_b3/raw/rows/F411P2_C01_B1_NC/payload_readable.txt,110,4236A3F9BF07EC42B47B87AE75E548E25368F8AEE4DD50D8445812FE88E39849
repository,research/icsec2026/extension/evidence/f411_pair2_campaign_20260901_seed20260901_b3/raw/rows/F411P2_C01_B1_NC/validation.json,9049,449947012CCD890C9C7D61BFD01122F3F60310B46376D5F5947A5D514A935F29
repository,research/icsec2026/extension/evidence/f411_pair2_campaign_20260901_seed20260901_b3/raw/rows/F411P2_C02_B1_D110/controller_readable.txt,3212,82CC7EB7B8D8A68787671EE059EB93923DBC965AF1B4CC7B6A440FD9156F9341
repository,research/icsec2026/extension/evidence/f411_pair2_campaign_20260901_seed20260901_b3/raw/rows/F411P2_C02_B1_D110/payload_readable.txt,179,B8AFB3A5701FED2D1F06CD5A09ED1ECA2113F13395CBE65A7F8035F24A45F844
repository,research/icsec2026/extension/evidence/f411_pair2_campaign_20260901_seed20260901_b3/raw/rows/F411P2_C02_B1_D110/validation.json,8602,06031E1B4C35F8B90E1C22308E74979DCA2B94763A10C90CBF6BFDCDA39A14EA
repository,research/icsec2026/extension/evidence/f411_pair2_campaign_20260901_seed20260901_b3/raw/rows/F411P2_C03_B1_D090/controller_readable.txt,3408,D46CC9CADA17600A4DF91F90997032B39BC061E62595EB89C02868A031C8BC91
repository,research/icsec2026/extension/evidence/f411_pair2_campaign_20260901_seed20260901_b3/raw/rows/F411P2_C03_B1_D090/payload_readable.txt,178,F7DDE4D50FF215A1417AD2A3DF44DD11FEB3C9F21FB75FAE6CC1E49CCC139DB0
repository,research/icsec2026/extension/evidence/f411_pair2_campaign_20260901_seed20260901_b3/raw/rows/F411P2_C03_B1_D090/validation.json,9058,6B38287B94079CE048E880286B7599EB8CE4D2EC8FB599686776564FFE0FDF78
repository,research/icsec2026/extension/evidence/f411_pair2_campaign_20260901_seed20260901_b3/raw/rows/F411P2_C04_B1_D100/controller_readable.txt,3216,B2B85ABDC5357394F1FA1DC37B9359915E795CB1A990EE5D88E7B39BDD58F922
repository,research/icsec2026/extension/evidence/f411_pair2_campaign_20260901_seed20260901_b3/raw/rows/F411P2_C04_B1_D100/payload_readable.txt,179,F1D158B71AAC6DF53537091E5B2326ECF3DAA2F8A19408ED6E7AD3D6E32C2BD3
repository,research/icsec2026/extension/evidence/f411_pair2_campaign_20260901_seed20260901_b3/raw/rows/F411P2_C04_B1_D100/validation.json,8443,8530DFFFF1505AC7F12638CF7D208548FD0E53A1FCB7E3332F795882D9FC7C53
repository,research/icsec2026/extension/evidence/f411_pair2_campaign_20260901_seed20260901_b3/raw/rows/F411P2_C05_B2_D090/controller_readable.txt,3345,2E5B5677966FB0EAB98BD66FBA356CA0E1062FC2ECB8A7FF8541C449CF1BE7CB
repository,research/icsec2026/extension/evidence/f411_pair2_campaign_20260901_seed20260901_b3/raw/rows/F411P2_C05_B2_D090/payload_readable.txt,178,1EE17CE63AE0979AE699544AD7D9244DAE0348D49739E6F1721A0C996CB8103A
repository,research/icsec2026/extension/evidence/f411_pair2_campaign_20260901_seed20260901_b3/raw/rows/F411P2_C05_B2_D090/validation.json,9394,FACC6F0E37CB7810E68BC06ED39EEC0149133CFB71D50D0D039218985E5649DF
repository,research/icsec2026/extension/evidence/f411_pair2_campaign_20260901_seed20260901_b3/raw/rows/F411P2_C06_B2_NC/controller_readable.txt,3416,43D4A43330437AFE306D391889D080EEEE6489F5643610BA26C3367690B465E9
repository,research/icsec2026/extension/evidence/f411_pair2_campaign_20260901_seed20260901_b3/raw/rows/F411P2_C06_B2_NC/payload_readable.txt,110,0C3FAB49C19C90C33A88AA59CF40EC797CE5B932CE168E1BFB86395BB9B845D7
repository,research/icsec2026/extension/evidence/f411_pair2_campaign_20260901_seed20260901_b3/raw/rows/F411P2_C06_B2_NC/validation.json,9397,330A200220469F0486B44593BC7E420A07EE3CEB8E7A1313EA68269513315537
repository,research/icsec2026/extension/evidence/f411_pair2_campaign_20260901_seed20260901_b3/raw/rows/F411P2_C07_B2_D100/controller_readable.txt,3220,79C126D8BE75B951D66BD94509780BD07D8369B963FF0AC30F41B4D7F8BFC6B9
repository,research/icsec2026/extension/evidence/f411_pair2_campaign_20260901_seed20260901_b3/raw/rows/F411P2_C07_B2_D100/payload_readable.txt,179,E615801077782AEB259DBFF27779D6728D75BB0EC17D6950923EC8EBD9C5085D
repository,research/icsec2026/extension/evidence/f411_pair2_campaign_20260901_seed20260901_b3/raw/rows/F411P2_C07_B2_D100/validation.json,8616,A113727DBD3DD80ECA34C18FE0D5B8813E9D8C8EACF6D0A90F3544F2013BEEDA
repository,research/icsec2026/extension/evidence/f411_pair2_campaign_20260901_seed20260901_b3/raw/rows/F411P2_C08_B2_D110/controller_readable.txt,3149,D596E7F95E4C435BA8755E92B58FF18487236BAFF19BE8E90975623A7AC1CDC5
repository,research/icsec2026/extension/evidence/f411_pair2_campaign_20260901_seed20260901_b3/raw/rows/F411P2_C08_B2_D110/payload_readable.txt,179,08D3BDE020E075D5088F2831E3AEA955C7B07913A9D30FB72853EA10AE48A31A
repository,research/icsec2026/extension/evidence/f411_pair2_campaign_20260901_seed20260901_b3/raw/rows/F411P2_C08_B2_D110/validation.json,8450,A326DAD14CD3D7D48F3D287150F1379460A1F03B001DB3D448A4B70DA96BD4B5
repository,research/icsec2026/extension/evidence/f411_pair2_campaign_20260901_seed20260901_b3/raw/rows/F411P2_C09_B3_D100/controller_readable.txt,3220,1F1CA4CBFAD538CF0E60BBC5ACAC9DC95FFA6C33221663987CCFA6E61F198335
repository,research/icsec2026/extension/evidence/f411_pair2_campaign_20260901_seed20260901_b3/raw/rows/F411P2_C09_B3_D100/payload_readable.txt,179,E931833BF6264794924F20A3F7CCAE704EA088DD7E46394900463773E2F7D9F9
repository,research/icsec2026/extension/evidence/f411_pair2_campaign_20260901_seed20260901_b3/raw/rows/F411P2_C09_B3_D100/validation.json,8447,34CCC7A162A5BE9C7170A3AFDBFB7CDC2EC4FA48EF5D9CBCA1A481B0FEB40870
repository,research/icsec2026/extension/evidence/f411_pair2_campaign_20260901_seed20260901_b3/raw/rows/F411P2_C10_B3_D110/controller_readable.txt,3220,C071C133A06BC10E28B42131307333D14BE496E48ED2C38CE58DB7FEA83ED46F
repository,research/icsec2026/extension/evidence/f411_pair2_campaign_20260901_seed20260901_b3/raw/rows/F411P2_C10_B3_D110/payload_readable.txt,179,A6140596EEA46D6ED183402882E42E11FFCA474B087C59F77609D39113112111
repository,research/icsec2026/extension/evidence/f411_pair2_campaign_20260901_seed20260901_b3/raw/rows/F411P2_C10_B3_D110/validation.json,8614,AEA43FE9FB88BB098F6CED15C06C101C22CCF8515BC058E0B5EFA2896F092045
repository,research/icsec2026/extension/evidence/f411_pair2_campaign_20260901_seed20260901_b3/raw/rows/F411P2_C11_B3_NC/controller_readable.txt,3416,0065AC22DC3DDF87246435C3D978B3395D160AD92C6602F9228E7E7C3F3723C0
repository,research/icsec2026/extension/evidence/f411_pair2_campaign_20260901_seed20260901_b3/raw/rows/F411P2_C11_B3_NC/payload_readable.txt,110,46099FA1180288BB45DB0AB25AD2918C0F4CA6F335127D5CCA4109E285880A67
repository,research/icsec2026/extension/evidence/f411_pair2_campaign_20260901_seed20260901_b3/raw/rows/F411P2_C11_B3_NC/validation.json,9403,21AF71236BD37FAA44B3B79BD2A58E973F120FE406FDA58AF7874DAA6000A738
repository,research/icsec2026/extension/evidence/f411_pair2_campaign_20260901_seed20260901_b3/raw/rows/F411P2_C12_B3_D090/controller_readable.txt,3416,AECBDFACC22CAFEBFD8EDDFD070C02F037C649D4A890EAE95F33F86D69503060
repository,research/icsec2026/extension/evidence/f411_pair2_campaign_20260901_seed20260901_b3/raw/rows/F411P2_C12_B3_D090/payload_readable.txt,178,C87CE5D37EDB8017FF34D725777E2368F4B1B6F92D35390BC32F5327176E3B26
repository,research/icsec2026/extension/evidence/f411_pair2_campaign_20260901_seed20260901_b3/raw/rows/F411P2_C12_B3_D090/validation.json,9396,65961EAFB2045F9184AC06B0A0A9BCE5592519A5A7A4003802710515D77C95A9
repository,research/icsec2026/extension/evidence/f411_pair2_campaign_20260901_seed20260901_b3/row_boundary_ledger.jsonl,8164,F84829FBC22C9FF9730FD10DFBDF2E8952583097D87A174FE48B251595C05541
repository,research/icsec2026/extension/evidence/f411_pair2_campaign_20260901_seed20260901_b3/run_plan.csv,399,7C8A60145CDAFB04BC6F1553B42D401FC35532B64B587D90D62942D4947E103F
repository,research/icsec2026/extension/evidence/f411_pair2_campaign_20260901_seed20260901_b3/unexpected_and_boundary_artifacts.json,1887,0766F27D85ABD33992867AF9A698457ADF7B3363F5B542488C9F0347DB3F21D3
repository,research/icsec2026/extension/evidence/f411_pair2_campaign_20260901_seed20260901_b3/validity_rules.json,521,2BED85AB810D3FC8278FE130D67DA26C3F726A9301D42696018F8DBA3D730E0C
repository,research/icsec2026/extension/evidence/primary_20260830_seed20260830_b5/EXTENSION_SHA256SUMS.csv,15388,8B4CB2AB87CD317905AA4A219B81E99E2E459DC3EEF386D14286297476177C0B
repository,research/icsec2026/extension/evidence/primary_20260830_seed20260830_b5/FINAL_MANIFEST.json,3151,D8424545495CCF2EBA2BF87BE5B68CDA79D3AA41239217140F54D20BD0DCE91E
repository,research/icsec2026/extension/evidence/primary_20260830_seed20260830_b5/PARTIAL_SHA256SUMS.csv,3880,F3DEC9EEED1D7C49942AA52A3722F7D571FBFAA0D98BEAC48F13B24C4BDF5C0C
repository,research/icsec2026/extension/evidence/primary_20260830_seed20260830_b5/amended_execution_plan.csv,1494,3556D9902DD28DCA8FB86D504AFD5FF3A6C49CC01C49AB6B4FF476E92AFCF0CF
repository,research/icsec2026/extension/evidence/primary_20260830_seed20260830_b5/backup_record.json,233,3E633E91941F0604C1211E0D1CDA0EB9C1130340FFBC5085DA7610DF58E1DF88
repository,research/icsec2026/extension/evidence/primary_20260830_seed20260830_b5/bad_crc_results.json,7957,F6332F913FFA91432032AA1E5582AE78378F8880FC22D11B921C5B793ADC4E90
repository,research/icsec2026/extension/evidence/primary_20260830_seed20260830_b5/campaign_results.json,6861,99D2EC264CC60D28155A73168CEF208FE7AF857D20EF7C689F7D7442E86BF8DD
repository,research/icsec2026/extension/evidence/primary_20260830_seed20260830_b5/configuration.json,250,75162001649DA1E164ECDEE7E539108E02DB2F2EFE74FE7A414B5D53F36353F2
repository,research/icsec2026/extension/evidence/primary_20260830_seed20260830_b5/continuation_manifest.json,1501,1ED0C19F8A7FF0A336F8D03F94E1D14D7654F4AC40487AC806CC6130948EC23B
repository,research/icsec2026/extension/evidence/primary_20260830_seed20260830_b5/continuation_results.json,98670,9CA3337917A910E73C3DD4263E61C6D7E7338DFD4CA409A7CC7A954C309324C3
repository,research/icsec2026/extension/evidence/primary_20260830_seed20260830_b5/descriptive_summary.json,11906,C8B14F8FC9A05BF727CC1666D3115282EFD1CFD89AF9D32BE066C25D9A554551
repository,research/icsec2026/extension/evidence/primary_20260830_seed20260830_b5/extension_source_state.json,1015,A1B3FF2486C1E7C08E768D8437D2A5C10B25866D6775BECE3059C41CE53B265F
repository,research/icsec2026/extension/evidence/primary_20260830_seed20260830_b5/final_results_ledger.csv,4650,FAD4DBAE0323F358A5C893377904CD2F88F9E9F2CA18FDED48DD594A8E966E46
repository,research/icsec2026/extension/evidence/primary_20260830_seed20260830_b5/final_validation.json,1701,1AE639C16552707CF0D56DAFE8E690F8242C304007F08C0C7E1EC16E0AE17601
repository,research/icsec2026/extension/evidence/primary_20260830_seed20260830_b5/firmware/g431_extension_application.bin,20256,6515796C07D37C19E21B0104B477EA4C6451B66A995EBEF6510725764441E727
repository,research/icsec2026/extension/evidence/primary_20260830_seed20260830_b5/firmware/g431_extension_bootloader.bin,4032,FE591BF7292AD0D40F8FEE4AF5779118AE0D0083FF362F5BE9CCB156ADFE619E
repository,research/icsec2026/extension/evidence/primary_20260830_seed20260830_b5/firmware/g474_extension_firmware.bin,8944,5581492429080BD58177A37733981ABA12DA6074BA40EAC0157B86E027B479E7
repository,research/icsec2026/extension/evidence/primary_20260830_seed20260830_b5/manifest.json,5059,F6F48D46994E3DDE8386ECC2C508AA7553BF4A0503EC7D99F0FB0052388E3332
repository,research/icsec2026/extension/evidence/primary_20260830_seed20260830_b5/nominal_validation_002.json,31245,3119D5994378E00C7ACE945B0FCB96CBA28C5855CDFEA445CD26570FD52A74FD
repository,research/icsec2026/extension/evidence/primary_20260830_seed20260830_b5/payload_recovery_validation.json,2553,4D1CE606EC6D2D21AD71DEEF57D4EB605C18682CFF4DD678E82D100586D14A5C
repository,research/icsec2026/extension/evidence/primary_20260830_seed20260830_b5/plan_amendment.json,2395,5B582DEAEC41AA88F0645EE78E0E305A2DED9ED6F22AC833A8CDDBB2DA1305AD
repository,research/icsec2026/extension/evidence/primary_20260830_seed20260830_b5/preflight_validation.json,1752,210ABA61561C0097D516AC9E8EF4A89719B159FF03311A1CC5B1BB1D3682EE63
repository,research/icsec2026/extension/evidence/primary_20260830_seed20260830_b5/preflight_validation_post_nominal_serial_reopen.json,1772,18BD858A56363B26CA6F3A65FD5CF56AD28A6BDAAB31A3215621D83416C06DDD
repository,research/icsec2026/extension/evidence/primary_20260830_seed20260830_b5/raw/bad_crc/SHORT/g431.log,7888,00F2130F3A784189D4A7718F46221B537C413FD20D81712F862DCE50361F4AF8
repository,research/icsec2026/extension/evidence/primary_20260830_seed20260830_b5/raw/bad_crc/SHORT/g474.log,427,A2B9EBD61D16B2324864D9824DF08F8F51C85B5EBF1660AEC7790FE3F5BDAE1F
repository,research/icsec2026/extension/evidence/primary_20260830_seed20260830_b5/raw/bad_crc/SUSTAINED/g431.log,8229,F64E5F72B4E89F626F7FCC6B90885FF789B8B712498FDB34B2DC9EC5C37EDD68
repository,research/icsec2026/extension/evidence/primary_20260830_seed20260830_b5/raw/bad_crc/SUSTAINED/g474.log,427,9C4D37F649FFC20AA8A4C7B9FCC682CCB482AE0BB772267E2C026F3FE15BC5F4
repository,research/icsec2026/extension/evidence/primary_20260830_seed20260830_b5/raw/campaign/R001_B1_D110/g431.log,6949,08185CD8D0C2782E00F2D899B27AA846CE066BA5BBA0080193914062E72A9CB1
repository,research/icsec2026/extension/evidence/primary_20260830_seed20260830_b5/raw/campaign/R001_B1_D110/g474.log,466,0BD7E3756A94726BE27858F91F98FE7CA412814F32B7CF4B0CD50D7FC8F96324
repository,research/icsec2026/extension/evidence/primary_20260830_seed20260830_b5/raw/campaign/R002_B1_D500/g431.log,5047,08022AE828B5AF1715BF9991FBCF8DF2B9D399263B90B64F131F2720D732EDF3
repository,research/icsec2026/extension/evidence/primary_20260830_seed20260830_b5/raw/campaign/R002_B1_D500/g474.log,254,3062DA9486CE630E4821D075464766DFDFE863576288C3C4469F7F6A1F7E130D
repository,research/icsec2026/extension/evidence/primary_20260830_seed20260830_b5/raw/campaign/R003_B1_D150/g431.log,7317,FFF599F39A432FA59CBD301129140E7941DECA96197740363BB27B0246640820
repository,research/icsec2026/extension/evidence/primary_20260830_seed20260830_b5/raw/campaign/R003_B1_D150/g474.log,466,872BB2B3FDD3D89003E8611CBC079EADD77CE29C526C00F24D64B0E63FB75DA0
repository,research/icsec2026/extension/evidence/primary_20260830_seed20260830_b5/raw/campaign/R004_B1_NC/g431.log,7879,DE8EEF7DF7C80E4E2BAB82245847D8A86779BBAE8507B8EA2B5D2142DBE45EF8
repository,research/icsec2026/extension/evidence/primary_20260830_seed20260830_b5/raw/campaign/R004_B1_NC/g474.log,424,1C06A73E24DE08443B7E65103F01FA7DBA1830ED11B72066CE9DF0D1A92F95F4
repository,research/icsec2026/extension/evidence/primary_20260830_seed20260830_b5/raw/campaign/R005_B1_D050/g431.log,7879,CBEB932465124A2DB4C23F8A65E9584757F8F6045F4DB2D2E8E6B43F744E5EA1
repository,research/icsec2026/extension/evidence/primary_20260830_seed20260830_b5/raw/campaign/R005_B1_D050/g474.log,463,202C2A6AB125AE698CA1871B8ACC5A07843BAAF91CB655B4882E1B7EA726873E
repository,research/icsec2026/extension/evidence/primary_20260830_seed20260830_b5/raw/campaign/R006_B1_D090/g431.log,7879,F8745341B480B453C51FA268034C308DDF9A90FDD8BB7A59984CE50A2C117778
repository,research/icsec2026/extension/evidence/primary_20260830_seed20260830_b5/raw/campaign/R006_B1_D090/g474.log,463,FC039AEA4747035397A863FE58C76E98D09D1A1190EBD44448631621A5C83E82
repository,research/icsec2026/extension/evidence/primary_20260830_seed20260830_b5/raw/campaign/R007_B1_D250/g431.log,7444,E894A68624A2B05CBFEF031B8512F3070E3B64EFBC2773B5A7884F41A705EA06
repository,research/icsec2026/extension/evidence/primary_20260830_seed20260830_b5/raw/campaign/R007_B1_D250/g474.log,466,1C32F3CCE8D18770EAE2B878616E37E6B8C06D7D7488C968C26E56FB248B0366
repository,research/icsec2026/extension/evidence/primary_20260830_seed20260830_b5/raw/campaign/R008_B1_D100/g431.log,7444,7061C49E0054892070731B4C1307363A9F47EC04CF1233C1D6BB875838814DC3
repository,research/icsec2026/extension/evidence/primary_20260830_seed20260830_b5/raw/campaign/R008_B1_D100/g474.log,466,319D47DADF877CF6E63BF99671CB23773DE3923E6DCACE29AAD8F0884FF97297
repository,research/icsec2026/extension/evidence/primary_20260830_seed20260830_b5/raw/campaign/R009_B1_NC/g431.log,7879,06D3FDEACE7D44D711921E3A8F4DFC60D7F2B1B5E3DC01C18DB6318D79257B59
repository,research/icsec2026/extension/evidence/primary_20260830_seed20260830_b5/raw/campaign/R009_B1_NC/g474.log,424,BDAA1985EC673B5334E190B0EB1665719983E6CE6A0FEB1003FF4192C8E1A3FF
repository,research/icsec2026/extension/evidence/primary_20260830_seed20260830_b5/raw/campaign/R010_B2_D100/g431.log,7444,1B5F2407BB6E5B54DB30A6C7CCE29C2307715FD405D601C1936FFB9B2BA6764E
repository,research/icsec2026/extension/evidence/primary_20260830_seed20260830_b5/raw/campaign/R010_B2_D100/g474.log,466,08813B30A5D8DBFB5E7BA019622E5FA8D9768F9C596DCCB4528E244C407E6ADB
repository,research/icsec2026/extension/evidence/primary_20260830_seed20260830_b5/raw/campaign/R012_B2_D050/g431.log,7879,6BAC5139D50CE75E622BBD5DD0BA2F3BC355398C73DAE077CF18ED5E1565ECC1
repository,research/icsec2026/extension/evidence/primary_20260830_seed20260830_b5/raw/campaign/R012_B2_D050/g474.log,463,E41469BAC078052D1FD59496ED06097F22289FF94050A8C1CDE4A3EEB66795E3
repository,research/icsec2026/extension/evidence/primary_20260830_seed20260830_b5/raw/campaign/R013_B2_NC/g431.log,7879,C9F9D200285D2F45001E9F8D084CBD51D4801A2492ABE5E2B9F667A2C91A1A52
repository,research/icsec2026/extension/evidence/primary_20260830_seed20260830_b5/raw/campaign/R013_B2_NC/g474.log,424,60554CAB999D9775BC39B4AC980A9574772B5F14B18E93CB8DAC6F84758D54FA
repository,research/icsec2026/extension/evidence/primary_20260830_seed20260830_b5/raw/campaign/R014_B2_D090/g431.log,7879,F5FD13276E1A8344D8FE57BA0E90019B302095ADD730DEFBD81C300E75EDFFB9
repository,research/icsec2026/extension/evidence/primary_20260830_seed20260830_b5/raw/campaign/R014_B2_D090/g474.log,463,28FB5421362210F7E222C3ADC8A5FB0A5426EBD09CB0E105580D9013FCAFD4AC
repository,research/icsec2026/extension/evidence/primary_20260830_seed20260830_b5/raw/campaign/R015_B2_D150/g431.log,7444,D1A4500946CD107B9EE0FE18B31ABAE4E81AEBBC23FBB778A89433EBD5F23732
repository,research/icsec2026/extension/evidence/primary_20260830_seed20260830_b5/raw/campaign/R015_B2_D150/g474.log,466,F212D40F05CBA1CD30B042E6B36D4927729EACBBFA67661A2E14E5C3717E888E
repository,research/icsec2026/extension/evidence/primary_20260830_seed20260830_b5/raw/campaign/R016_B2_D110/g431.log,7444,308D847AB0301D4F2131426B1A0CA5D71FAE117E990B2A9F76CE1BD8B27090FB
repository,research/icsec2026/extension/evidence/primary_20260830_seed20260830_b5/raw/campaign/R016_B2_D110/g474.log,466,59BB830C5A6328607D172A1DC0B7148EEE31181C1EB69BE728E3418481DD9103
repository,research/icsec2026/extension/evidence/primary_20260830_seed20260830_b5/raw/campaign/R017_B2_D250/g431.log,7444,FB6961B354D02798CAFD617CDAF3A0DC1F1FF15A15BB8D3F8A6D1047CBBD5241
repository,research/icsec2026/extension/evidence/primary_20260830_seed20260830_b5/raw/campaign/R017_B2_D250/g474.log,466,C8827AFE12D3EE5B2377586689BF37B9FF8F8996927C21CBF6FA27BB54CC9B80
repository,research/icsec2026/extension/evidence/primary_20260830_seed20260830_b5/raw/campaign/R018_B2_NC/g431.log,7879,8C9BABDFEEB18E4DCBBEC18C4E95C3C0567A082557A29D00BE92616F855AFCD9
repository,research/icsec2026/extension/evidence/primary_20260830_seed20260830_b5/raw/campaign/R018_B2_NC/g474.log,424,D08CC1EB99F1061EFCEB5008645FBD192CBD33FA238AA773D163F04D21A46CF5
repository,research/icsec2026/extension/evidence/primary_20260830_seed20260830_b5/raw/campaign/R019_B3_D250/g431.log,7450,738AA7E0117FC2FAD84CFC6A1D1A2B40D7B826B9090A96251B80AD9CE6B74A71
repository,research/icsec2026/extension/evidence/primary_20260830_seed20260830_b5/raw/campaign/R019_B3_D250/g474.log,466,341BC2325DF1AB1EC394584B2BBC2699CAC2CC8EEFEABCDCC37F22FAD13C3CCD
repository,research/icsec2026/extension/evidence/primary_20260830_seed20260830_b5/raw/campaign/R020_B3_D050/g431.log,7891,35E3A6C1610ED15DF2F5E2577F98A7DA940FE621FCF72531113EC33B1FEEE316
repository,research/icsec2026/extension/evidence/primary_20260830_seed20260830_b5/raw/campaign/R020_B3_D050/g474.log,463,BCF83579A376A428A58A074F79A189D7F423745B7B5C5C326110F91F00AD7C56
repository,research/icsec2026/extension/evidence/primary_20260830_seed20260830_b5/raw/campaign/R022_B3_NC/g431.log,7891,F5EBA91018C4D38452CDFFC44B8D128ED90A53180F356B5A93598DEF59F54A41
repository,research/icsec2026/extension/evidence/primary_20260830_seed20260830_b5/raw/campaign/R022_B3_NC/g474.log,424,1C3D5B860207CF681D9ADB1FEB5C27B5A2C1B7CDA35D5427C8DF95210C2E47C2
repository,research/icsec2026/extension/evidence/primary_20260830_seed20260830_b5/raw/campaign/R023_B3_D110/g431.log,7329,C1CDEF901A12023514E22408DE370F0C120AC41F12D2079B405BFCCC9A047EC6
repository,research/icsec2026/extension/evidence/primary_20260830_seed20260830_b5/raw/campaign/R023_B3_D110/g474.log,466,98EF0F158A0517EFD5D7F360EA314BBAA797C9D4944E3A7F62B0573A06D59C47
repository,research/icsec2026/extension/evidence/primary_20260830_seed20260830_b5/raw/campaign/R024_B3_D150/g431.log,7459,FC5274D25CF296B224D1E864F71C04BFFD43DB0BC6CA69D2795F16C931090F2F
repository,research/icsec2026/extension/evidence/primary_20260830_seed20260830_b5/raw/campaign/R024_B3_D150/g474.log,466,DFEF1109121902FB96A3EB5963FFEF4754FB73F58580C22E7186E32A4C7DD568
repository,research/icsec2026/extension/evidence/primary_20260830_seed20260830_b5/raw/campaign/R025_B3_D090/g431.log,7891,D3D13F9AB2E2424F722C50B37F3A1961D8EAD917D0EA62F145F5F94B278E5973
repository,research/icsec2026/extension/evidence/primary_20260830_seed20260830_b5/raw/campaign/R025_B3_D090/g474.log,463,F2989665A6FADD62016625ECBDCD7D15F8E352F0D029216BAB7C1A29FF83462A
repository,research/icsec2026/extension/evidence/primary_20260830_seed20260830_b5/raw/campaign/R026_B3_D100/g431.log,7459,AA1CF02138746B013A69AD9A7C922466E31C63D072A3573B43588117B888F253
repository,research/icsec2026/extension/evidence/primary_20260830_seed20260830_b5/raw/campaign/R026_B3_D100/g474.log,466,DF0CCFC33B12605A4F74FFB6F9A7F77696FE4DB64ED595B0122915C7704C0215
repository,research/icsec2026/extension/evidence/primary_20260830_seed20260830_b5/raw/campaign/R027_B3_NC/g431.log,7891,04BE78F27ED42182556B757B036922CB5B831D0E3F435FD8B7DDD0BE433DE4FC
repository,research/icsec2026/extension/evidence/primary_20260830_seed20260830_b5/raw/campaign/R027_B3_NC/g474.log,424,24E501AD6E7C00BB866774B8EFF6E96BF98C686B205C971AE5C6DD5D6A9A4CFC
repository,research/icsec2026/extension/evidence/primary_20260830_seed20260830_b5/raw/nominal/NOMINAL_001/g431.log,235282,0B2245FEC98DD2D85BF1009DA4A759ED292610B66E19033F0EEF23270362B5C6
repository,research/icsec2026/extension/evidence/primary_20260830_seed20260830_b5/raw/nominal/NOMINAL_001/g474.log,106,BEC776CC086D09F783DE5253FDDD0A21C1FF541F686862C7A9B8CBBF2A36EC4A
repository,research/icsec2026/extension/evidence/primary_20260830_seed20260830_b5/raw/nominal/NOMINAL_002/g431.log,238047,E2FD98ADAA7136647BFC29043C6E68852827861BAD625AE6BC6953BEDD679B2F
repository,research/icsec2026/extension/evidence/primary_20260830_seed20260830_b5/raw/nominal/NOMINAL_002/g474.log,106,8AFDCF2675DE44BDFA01BCB9F22B08CE045A610304F9394D6DAAF1594BBE2A61
repository,research/icsec2026/extension/evidence/primary_20260830_seed20260830_b5/raw/preflight/FLASH_CHECK/g431.log,2671,9E114A1972B13E76ABED46159C817FE53A1CC090044CBECF40939B9883529D81
repository,research/icsec2026/extension/evidence/primary_20260830_seed20260830_b5/raw/preflight/FLASH_CHECK/g474.log,357,FAC8B8F6C5CD046BFBC18F6E82BFA590717B0C01D0D30A0BC66755B5714B9C7B
repository,research/icsec2026/extension/evidence/primary_20260830_seed20260830_b5/raw/preflight/POST_NOMINAL_SERIAL_REOPEN/g431.log,3812,EDD387F21D44F155496F21D61D2C02E1E11A81D6B3BD402552A7DE9ECABF9C14
repository,research/icsec2026/extension/evidence/primary_20260830_seed20260830_b5/raw/preflight/POST_NOMINAL_SERIAL_REOPEN/g474.log,357,C6CE952F5E3DD76A8A8CE8F75A6FFC846C477474CE620868DF3C78E1883F14A4
repository,research/icsec2026/extension/evidence/primary_20260830_seed20260830_b5/raw/recovery/PAYLOAD_ONLY_RESET_001/g431.log,3353,FBB03E98109640BB32361AF9D8309CB805CC97B254EC67E9FB562886EC6E4CF7
repository,research/icsec2026/extension/evidence/primary_20260830_seed20260830_b5/raw/recovery/PAYLOAD_ONLY_RESET_001/g474.log,538,069DEB43AB6B74C14FCDB83C970CCFCC3A34566B0D8D7B1D9978204E0C52CB21
repository,research/icsec2026/extension/evidence/primary_20260830_seed20260830_b5/raw/recovery/PAYLOAD_ONLY_RESET_001/openocd_reset.log,790,2793A89B6BADF59652DF63345BAD1E4A38C1003453F1900455C296F69193BF6C
repository,research/icsec2026/extension/evidence/primary_20260830_seed20260830_b5/run_plan.csv,1445,24AD8C20778472BFFC644557D2284D15A481804A1820BDA05A1827D3C88EBBDE
repository,research/icsec2026/extension/evidence/replication_g431b_20260830_seed20260830_b3/FINAL_MANIFEST.json,1622,235B6FDA1AA4A287E09FDBB91BBBB15732C46F8B7C7DFB247D5D85FD98322F7A
repository,research/icsec2026/extension/evidence/replication_g431b_20260830_seed20260830_b3/REPLICATION_SHA256SUMS.csv,7708,F13EBB7FEB42FB3F67E56A8503CB6D70A5F630F2C864A16B22D5BF4D9D19CCE9
repository,research/icsec2026/extension/evidence/replication_g431b_20260830_seed20260830_b3/backup_record.json,232,C1AEBD73C6614EDE1B3DEE08ACAEB54BF7A68F20B4B1A6D00D8820529BB6752B
repository,research/icsec2026/extension/evidence/replication_g431b_20260830_seed20260830_b3/configuration.json,315,CBA0951E7E710E61F780E80C18FFC93000264FCC38A685FD77960B9CB7BC9743
repository,research/icsec2026/extension/evidence/replication_g431b_20260830_seed20260830_b3/descriptive_cross_controller_summary.json,4238,93737EDC8BD55EA23A144FC1B8D4FE0B3DD5ABF07200FE5162DC4997EC873897
repository,research/icsec2026/extension/evidence/replication_g431b_20260830_seed20260830_b3/final_validation.json,861,BC54880A9DEA32ADA261D37A80A500B1303733487A0B6C3B57272C01E0EA8F77
repository,research/icsec2026/extension/evidence/replication_g431b_20260830_seed20260830_b3/firmware/g431_b_application.bin,20256,6515796C07D37C19E21B0104B477EA4C6451B66A995EBEF6510725764441E727
repository,research/icsec2026/extension/evidence/replication_g431b_20260830_seed20260830_b3/firmware/g431_b_bootloader.bin,4032,FE591BF7292AD0D40F8FEE4AF5779118AE0D0083FF362F5BE9CCB156ADFE619E
repository,research/icsec2026/extension/evidence/replication_g431b_20260830_seed20260830_b3/firmware/g474_a_payload.bin,8944,5581492429080BD58177A37733981ABA12DA6074BA40EAC0157B86E027B479E7
repository,research/icsec2026/extension/evidence/replication_g431b_20260830_seed20260830_b3/manifest.json,2988,80BA6980A64A31193887E2CBC30CD473B3007CDC45485D88ACDF17235153F1D5
repository,research/icsec2026/extension/evidence/replication_g431b_20260830_seed20260830_b3/raw/campaign/RB001_B1_D100/g431.log,7132,B7BA34C014A4C8765B0AB1F881498CB6B16C4D33609BA9BE4909A40C6601CBCC
repository,research/icsec2026/extension/evidence/replication_g431b_20260830_seed20260830_b3/raw/campaign/RB001_B1_D100/g474.log,466,F7206ACF6413CAFE58ADE791B2252CD7FD62CE272BA45BF5A308EBE9C35264A7
repository,research/icsec2026/extension/evidence/replication_g431b_20260830_seed20260830_b3/raw/campaign/RB002_B1_D090/g431.log,7588,DA7C6245803842942EBAA321716EA4DA9DA68115D0617F687FB0341D4FF101AD
repository,research/icsec2026/extension/evidence/replication_g431b_20260830_seed20260830_b3/raw/campaign/RB002_B1_D090/g474.log,463,316E6723E94E7C521F548B9A55F2136DDCA900E1E7B1851EE79823C043D54773
repository,research/icsec2026/extension/evidence/replication_g431b_20260830_seed20260830_b3/raw/campaign/RB003_B1_D110/g431.log,7258,404144605BC8D4817DD7FC3DE3AD18A285DB1D93344DA8789269C92CECDC937D
repository,research/icsec2026/extension/evidence/replication_g431b_20260830_seed20260830_b3/raw/campaign/RB003_B1_D110/g474.log,466,6C1BC1F6114AA53C0E6A3B61118D477BF44E66C082BB27B3EAD907266BB05586
repository,research/icsec2026/extension/evidence/replication_g431b_20260830_seed20260830_b3/raw/campaign/RB004_B1_NC/g431.log,7687,E1EE5537A5F9BA2DD082FA255B975C4BE8022B25D7DD2E759112A630706E5508
repository,research/icsec2026/extension/evidence/replication_g431b_20260830_seed20260830_b3/raw/campaign/RB004_B1_NC/g474.log,424,2E6DDD3CE69E6E160FD679D55BB183B2448E672A6BDD0AA812B43ACE50416C6C
repository,research/icsec2026/extension/evidence/replication_g431b_20260830_seed20260830_b3/raw/campaign/RB005_B2_D090/g431.log,7581,76DFC0D66D90D5DBB9910710052E1C0BB0A619B59F0A1FD8D7F9FD7531B55F92
repository,research/icsec2026/extension/evidence/replication_g431b_20260830_seed20260830_b3/raw/campaign/RB005_B2_D090/g474.log,463,F03DF5940439CFFE30F8C34FC92DD7CF913A9F2D9E4A2276DAE6B2326D914B05
repository,research/icsec2026/extension/evidence/replication_g431b_20260830_seed20260830_b3/raw/campaign/RB006_B2_D110/g431.log,7276,4F6153279EC5F17FF8B8C3A79B133A62CF947878506E49EE36CD669681D38C23
repository,research/icsec2026/extension/evidence/replication_g431b_20260830_seed20260830_b3/raw/campaign/RB006_B2_D110/g474.log,466,2481B642654FB1FA88AA27417C9D54B3FC1A93C35EA680B293F77A6AA97BD362
repository,research/icsec2026/extension/evidence/replication_g431b_20260830_seed20260830_b3/raw/campaign/RB007_B2_D100/g431.log,7276,2B5D8D5F97E3EE4E45E269BED1F445F82E78F0A27A46FECF23BE3E3AEF99DB1F
repository,research/icsec2026/extension/evidence/replication_g431b_20260830_seed20260830_b3/raw/campaign/RB007_B2_D100/g474.log,466,68299E6EE01BB891E45A89646A87FC2438E2295EB1C06B5B2C75AC513ADA0F20
repository,research/icsec2026/extension/evidence/replication_g431b_20260830_seed20260830_b3/raw/campaign/RB008_B2_NC/g431.log,7687,ABFC74F16A177E11FF2B9A41E5B9133FFC4EA314DBA7A5235AED4A8E54637AC3
repository,research/icsec2026/extension/evidence/replication_g431b_20260830_seed20260830_b3/raw/campaign/RB008_B2_NC/g474.log,424,77C3C09100944BDBEEC0CC6424CB1CD93450893AECF2E76D8AEEBC0E4CC8D02B
repository,research/icsec2026/extension/evidence/replication_g431b_20260830_seed20260830_b3/raw/campaign/RB009_B3_NC/g431.log,7687,151E29CBF8DCAA603CFA6C836131279B0C6AA44424B942D2E09BED02929DA5EE
repository,research/icsec2026/extension/evidence/replication_g431b_20260830_seed20260830_b3/raw/campaign/RB009_B3_NC/g474.log,424,D9B15D00A18DCE71C26259981A2A9C3D2CF8FD6455A5B796D40E66D221CADC85
repository,research/icsec2026/extension/evidence/replication_g431b_20260830_seed20260830_b3/raw/campaign/RB010_B3_D090/g431.log,7581,C5DFDDFA1F90F53EB45087DF3B6928A19C0F4D996A8285E9DCCB1269B44CE69B
repository,research/icsec2026/extension/evidence/replication_g431b_20260830_seed20260830_b3/raw/campaign/RB010_B3_D090/g474.log,463,39C256A75E57AD459475D05CC06F5F756CE5FEEB1A3B74B6D1672CA2B1AD6597
repository,research/icsec2026/extension/evidence/replication_g431b_20260830_seed20260830_b3/raw/campaign/RB011_B3_D110/g431.log,7276,5CF3C65B0115C902A88FD3084C0922106A997123C93BE888A730F14ABD1F9378
repository,research/icsec2026/extension/evidence/replication_g431b_20260830_seed20260830_b3/raw/campaign/RB011_B3_D110/g474.log,466,8824ACC68EEBAB5526A6713AC9FB9AD94A4AD43E7F37C5BC32A2234B7EEA2A42
repository,research/icsec2026/extension/evidence/replication_g431b_20260830_seed20260830_b3/raw/campaign/RB012_B3_D100/g431.log,7276,93803FA9179EC06B964B74EF88DA205C83F95379F46C8869DD44C97D163DEDEE
repository,research/icsec2026/extension/evidence/replication_g431b_20260830_seed20260830_b3/raw/campaign/RB012_B3_D100/g474.log,466,0A49B3FCBFEB0A59CC5D48C2353744EFB411F4B0411BCFDCF00A07C87873719B
repository,research/icsec2026/extension/evidence/replication_g431b_20260830_seed20260830_b3/raw/flash/g431_b_application_openocd.log,1263,FAF02757B7A03CE7A2CE2471BF329DD12B469B2A3FCE3068211B1FFB1A3A3391
repository,research/icsec2026/extension/evidence/replication_g431b_20260830_seed20260830_b3/raw/flash/g431_b_bootloader_openocd.log,1530,D63C5A07B58B98522DFDA78FF32DEB697A0C0C385654E09FA5C9C7ED049B266B
repository,research/icsec2026/extension/evidence/replication_g431b_20260830_seed20260830_b3/raw/readiness/LINK_GATE_001/g431.log,3082,7C83BF9E726BC88339758C154613F4449AFAA43D38DBCCA012F9806463471808
repository,research/icsec2026/extension/evidence/replication_g431b_20260830_seed20260830_b3/raw/readiness/LINK_GATE_001/g474.log,106,0D6A15BB77046C004A38A30394AECEB84263C0E9887C6BAE043C1D42E5C3B57C
repository,research/icsec2026/extension/evidence/replication_g431b_20260830_seed20260830_b3/readiness_validation.json,985,45A52EEEC7EC45F63E93D1B6D2CA5098B4F36C8F4B84B6EC6DA69DC28B3051AD
repository,research/icsec2026/extension/evidence/replication_g431b_20260830_seed20260830_b3/results.json,51016,C7CA18C08499920764A22777F036F1CA8E6CD181FB900B3BA51BF313962BFA4E
repository,research/icsec2026/extension/evidence/replication_g431b_20260830_seed20260830_b3/results_ledger.csv,1495,F870E8DE1BAEF7E0B508D4BD6C369CA1CBC50E68FABFFF2E04665585CAF79927
repository,research/icsec2026/extension/evidence/replication_g431b_20260830_seed20260830_b3/run_plan.csv,431,D631AC024CA033EA47FA340921549D56FA845A79784599D14938225015E6A901
repository,research/icsec2026/extension/evidence/replication_g431b_20260830_seed20260830_b3/source_state.json,818,040CEE25D3FA0CF623DF7F760A5774D8356B220CE9750F96FF09EED7F3B20AA2
repository,research/icsec2026/extension/evidence/scope_g431b_g474a_110ms_20260830/FEASIBILITY_RECORD.json,2058,72FB433C2C0E92E8FB1B482EBFF9F011AA479541454668F2E2B01F8DB1F16BF3
repository,research/icsec2026/extension/evidence/scope_g431b_g474a_110ms_20260830/FINAL_MANIFEST.json,1311,ED9030BC094DEFEF1B202519CE7A97B1954F55EF349B6D37D525910332959384
repository,research/icsec2026/extension/evidence/scope_g431b_g474a_110ms_20260830/SCOPE_FEASIBILITY_SHA256SUMS.csv,3225,519E7E142DFAFEA4736CA74D945B3197D106714F9B6B1A6B45C75309EC4B1B0E
repository,research/icsec2026/extension/evidence/scope_g431b_g474a_110ms_20260830/backup_record.json,225,9E7290171202AC1D593F27A0D1E3769E6C44449A784F3E430F295D6EF01036D8
repository,research/icsec2026/extension/evidence/scope_g431b_g474a_110ms_20260830/capture_disposition.csv,1006,0E36070923E3BCFC607C5777F39B0C911D88436BF545D3D83EC9147EE3CD82E7
repository,research/icsec2026/extension/evidence/scope_g431b_g474a_110ms_20260830/capture_plan.csv,204,F5145A7732882F6BA8450356E0C1FDD9D0074015D69244B552B65BBA82F59B5F
repository,research/icsec2026/extension/evidence/scope_g431b_g474a_110ms_20260830/capture_results.json,4349,168BBECD294DCE9A1E1107D46AE0F81F706DAD25EBE07961F320DB76A6FDADD9
repository,research/icsec2026/extension/evidence/scope_g431b_g474a_110ms_20260830/firmware/g431_scope_application.bin,20344,9F5B0041A7939468ED20736E0FDA2659FF90A106CC9C08610C0272CBE0FABC0A
repository,research/icsec2026/extension/evidence/scope_g431b_g474a_110ms_20260830/firmware/g431_scope_bootloader.bin,4032,7C36C0CBDEFECB31ABBD857B15E2AA28D7CBBDF5FBF5B4629666B13F23F716F2
repository,research/icsec2026/extension/evidence/scope_g431b_g474a_110ms_20260830/firmware/g474_scope_payload.bin,8980,9718A3B7080162235E27D6A2A8333DFF6F631C667D50E0AB90DC53749CEE917D
repository,research/icsec2026/extension/evidence/scope_g431b_g474a_110ms_20260830/manifest.json,2083,F3AD8E63268B053D49ED9E8F2D2996839532E78D889951F48B45D03B530D05D8
repository,research/icsec2026/extension/evidence/scope_g431b_g474a_110ms_20260830/measurement_protocol.json,712,8E43B487F192333B0DA8C0D8B6C7FDE3A93CA18C0BCE7AA749E809FB07E7DC0A
repository,research/icsec2026/extension/evidence/scope_g431b_g474a_110ms_20260830/raw/campaign/S001_D110/g431.log,6635,3DC34108DEB48C7F4ADFA918A9B622077C4633648BD1F9F87807601B6D796B0F
repository,research/icsec2026/extension/evidence/scope_g431b_g474a_110ms_20260830/raw/campaign/S001_D110/g474.log,466,25BDACD489BBC072E4DD030187B94C65EF0F640E3368DAEEE36F88E1876C7804
repository,research/icsec2026/extension/evidence/scope_g431b_g474a_110ms_20260830/raw/flash/g431_scope_application_openocd.log,1263,37274D0121B2F1489E5D7C467C858EF7C18ECCA7EB4B83EC5C326EB64814BBA4
repository,research/icsec2026/extension/evidence/scope_g431b_g474a_110ms_20260830/raw/flash/g431_scope_bootloader_openocd.log,1530,D63C5A07B58B98522DFDA78FF32DEB697A0C0C385654E09FA5C9C7ED049B266B
repository,research/icsec2026/extension/evidence/scope_g431b_g474a_110ms_20260830/raw/flash/g474_scope_openocd.log,1500,B2E9BB05E16B0CA62CF49D348EAE6D329233D7D08AE17FBEB957112B92AC5CE7
repository,research/icsec2026/extension/evidence/scope_g431b_g474a_110ms_20260830/scope_settings.json,986,ED95FD4BC7B6BAEAE134EC511825E9AA4CC3FE0EA72F3C6432F5236EB33600EE
repository,research/icsec2026/extension/evidence/scope_g431b_g474a_110ms_20260830/source_state.json,823,8F17C2492A3AF3FF843B95FDC86A0774BD3A77A4CDCB5F113BCAF2A9E21816C1
repository,research/icsec2026/extension/evidence/scope_g431b_g474a_110ms_20260830/validation.json,1489,83E2B48F4A91DAEDF9A0CB75AB5C4B51ABAAFEC2CFBADC289FF2A68C4494F20F
repository,research/icsec2026/extension/final_pass_submission_20260902/ANONYMITY_PROVENANCE_AUDIT.md,1728,A17B6B949C42C58B69A2EB849DDAA9F83533EE9D7E2A183491AB190E848D51C8
repository,research/icsec2026/extension/final_pass_submission_20260902/CLAIM_EVIDENCE_AUDIT.md,2962,63926D52D96087B340743B90A6421F8B4CBCAB81868500B8B3CC80574C10E148
repository,research/icsec2026/extension/final_pass_submission_20260902/FINAL_PDF_SHA256.txt,75,F578B7D8D8EC8FE41396FE84769FBC1D90A97692BE0D75DA29380F6B8CEB5376
repository,research/icsec2026/extension/final_pass_submission_20260902/FINAL_VALIDATION.json,4750,E060AEFFFDDC3F52696B5C3E43ADAB33A9E0706D5FCEF28147387DA7828F57BC
repository,research/icsec2026/extension/final_pass_submission_20260902/PACKAGE_SHA256SUMS.csv,1190,54D60DBC8E9767AD5A87BC38642606D73431ECAAE7C2DFE45EBB06DB2570ED1C
repository,research/icsec2026/extension/final_pass_submission_20260902/PAGE_LAYOUT_QA.md,1115,08EFA189B5666D5C5CFEB5C1E6E41A061B0A655A8FE32934D6F3CE45869B867A
repository,research/icsec2026/extension/final_pass_submission_20260902/PROVENANCE_VERIFICATION.md,955,B7816A786C8E47149FB140253113850C5EFC175D3C637CEEC318C08D5C5F4F4A
repository,research/icsec2026/extension/final_pass_submission_20260902/REFERENCE_VERIFICATION.md,1741,2E3284A5AA0068F07DBCCD393AA81249C4C98BDBC49B10189B008EFFD152870B
repository,research/icsec2026/extension/final_pass_submission_20260902/SOURCE_COMMIT.txt,380,ADF1ADAFC7B981D6853B1829163ECFEB36629CC5606FB8F8DB1C61C2A46114D7
repository,research/icsec2026/extension/final_pass_submission_20260902/SUBMISSION_CHECKLIST.md,1442,749FE27307F8D09ECB6DD5EEB39FA4AE6926D1B3F2F0700997541BA0420A7F2A
repository,research/icsec2026/extension/final_pass_submission_20260902/main.pdf,68688,99E4180F4B172C1CC7BABFCF8BE92FCC5442B3868F7AAD1D32A13779849E765D
repository,research/icsec2026/extension/final_pass_submission_20260902/main.tex,28343,AA018D5E677D8C6ECAE93DEB33C068B01AC6050B5B57D47F303166BB750007B4
repository,research/icsec2026/extension/final_pass_submission_20260902/references.bib,2440,B936C7F6AF1E173CEB771D5BB430F3652846B759C494E71B674D3071D387AC00
repository,research/icsec2026/extension/generate_f411_cross_pair_synthesis.py,15311,4D215C5AC77E591FDBB501E8C47F713FF0BC920AD30498416D1DEB99B76D2368
repository,research/icsec2026/extension/manuscript/CLAIM_LANGUAGE_DIFF.patch,3638,6DD835A1AC9049024875818953A29CB1A892AD52DB336B5405509587387B10B1
repository,research/icsec2026/extension/manuscript/INCLUSION_DECISION.md,773,B350895C0DF11F312A42B353E4A7D40DF55F029541DF789AD25AFF91CB4B9579
repository,research/icsec2026/extension/manuscript/MANUSCRIPT_DIFF.patch,49911,8FE608172B4B6E0B137AEFAB932D14EAB0CEA7F43B502727AC23F1BEC48579C1
repository,research/icsec2026/extension/manuscript/build.log,1242,323355CD2DF4B8F439564C3F4314ED25C24344276453E0BA02880100434DEE87
repository,research/icsec2026/extension/manuscript/main.aux,5904,82B0A8909F535A1562685212CEAC0CC7D845C38A3B9F23F2E0C0318C3CD051BE
repository,research/icsec2026/extension/manuscript/main.bbl,2462,309C235E5D7F55DC881375FABF5B67AD70AB766216879ED52211919A9D7CC8DB
repository,research/icsec2026/extension/manuscript/main.blg,379,0D78A60ABC96272E29FC0AFDA82E8681D243D9DDF183989AE112163835C94C7B
repository,research/icsec2026/extension/manuscript/main.log,27906,90C0D260904C5C5AAAF233A8C92FF2C8B3464FE66E49286596DD9E381994795E
repository,research/icsec2026/extension/manuscript/main.out,3280,B982D9023021B67106D323E32DAD38A97D15B10C04B6DBE11A49BD2128117205
repository,research/icsec2026/extension/manuscript/main.pdf,68688,99E4180F4B172C1CC7BABFCF8BE92FCC5442B3868F7AAD1D32A13779849E765D
repository,research/icsec2026/extension/manuscript/main.tex,28343,AA018D5E677D8C6ECAE93DEB33C068B01AC6050B5B57D47F303166BB750007B4
repository,research/icsec2026/extension/manuscript/pair_condition_pattern.pdf,15788,48D6D71AC3AF9024847B2F05D251B15F41ABFB57B9A0670E2F22E7E3AE93F245
repository,research/icsec2026/extension/manuscript/qa/ANONYMITY_CLAIM_AUDIT.md,2158,610D17D06EA5ECC9D95D8E4166001FBA8A7D6B174C466AD3C82F714AF449C7B9
repository,research/icsec2026/extension/manuscript/qa/CLAIM_BOUNDARY_SEARCH.md,791,8DE98B932BCAFD404B9988E35AA12F9D65C2CF54C6890B57544555D7E7F1AF50
repository,research/icsec2026/extension/manuscript/qa/CLAIM_EVIDENCE_TRACEABILITY.json,2093,ACCD923846D091431B8CC1C628C473B07C02D2199A40560749990CCAF1C0B4C2
repository,research/icsec2026/extension/manuscript/qa/PAGE_COUNT.json,344,7D030342DF51602EA842D71DBBEDE442E146BB487448D2D65FFC2C8C2E43E65D
repository,research/icsec2026/extension/manuscript/qa/RENDERED_PAGE_QA.md,1283,A3E5179F5FE68DD16E1D363A26688A45C41ABF64A0944322F70EACE277783795
repository,research/icsec2026/extension/manuscript/qa/page-1.png,547677,5638C3FEA6684691846B406ABF5AC85717579CB8ECDC43DD38136981909897F5
repository,research/icsec2026/extension/manuscript/qa/page-2.png,455009,448D720BEBD01E6384DC92E0D51DB8B5B29CAE3F1DC6DB69955F47497D89C164
repository,research/icsec2026/extension/manuscript/qa/page-3.png,579480,FA591679BA0D2EE6B56541204769DEC31368A20F4885B85508D4EB971CA607CE
repository,research/icsec2026/extension/manuscript/qa/page-4.png,538304,FB012399B5A429514C3FAB54E9EA5057C19ED76BF3B87CDD6E0AA8A50831E3E3
repository,research/icsec2026/extension/manuscript/qa/page-5.png,271520,AA476F4C94DC65840D55C5ECF5534F475E2E6F8EA57EE74EA0472A4D384152D9
repository,research/icsec2026/extension/manuscript/qa/pdfinfo.txt,667,656CB1A20F47A648E44E14EC8A46A467682131A5A2B8D8E9749A120DA2802512
repository,research/icsec2026/extension/manuscript/qa/submission_readiness_20260902/ANONYMITY_PROVENANCE_CLAIM_AUDIT.md,1728,A17B6B949C42C58B69A2EB849DDAA9F83533EE9D7E2A183491AB190E848D51C8
repository,research/icsec2026/extension/manuscript/qa/submission_readiness_20260902/RENDERED_PAGE_QA.md,1115,08EFA189B5666D5C5CFEB5C1E6E41A061B0A655A8FE32934D6F3CE45869B867A
repository,research/icsec2026/extension/manuscript/qa/submission_readiness_20260902/page-1.png,555084,6C786F502636E251022E05EE065AC6CB0805A202D6DBFCB2FA08D3527E076332
repository,research/icsec2026/extension/manuscript/qa/submission_readiness_20260902/page-2.png,454133,ECFA8BD877F59870932240E7FF7B5A80635E1745BC9BB717F6A97708339EA6CB
repository,research/icsec2026/extension/manuscript/qa/submission_readiness_20260902/page-3.png,555780,248F25239C81CB05517DE9C2E69539C809A58ACCA27ACB00968CBB77367795C3
repository,research/icsec2026/extension/manuscript/qa/submission_readiness_20260902/page-4.png,550871,A80651BE7C5BB504660DF7989C8641C05008DC8C52DE8F034F658DDA3488A9B4
repository,research/icsec2026/extension/manuscript/qa/submission_readiness_20260902/page-5.png,468454,18872DD25AB346DB49A5ABE0F48928163D64C4D6F5BC03560597FC3BEA3A1B53
repository,research/icsec2026/extension/manuscript/references.bib,2440,B936C7F6AF1E173CEB771D5BB430F3652846B759C494E71B674D3071D387AC00
repository,research/icsec2026/extension/manuscript_candidate_f411_20260902/INCLUSION_DECISION.md,670,9788C30FB10F1294DFCB61503731D4D8ECA2B3529008E15ADDF0AF32B6C9B430
repository,research/icsec2026/extension/manuscript_candidate_f411_20260902/MANUSCRIPT_DIFF.patch,14599,37D946F68AC77FAAA3ED490317E829AA5FD92EDF503A7790C7120D640ACE1E27
repository,research/icsec2026/extension/manuscript_candidate_f411_20260902/build.log,15185,EE805B07C4AB200BDE494CFABADAAC3F0C118C6D8E9151F79E5B8F44B56BD7A1
repository,research/icsec2026/extension/manuscript_candidate_f411_20260902/main.aux,5892,7335D309B96D5ED7B1409037C98A69A1A5DF83D4BB807D982EEE084E2F06EEC6
repository,research/icsec2026/extension/manuscript_candidate_f411_20260902/main.bbl,2462,309C235E5D7F55DC881375FABF5B67AD70AB766216879ED52211919A9D7CC8DB
repository,research/icsec2026/extension/manuscript_candidate_f411_20260902/main.blg,379,0D78A60ABC96272E29FC0AFDA82E8681D243D9DDF183989AE112163835C94C7B
repository,research/icsec2026/extension/manuscript_candidate_f411_20260902/main.log,27943,8BFA90880E37941487CC1490B3EFDC07734525B99124ACAEF1F0058A9A0E4524
repository,research/icsec2026/extension/manuscript_candidate_f411_20260902/main.out,3364,2331E0BD777DE3B64F185E8230F2A2636E7D41015B9F587D21A314A6FD39CEF2
repository,research/icsec2026/extension/manuscript_candidate_f411_20260902/main.pdf,66151,2E3E684431608396122F018BE45A17BA7F05FAD92F1E017934FC9F624395A3F5
repository,research/icsec2026/extension/manuscript_candidate_f411_20260902/main.tex,26355,E6E7942E895819FB9DA46CE28E31A8A1C39D39E453193A3445A18DD249236E44
repository,research/icsec2026/extension/manuscript_candidate_f411_20260902/pair_condition_pattern.pdf,15788,48D6D71AC3AF9024847B2F05D251B15F41ABFB57B9A0670E2F22E7E3AE93F245
repository,research/icsec2026/extension/manuscript_candidate_f411_20260902/qa/ANONYMITY_CLAIM_AUDIT.md,1822,45BBA0AF09AF5F24279FC89B8046973BB9937F10F32AACC579B864B6AEDBDFAB
repository,research/icsec2026/extension/manuscript_candidate_f411_20260902/qa/CLAIM_EVIDENCE_TRACEABILITY.json,1901,341E7F932AE38972A881C855F6AE1767D84BDE680B7BA00F7F47A9FEFBA3A9FD
repository,research/icsec2026/extension/manuscript_candidate_f411_20260902/qa/PAGE_COUNT.json,334,C0E9C97778DA54F0615AE8C10A511079A8EE96C26053A818E7313158507CF33E
repository,research/icsec2026/extension/manuscript_candidate_f411_20260902/qa/RENDERED_PAGE_QA.md,1237,706F909D9B9D573811CE858A4D8EB7CE3BC4CD1C90A89D2794A35E4F648DFF5B
repository,research/icsec2026/extension/manuscript_candidate_f411_20260902/qa/page-1.png,548074,EBE668EF9E774B222BA1035FFFF7F4FAB870BC398FB805EEF3FC7A7CF4855F64
repository,research/icsec2026/extension/manuscript_candidate_f411_20260902/qa/page-2.png,456973,894A9C2096F672DECD1BA578152CE8595DC07E625D65888138CF67BF9346EF9B
repository,research/icsec2026/extension/manuscript_candidate_f411_20260902/qa/page-3.png,538028,026FC1386D8D88E26744CF7FC81C363E462B6DB79D3BA768BBB1968D29ED2CD0
repository,research/icsec2026/extension/manuscript_candidate_f411_20260902/qa/page-4.png,572007,06E18B612F8F28AF18E18629B05C971834D5EA3C9E2FF48284DA68AB8E433071
repository,research/icsec2026/extension/manuscript_candidate_f411_20260902/qa/page-5.png,262782,F77E7C99644D4B769561E0416EFAE59A6BE0BC1D1F1CDAACE681726D9A121590
repository,research/icsec2026/extension/manuscript_candidate_f411_20260902/qa/pdfinfo.txt,667,13FB6DE3CC3F125417E58AD4FEE10CFC47A23EDDDFA867DDC5F6AE4735D61A34
repository,research/icsec2026/extension/manuscript_candidate_f411_20260902/references.bib,2440,B936C7F6AF1E173CEB771D5BB430F3652846B759C494E71B674D3071D387AC00
repository,research/icsec2026/extension/manuscript_candidate_f411_20260902_corrected/CLAIM_LANGUAGE_DIFF.patch,3638,6DD835A1AC9049024875818953A29CB1A892AD52DB336B5405509587387B10B1
repository,research/icsec2026/extension/manuscript_candidate_f411_20260902_corrected/INCLUSION_DECISION.md,773,B350895C0DF11F312A42B353E4A7D40DF55F029541DF789AD25AFF91CB4B9579
repository,research/icsec2026/extension/manuscript_candidate_f411_20260902_corrected/MANUSCRIPT_DIFF.patch,49911,8FE608172B4B6E0B137AEFAB932D14EAB0CEA7F43B502727AC23F1BEC48579C1
repository,research/icsec2026/extension/manuscript_candidate_f411_20260902_corrected/build.log,1242,323355CD2DF4B8F439564C3F4314ED25C24344276453E0BA02880100434DEE87
repository,research/icsec2026/extension/manuscript_candidate_f411_20260902_corrected/main.aux,5892,D83CE20631C665FF3AF6A8AB7C18267D91148DB7E9AFB21BD30FDF0AA1DC6240
repository,research/icsec2026/extension/manuscript_candidate_f411_20260902_corrected/main.bbl,2462,309C235E5D7F55DC881375FABF5B67AD70AB766216879ED52211919A9D7CC8DB
repository,research/icsec2026/extension/manuscript_candidate_f411_20260902_corrected/main.blg,379,0D78A60ABC96272E29FC0AFDA82E8681D243D9DDF183989AE112163835C94C7B
repository,research/icsec2026/extension/manuscript_candidate_f411_20260902_corrected/main.log,27943,CBEA95D5D5DF0144B3162AE2B4284C7C7D10F480E53292FACE6B310C32364CF2
repository,research/icsec2026/extension/manuscript_candidate_f411_20260902_corrected/main.out,3364,2331E0BD777DE3B64F185E8230F2A2636E7D41015B9F587D21A314A6FD39CEF2
repository,research/icsec2026/extension/manuscript_candidate_f411_20260902_corrected/main.pdf,66248,D346C39253B8BC44B96968A4509BED14369F0632742352ACA7EE5B8027F42ED3
repository,research/icsec2026/extension/manuscript_candidate_f411_20260902_corrected/main.tex,26451,BD2963900E834BD2623958776476EF4B4576983B8F2926D4FEDA27509D496924
repository,research/icsec2026/extension/manuscript_candidate_f411_20260902_corrected/pair_condition_pattern.pdf,15788,48D6D71AC3AF9024847B2F05D251B15F41ABFB57B9A0670E2F22E7E3AE93F245
repository,research/icsec2026/extension/manuscript_candidate_f411_20260902_corrected/qa/ANONYMITY_CLAIM_AUDIT.md,2158,610D17D06EA5ECC9D95D8E4166001FBA8A7D6B174C466AD3C82F714AF449C7B9
repository,research/icsec2026/extension/manuscript_candidate_f411_20260902_corrected/qa/CLAIM_BOUNDARY_SEARCH.md,791,8DE98B932BCAFD404B9988E35AA12F9D65C2CF54C6890B57544555D7E7F1AF50
repository,research/icsec2026/extension/manuscript_candidate_f411_20260902_corrected/qa/CLAIM_EVIDENCE_TRACEABILITY.json,2093,ACCD923846D091431B8CC1C628C473B07C02D2199A40560749990CCAF1C0B4C2
repository,research/icsec2026/extension/manuscript_candidate_f411_20260902_corrected/qa/PAGE_COUNT.json,344,7D030342DF51602EA842D71DBBEDE442E146BB487448D2D65FFC2C8C2E43E65D
repository,research/icsec2026/extension/manuscript_candidate_f411_20260902_corrected/qa/RENDERED_PAGE_QA.md,1283,A3E5179F5FE68DD16E1D363A26688A45C41ABF64A0944322F70EACE277783795
repository,research/icsec2026/extension/manuscript_candidate_f411_20260902_corrected/qa/page-1.png,547677,5638C3FEA6684691846B406ABF5AC85717579CB8ECDC43DD38136981909897F5
repository,research/icsec2026/extension/manuscript_candidate_f411_20260902_corrected/qa/page-2.png,455009,448D720BEBD01E6384DC92E0D51DB8B5B29CAE3F1DC6DB69955F47497D89C164
repository,research/icsec2026/extension/manuscript_candidate_f411_20260902_corrected/qa/page-3.png,579480,FA591679BA0D2EE6B56541204769DEC31368A20F4885B85508D4EB971CA607CE
repository,research/icsec2026/extension/manuscript_candidate_f411_20260902_corrected/qa/page-4.png,538304,FB012399B5A429514C3FAB54E9EA5057C19ED76BF3B87CDD6E0AA8A50831E3E3
repository,research/icsec2026/extension/manuscript_candidate_f411_20260902_corrected/qa/page-5.png,271520,AA476F4C94DC65840D55C5ECF5534F475E2E6F8EA57EE74EA0472A4D384152D9
repository,research/icsec2026/extension/manuscript_candidate_f411_20260902_corrected/qa/pdfinfo.txt,667,656CB1A20F47A648E44E14EC8A46A467682131A5A2B8D8E9749A120DA2802512
repository,research/icsec2026/extension/manuscript_candidate_f411_20260902_corrected/references.bib,2440,B936C7F6AF1E173CEB771D5BB430F3652846B759C494E71B674D3071D387AC00
repository,research/icsec2026/extension/recovery/recovery_20260901/COMMAND_LOG.md,2245,A959EC37276BC5D0D4CD514B154E9F90FAB1AA2351F691D785AB5A00CB0BDA04
repository,research/icsec2026/extension/recovery/recovery_20260901/FAILED_ATTEMPT1_MISMATCH_LEDGER.csv,9769,1DA9AE064F1994AFB70AC077DCB09DCEC5EABA37F0C59EAFEE176588A8F86C7E
repository,research/icsec2026/extension/recovery/recovery_20260901/FAILED_ATTEMPT2_MISMATCH_LEDGER.csv,11319,A43A3322A6C1AB9C8172B34146295E96F12E231882777C7EE1DF3A1BFF6DE545
repository,research/icsec2026/extension/recovery/recovery_20260901/PRIMARY_COPY_LEDGER.csv,134725,3B8A94F9F3DDF5D036C0EA4E99E4DDB2694023260B426801348F4016CABDD091
repository,research/icsec2026/extension/recovery/recovery_20260901/RECOVERY_README.md,2299,21BE3AE3BC24528A0D70C7701AD4DA74DF485EB26C22178C9F4BD59F3294889F
repository,research/icsec2026/extension/recovery/recovery_20260901/RECOVERY_RECORD.json,4619,B96A18B64817D0E1F657C0795AADA7808FC450F5AF009EF66EB1114F3A5FC598
repository,research/icsec2026/extension/recovery/recovery_20260901/RECOVERY_SHA256SUMS.csv,1478,BA40B30A7EFEA2F6E438A4B5482D8074AC5D6B834C55118DCF17B42C4BC056C1
repository,research/icsec2026/extension/recovery/recovery_20260901/SECONDARY_VERIFICATION_LEDGER.csv,80766,12304CEA4DE64EF3432F84C237CB4BFD2CB3930141D9C53B5DB878EF87CE7837
repository,research/icsec2026/extension/recovery/recovery_20260901/SOURCE_TRANSFER_FILE_INVENTORY.csv,50413,422760C42F0B8D5BA535E37A58F87136A1A59591601BE3AB01B396D6BB17171C
repository,research/icsec2026/extension/recovery/recovery_20260901/SOURCE_TRANSFER_README.md,5396,70881E6C3CED87E67670112C356D13F3235C4D11F6FCEB2391A26D0F260A5BD1
repository,research/icsec2026/extension/run_f411_campaign.py,34231,2304F97533EF34462A1312AB155F376F81E8EEDAE85C72DA65A145502AA1F838
repository,research/icsec2026/extension/run_f411_pair1.py,19751,5D88E45786331657CC8E7700DB51BA4EA5C969A17272ECDBA9A68C0BCD742CC1
repository,research/icsec2026/extension/run_f411_pair2_campaign.py,2308,A344D94B2348BFF965E78ECF4870866B4E06D45D4B82729BF03847093ABEE221
repository,research/icsec2026/extension/run_f411_scientific_pilot.py,18269,83F5DCDC2D698EE27AC33C988758842BCE09E6A42534863F330DE48D195D3638
repository,research/icsec2026/extension/run_g431b_replication.py,21550,950504EBC8EEEBEDE6A254613B818BCCE459DB30519CFA494D9212EA723A9B05
repository,research/icsec2026/extension/run_primary_extension.py,60261,0CC8525822735FD108369F325D106CDFC6A3970E67754BB8EB3AD08A2792370A
repository,research/icsec2026/extension/run_scope_capture.py,7765,F609C4BB5C0A1AB97CCD7C12A5239A71F333428187D76714F62AA1AD668A6F3D
repository,research/icsec2026/extension/submission_candidate_20260902/SHA256SUMS.csv,1145,3A3B4543DBCC5E34F5DA69C80EFB94D5B9ED0659373D56D6ADC98F827EB8397E
repository,research/icsec2026/extension/submission_candidate_20260902/main.bbl,2462,309C235E5D7F55DC881375FABF5B67AD70AB766216879ED52211919A9D7CC8DB
repository,research/icsec2026/extension/submission_candidate_20260902/main.pdf,68688,99E4180F4B172C1CC7BABFCF8BE92FCC5442B3868F7AAD1D32A13779849E765D
repository,research/icsec2026/extension/submission_candidate_20260902/main.tex,28343,AA018D5E677D8C6ECAE93DEB33C068B01AC6050B5B57D47F303166BB750007B4
repository,research/icsec2026/extension/submission_candidate_20260902/qa/ANONYMITY_PROVENANCE_CLAIM_AUDIT.md,1728,A17B6B949C42C58B69A2EB849DDAA9F83533EE9D7E2A183491AB190E848D51C8
repository,research/icsec2026/extension/submission_candidate_20260902/qa/RENDERED_PAGE_QA.md,1115,08EFA189B5666D5C5CFEB5C1E6E41A061B0A655A8FE32934D6F3CE45869B867A
repository,research/icsec2026/extension/submission_candidate_20260902/qa/page-1.png,555084,6C786F502636E251022E05EE065AC6CB0805A202D6DBFCB2FA08D3527E076332
repository,research/icsec2026/extension/submission_candidate_20260902/qa/page-2.png,454133,ECFA8BD877F59870932240E7FF7B5A80635E1745BC9BB717F6A97708339EA6CB
repository,research/icsec2026/extension/submission_candidate_20260902/qa/page-3.png,555780,248F25239C81CB05517DE9C2E69539C809A58ACCA27ACB00968CBB77367795C3
repository,research/icsec2026/extension/submission_candidate_20260902/qa/page-4.png,550871,A80651BE7C5BB504660DF7989C8641C05008DC8C52DE8F034F658DDA3488A9B4
repository,research/icsec2026/extension/submission_candidate_20260902/qa/page-5.png,468454,18872DD25AB346DB49A5ABE0F48928163D64C4D6F5BC03560597FC3BEA3A1B53
repository,research/icsec2026/extension/submission_candidate_20260902/references.bib,2440,B936C7F6AF1E173CEB771D5BB430F3652846B759C494E71B674D3071D387AC00
repository,research/icsec2026/extension/test_f411_campaign.py,2584,90B98F389C05C95C040D7C0210DB0FAF6936AC77F1C4661B90E42C2E8E136009
repository,research/icsec2026/extension/test_f411_cross_pair_synthesis.py,721,173EF9B29238CEAAF031B6B90674A4B885C53B18EB091182767180DBB2ED3466
repository,research/icsec2026/extension/test_f411_pair1.py,1390,6296C2D7B21F51DD57388E6C1EF99A4A99037AEC034A37CAD773C7DE2BCC2D89
repository,research/icsec2026/extension/test_f411_pair2_campaign.py,992,D25CB0552B49931756927988FA5B2F53CFB7338BF968C95BA2E4A7071D9DECDD
repository,research/icsec2026/extension/test_f411_scientific_pilot.py,1516,0C101CE6504C17A617872A036F5C70C76FDF32AA1393FE7138BABB0C7B67B206
repository,research/icsec2026/extension/test_g431b_replication.py,1317,CFFDDE0684C03277C66DE354AE9CA9C7213EFE904598662253A3128EC0BF4530
repository,research/icsec2026/extension/test_primary_extension.py,3211,CCE5638E419E2D9416D01EA93316615EC02C5F3B4FC6C828D74F0F70AA7380E5
repository,research/icsec2026/extension/validate_f411_campaign.py,6630,6DF6BF2DD240D1251CB72341DB73034D36CAC84A0ABC34FFFD06B379E569EAC6
repository,research/icsec2026/extension/validate_f411_claim_correction.py,11184,1306FBDE3A379BD5D9E6C836E5AD400A7F61907D448623B10F027A340BBEB370
repository,research/icsec2026/extension/validate_f411_pair2_campaign.py,1401,D66181D3BEDE23B58FB72914C1F21E84D42662C60DD97B37ED584C268DD85614
repository,research/icsec2026/extension/validate_f411_scientific_pilot.py,4879,F7E0F128B65AA7E8D76249F17DC2F552727E3B83A2B479777C4279F319144FEA
repository,research/icsec2026/injector/create_sha256_inventory.py,2695,4021F9CAD57BADE48CBCC18215E0F5FDB7EDD9BB3303F04498C8B15C0B57E28A
repository,research/icsec2026/injector/requirements.txt,18,1F9CD0F05C4F38521C72B1465FDBCDA66D71BDA860E3ADDE9A1E2C214E6A17FF
repository,research/icsec2026/injector/run_n0_control.py,8749,BDB98E8ADC8C06B8508EFCCB0FD6EC7C5AC47772F392130C6AF39705CE65B14B
repository,research/icsec2026/injector/run_payload_campaign.py,21947,168EECF43FAF0986D286555BAB3CA12886B2BBB0E6F8B6D21C86D35E818C02FB
repository,research/icsec2026/injector/summarize_payload_campaign.py,14350,1DB0537245AA06BE8CE2FA3E44A99C648F20D70B925050DB5CF938748FD1D4F6
repository,research/icsec2026/injector/test_campaign_summary.py,1602,285BC9E6A6E70A7A26A719369BE37583EA2A8379A7B72AE69515D76E89323778
repository,research/icsec2026/injector/test_n0_control.py,2240,340DA27DB943B19647ADF0E714C241C624080E39C7D669A5FC9C23891CB8AD98
repository,research/icsec2026/injector/test_run_payload_campaign.py,2796,B71F69382B0BD9DE0303B3DBFE9448EECD19997D983DC3B03AD8963394D94186
repository,research/icsec2026/injector/test_sha256_inventory.py,1470,CD752046C8F51EEE13880C786184BE86BAA1E14095C205D8DA8A7775BEB4EBFB
repository,research/icsec2026/manuscript/ANONYMITY_CLAIM_AUDIT.md,5627,CEA0A2CD65C9DBDEDB70F6CA5309441399C61197171A7DE9FAB7D2D405A42C75
repository,research/icsec2026/manuscript/SCIENTIFIC_REVIEW_V2.md,4710,1FE34EAB062B91E1FB5E9D7CD7D1567A02726843A2FFC9B1254752429E5DAB87
repository,research/icsec2026/manuscript/SUBMISSION_REQUIREMENTS.md,3286,A6FBDC46EE45BF50EF783D31E0110C775791AEB5742D9D94DC1D3C7136F9DD79
repository,research/icsec2026/manuscript/main.aux,5292,5FD13EB2B358E078A2ED790144343707E7CEB612613CC118C2B9E67EA0EC6987
repository,research/icsec2026/manuscript/main.bbl,2518,523964D8BEE39DC263EDDE956639C480201809DBB990ECAB62133B5C074A2C79
repository,research/icsec2026/manuscript/main.blg,389,9BBCD0CC58244CC983E57A0269BB7407F43B193D469E56B010756ED6D888940F
repository,research/icsec2026/manuscript/main.out,2877,E752739DBEDEDCB08F3A56A1341BAC19DA689EAA84805794563EE2AA1840626D
repository,research/icsec2026/manuscript/main.pdf,61683,992A1C9AA41F4295BF7F97CA081D79A7DE2ABBB4B419B2A0B82144C1B50928DF
repository,research/icsec2026/manuscript/main.tex,23246,401F269790498A62DE16801D606932741C2CE24FEDAD39AE70BF6D49880F2BC1
repository,research/icsec2026/manuscript/qa/RENDERED_PAGE_QA_V2.md,1959,F7B8342283CF86D27417639C0133F96ADE6A06E7BD8163C898AC7547C7434DC5
repository,research/icsec2026/manuscript/qa/main-text.txt,19066,F0E071149311DC03FADE4465D510B86DFDDBFD4069FFE7382AA07478B7E196C6
repository,research/icsec2026/manuscript/qa/page-1.png,540942,CAF8BCE3C43428205ADF61FACCEBB3565CFC07DB23256423B1EA5676AD3D37DE
repository,research/icsec2026/manuscript/qa/page-2.png,460914,1C147DFA992CE1F431370BED3AB80DF0E66C77F68CB93B28DBA34B90C7ACEAAB
repository,research/icsec2026/manuscript/qa/page-3.png,541348,A9ACA2338BF65F761A8DEFA680C86EEAB22A3F7A0060122245F4EA05EE9EBB1D
repository,research/icsec2026/manuscript/qa/page-4.png,563644,4634D86445D1438489EF8E0429EAD666993757D4CF0990F121D32F8628574BC5
repository,research/icsec2026/manuscript/qa/pdfinfo.txt,660,C7D7E4F441BAED7EAAC940C626A31DEDCB56F472054BA69A63B793662D5BB7C4
repository,research/icsec2026/manuscript/qa/pdfinfo_v2.txt,667,1A2105052CD88999B5EC4B669916641C0F43E68177E2461A66A49BB5BC4D5ED4
repository,research/icsec2026/manuscript/references.bib,2440,B936C7F6AF1E173CEB771D5BB430F3652846B759C494E71B674D3071D387AC00
repository,research/icsec2026/paper/CLAIM_EVIDENCE_MATRIX.md,9871,7AA35A15DFCA03859B670A4B3E0E6320995F839FB29A8844E6D26BE37EC83523
repository,research/icsec2026/paper/EVALUATION_METHOD.md,6820,B26631AFF0FF0F258678CD4FA5F9B2365EB71EE6685C465C87EAB47C61456C45
repository,research/icsec2026/paper/LIMITATIONS.md,3637,A1750DFF6E7571EEB3EF7FA9EF805495906D14CE2E570903780C1F15AB8DCCEC
repository,research/icsec2026/paper/PAPER_DIRECTION.md,6360,1FA88786E2023D892732BF1E963D1DF854F67F6FBCE12772CCC53C0B20B6D67E
repository,research/icsec2026/paper/RESULTS.md,4320,86051890AEA305431536E93A66D18932C8ECB787F36560A5408F5965F2CCF44A
repository,research/icsec2026/paper/generate_manuscript_tables.py,7960,AB5A8BD2B07F51445B68A464C20FF31FBFD4ABF4593E18E1ECCB3192A09C3626
repository,research/icsec2026/paper/tables/TABLE_PROVENANCE.json,1773,383315929940D0E32002E06DC3748573210EA5B2214D32AD5C9BF10BE9D81C7D
repository,research/icsec2026/paper/tables/fault_outcomes.csv,1072,BE19F1203F4E9CCAFF1B1241ECC327971150AA5C954D5997E0DB71DA3B75CFD3
repository,research/icsec2026/paper/tables/latency_summary.csv,1916,EEFD0DF98AB8E9C5DAAAAC36FF0825580ED193EC5FC478CE3BF978715FCB1B8B
repository,research/icsec2026/paper/tables/n0_controls.csv,546,F0AD1FBEF0133F1D43469F286E2F2E4399DFE226566EB20C354F992E03BA6FC7
repository,research/icsec2026/provenance/20260830_023830/PROVENANCE.md,8374,F74DACC9AB4390DD5C9518EDE5AF031E0FF9C48A30D8ACB1BA641D6153CDEB45
repository,research/icsec2026/provenance/20260830_023830/PROVENANCE_SHA256SUMS.csv,10751,84139F0C3886C513B2511332766495F04E8EB4705ABBF417E600431C2858D3DC
repository,research/icsec2026/provenance/20260830_023830/comparisons/g431_application_rebuild.json,1121,DFF4E40082D2232912C756569574A66DF307211798515E41D04766C4CF9BFDB7
repository,research/icsec2026/provenance/20260830_023830/comparisons/g431_application_rebuild_differences.csv,140,335933C486182E135E251BAF46BD6E225ABF5DD551FB6645C2B2483D3EB0529F
repository,research/icsec2026/provenance/20260830_023830/comparisons/g431_bootloader_rebuild.json,1120,61CEF5D99EAFF30BC727EBD5D74FFE38471440BAA9517099F5838A23E60D2AC2
repository,research/icsec2026/provenance/20260830_023830/comparisons/g431_bootloader_rebuild_differences.csv,140,335933C486182E135E251BAF46BD6E225ABF5DD551FB6645C2B2483D3EB0529F
repository,research/icsec2026/provenance/20260830_023830/comparisons/g474_packaged_application.json,1117,29643B892C96CE684CF5BD3F8045ACF32E5D2CCB95F4706A6644F5B638E24FED
repository,research/icsec2026/provenance/20260830_023830/comparisons/g474_packaged_application_differences.csv,140,335933C486182E135E251BAF46BD6E225ABF5DD551FB6645C2B2483D3EB0529F
repository,research/icsec2026/provenance/20260830_023830/flash/g431_flash_capture.json,780,6FB16D83581438EFE28C2B3EA1407C193B78D2C69E59498E9371B86215140F23
repository,research/icsec2026/provenance/20260830_023830/flash/g474_flash_capture.json,780,CE5341ECED809194F67969252B1DF7ADF516762FA4B43CC501C632EF6BAE348F
repository,research/icsec2026/provenance/20260830_023830/flash_layout/g431_after_application.json,591,106E9AA3723571ACBCBB52049046436084EF028C78F615F529BE45EEDC1F8B1B
repository,research/icsec2026/provenance/20260830_023830/flash_layout/g431_after_application_non_ff_ranges.csv,67,E3DA5A361414CCE51D6D67AD465EBDC06B5BA91B97CEAD4C9668D63ED372C0EB
repository,research/icsec2026/provenance/20260830_023830/flash_layout/g431_gap.json,603,64A185DC456369B145CC3784C3C3FA81EDB912A6D5F2233A9D236B8CEEBB55AD
repository,research/icsec2026/provenance/20260830_023830/flash_layout/g431_gap_non_ff_ranges.csv,161,3A98229A2DC2AF0CC1DC6F222212D63A076B290222C5EB91D02B07A89D6572AE
repository,research/icsec2026/provenance/20260830_023830/flash_layout/g474_after_application.json,608,8D678EA20D648789323D838A247543858151E566C2B4FD9D48CD8532A60E16BC
repository,research/icsec2026/provenance/20260830_023830/flash_layout/g474_after_application_non_ff_ranges.csv,46827,8143209112820D9A101B98D3EB4D8DA5259FA09BE87702898E72EC3945CC5428
repository,research/icsec2026/provenance/20260830_023830/rebuild/g431_application/build_report.json,1096,B919C79FA554C53E554755986F6EE5842283F0DB8DF14767E225A03158B579E3
repository,research/icsec2026/provenance/20260830_023830/rebuild/g431_bootloader/build_report.json,1114,0973CA8F83046F5B00845C29611EAE2BAA2F124A205173037AE3792962FA231D
repository,research/icsec2026/provenance/20260830_023830/scripts/analyze_flash_region.py,3212,CB646271C4241E23EF70430D5CBF7EA26D8CB19E57C3FC77E1C7928ED5AE27DB
repository,research/icsec2026/provenance/20260830_023830/scripts/collect_package_lists_utf8.py,1878,D8128918CAAD186392E9C85DC2EEF14F0E19A39E4FAE510457197586F1280E06
repository,research/icsec2026/provenance/20260830_023830/scripts/collect_selected_toolchain.py,2458,5A1A68A395D580B193A8583AC68F6562AD98DF98B276F12C72017A28AF2DC161
repository,research/icsec2026/provenance/20260830_023830/scripts/collect_toolchain.py,5403,FE4D2C90EFA974B4683EEC122D074D2763DC5DFF92306D13C14A250E95E3F5B4
repository,research/icsec2026/provenance/20260830_023830/scripts/compare_binary_region.py,5011,0CEC46F2C5874898FAA3F59113D4270AD7FF1ED9FABED2FDD0A86ED0F6C098E8
repository,research/icsec2026/provenance/20260830_023830/scripts/freeze_source_state.py,4280,0FEF198507219542FB6FA579EAB98698097FCD945A8EAF7BB336BFF71881582C
repository,research/icsec2026/provenance/20260830_023830/scripts/readonly_flash_capture.py,4172,52652D3CA6F7FBA43BD143462BD9A1B16ECBCADACAA03AF00FE8571EECA50453
repository,research/icsec2026/provenance/20260830_023830/scripts/rebuild_capture.py,3752,61096363776291D7A0139A78146DD24CB6CDADACF2CCAFE809F72C9CEDBE253E
repository,research/icsec2026/provenance/20260830_023830/source_state/commit.json,97,61B3175EDD9F5AF618BC1B1E0387BFEF14FDBBCD759A95D1B1AB2B35EF5389DB
repository,research/icsec2026/provenance/20260830_023830/source_state/git_status_porcelain_v1.txt,4305,1AEB74CD1A8A5093ED85AA0450DD904CD8AEE7557BBC9AE06F6D2578F3CFE0DF
repository,research/icsec2026/provenance/20260830_023830/source_state/source_state_report.json,408,26BACAECBA6C1819A1E7E2ABA0E8D051343E2CC7CA4E345A80EF90C1A89517E1
repository,research/icsec2026/provenance/20260830_023830/source_state/staged.patch,0,E3B0C44298FC1C149AFBF4C8996FB92427AE41E4649B934CA495991B7852B855
repository,research/icsec2026/provenance/20260830_023830/source_state/tracked_files.txt,5310,173C70AF47A1CB8BA4BDE460B2AFC160DAE8983C757A724C05C2256BDE5B45E4
repository,research/icsec2026/provenance/20260830_023830/source_state/tracked_worktree.patch,4728,C6A8D517C3E64CED03F2720F1ADE44F568826A38333723127A799DE36B59FBCF
repository,research/icsec2026/provenance/20260830_023830/source_state/untracked_source_copies/demo-payload/src/HostModeCommandParser.hpp,2286,8BF23EDB3598516C51F6069F669B796DD7DABE13C20BD6595011C3AA105F4950
repository,research/icsec2026/provenance/20260830_023830/source_state/untracked_source_copies/demo-payload/test/test_host_mode_command/test_main.cpp,4043,81ED1DFAEE413168C49904EC3EAD8BAA7DF02893780B5CD5A6C9975EA98DEC37
repository,research/icsec2026/provenance/20260830_023830/source_state/untracked_source_copies/research/icsec2026/NEXT_TASK.md,2093,988DF80FB7C94C4AA7C96D7ED15EFA3A22BC500AC013F5075D69C7E6D1DC6FE3
repository,research/icsec2026/provenance/20260830_023830/source_state/untracked_source_copies/research/icsec2026/SESSION_STATE.md,22559,0E8DC22BA275E3C7ED6E976A46123D297E5266B7E2A3396F60ED989E5CE5BEE0
repository,research/icsec2026/provenance/20260830_023830/source_state/untracked_source_copies/research/icsec2026/injector/create_sha256_inventory.py,2695,4021F9CAD57BADE48CBCC18215E0F5FDB7EDD9BB3303F04498C8B15C0B57E28A
repository,research/icsec2026/provenance/20260830_023830/source_state/untracked_source_copies/research/icsec2026/injector/requirements.txt,18,1F9CD0F05C4F38521C72B1465FDBCDA66D71BDA860E3ADDE9A1E2C214E6A17FF
repository,research/icsec2026/provenance/20260830_023830/source_state/untracked_source_copies/research/icsec2026/injector/run_n0_control.py,8749,BDB98E8ADC8C06B8508EFCCB0FD6EC7C5AC47772F392130C6AF39705CE65B14B
repository,research/icsec2026/provenance/20260830_023830/source_state/untracked_source_copies/research/icsec2026/injector/run_payload_campaign.py,21947,168EECF43FAF0986D286555BAB3CA12886B2BBB0E6F8B6D21C86D35E818C02FB
repository,research/icsec2026/provenance/20260830_023830/source_state/untracked_source_copies/research/icsec2026/injector/summarize_payload_campaign.py,14350,1DB0537245AA06BE8CE2FA3E44A99C648F20D70B925050DB5CF938748FD1D4F6
repository,research/icsec2026/provenance/20260830_023830/source_state/untracked_source_copies/research/icsec2026/injector/test_campaign_summary.py,1602,285BC9E6A6E70A7A26A719369BE37583EA2A8379A7B72AE69515D76E89323778
repository,research/icsec2026/provenance/20260830_023830/source_state/untracked_source_copies/research/icsec2026/injector/test_n0_control.py,2240,340DA27DB943B19647ADF0E714C241C624080E39C7D669A5FC9C23891CB8AD98
repository,research/icsec2026/provenance/20260830_023830/source_state/untracked_source_copies/research/icsec2026/injector/test_run_payload_campaign.py,2796,B71F69382B0BD9DE0303B3DBFE9448EECD19997D983DC3B03AD8963394D94186
repository,research/icsec2026/provenance/20260830_023830/source_state/untracked_source_copies/research/icsec2026/injector/test_sha256_inventory.py,1470,CD752046C8F51EEE13880C786184BE86BAA1E14095C205D8DA8A7775BEB4EBFB
repository,research/icsec2026/provenance/20260830_023830/source_state/untracked_source_inventory.csv,2547,6162BFF8084A9965B052FDC651137C65B57ED9912FEE8B39D5E608378486E6D1
repository,research/icsec2026/provenance/20260830_023830/toolchain/command_versions.json,16958,2EF517C4B0A4429A18798B40B6E835C8C075AAB057061A5D1174D0A540395CE6
repository,research/icsec2026/provenance/20260830_023830/toolchain/executable_hashes.json,1311,A20E66D59A524D2500AA1F14E63ADD760F87EF5B80E64AE05ED9FE505A141A8E
repository,research/icsec2026/provenance/20260830_023830/toolchain/host.json,371,9552EC09F4AE176A5CAB89477304F133D20581B37CFA17FC436FC572C5E96F4A
repository,research/icsec2026/provenance/20260830_023830/toolchain/package_lists_utf8.json,20577,FD670C28DEB76908A31A95AF4B948FD4CD1261114985FC12D57D026BE02634A0
repository,research/icsec2026/provenance/20260830_023830/toolchain/package_metadata/01_ststm32_platform.json,11703,8C4A890EE07CEEE4A13E79E9BA0CF2679F464DF5917594549A0E7BC716BD0871
repository,research/icsec2026/provenance/20260830_023830/toolchain/package_metadata/02_framework-stm32cubeg4_package.json,560,A8E23E39AFC410F06650A897183ED6A7639A55176AEBED1623AB7FDF9EC1F0AB
repository,research/icsec2026/provenance/20260830_023830/toolchain/package_metadata/03_toolchain-gccarmnoneeabi_package.json,495,7382239FD97C7BFA3D7821659E9C6828527184F7EC8592F80B54D5DA35DB4CEE
repository,research/icsec2026/provenance/20260830_023830/toolchain/package_metadata/04_tool-openocd_package.json,575,4AC916D105AE65F6D6C5FD234D87045CC177D039B0EF47844FF25DB188F17501
repository,research/icsec2026/provenance/20260830_023830/toolchain/package_metadata_index.json,1202,C907FC8FAC4C217FCBAF759FAEE704F2D9B8790402D4770577D6AD4B845F6331
repository,research/icsec2026/provenance/20260830_023830/toolchain/selected_build_toolchain_1.70201.0.json,3320,44A60E541B241266D5582584425E3077B93693C66CD921F0D6BF9B405CEA0995
repository,research/icsec2026/runs/full_20260830_seed20260830_n30/DATASET_README.md,4426,CAC2D20356893F8636C0C83B78EDDE651C3940991AD9E93AC33DC3D589A1E064
repository,research/icsec2026/runs/full_20260830_seed20260830_n30/SHA256SUMS.csv,28602,DC7A2CD54F1CF1E3DA9E3F35DCACFD921E2F5D8828BF2411C4F7874252C5CCCD
repository,research/icsec2026/runs/full_20260830_seed20260830_n30/manifest.json,96745,10D966EE6F43BB70EAAFA713723F9C56EEDA51757E605BEB80A8578E0ABEE67F
repository,research/icsec2026/runs/full_20260830_seed20260830_n30/results.csv,29986,770FB1FEF5BFD6B529906B35CBA67D9BAC2887DED241EA38D8CB914A157478CE
repository,research/icsec2026/runs/full_20260830_seed20260830_n30/run_plan.csv,2806,08BCBDD505DA95460ABFADE719411409501DE7B6F40BE648B30CB4E986F051B7
repository,research/icsec2026/runs/full_20260830_seed20260830_n30/summary.json,3901,124554F98A93639B4C2C8C18A708DC14A1D5673823A4CD2F84DB0F563083E1CA
repository,research/icsec2026/runs/full_20260830_seed20260830_n30/validation.json,328,D06426EE043D32B032FA3267E7A8DDAB0AD345FD1F69807E93E9F47507BA84EB
repository,research/icsec2026/runs/n0_post_20260830_0224/manifest.json,711,5681822B48FD8B210BE10F3575F932D7D6FA0A311831B5BFC735AB4EED527031
repository,research/icsec2026/runs/n0_post_20260830_0224/validation.json,3408,B3EF1165183D2EEBB0049B11D006A602D2EE36AE5669BD8EA5E92BA091E095F1
repository,research/icsec2026/runs/n0_pre_20260830_0205/manifest.json,709,626E1F38687DF0514B14152B0D04CADA71A303CC43EC55A39F1BBEF7DAC88CC4
repository,research/icsec2026/runs/n0_pre_20260830_0205/validation.json,3329,872BA8EFD5E8F3505C6DEC62AFCAAC59A892D1ED407DDE67E7256B631FBEAA12
repository,research/icsec2026/runs/pilot_20260830_0140_seed431474/manifest.json,4696,8C95290EC0BD3C1A647F5789678987F978753AFD56F3C7BDA6F07FBA66EA191F
repository,research/icsec2026/runs/pilot_20260830_0140_seed431474/results.csv,1338,114816EAE253DE4F5724C65FA8B70C1F51546226E4A1B5CDD12FC848F407538B
repository,research/icsec2026/runs/pilot_20260830_0140_seed431474/run_plan.csv,152,A2F407916441F00747AFB54A8A053463F585D6B36A46E6CC95718BE54434DBCD
